run_id,compiler_id,contract,profile,tx_id,account,slot,expected,actual,match
solc-0.8.36-develop.2026.5.7,solc-0.8.36-develop.2026.5.7,0x83bc649fcdb2c8da146b2154a559ddedf937ef12,default,etherfi-requestWithdraw,0x308861a430be4cce5502d0a12724771fc6daf216,0x00000000000000000000000000000000000000000000000000000000000000ce,0x00000000000000000000000035fa164735182de50811e8e2e824cfb9b6118ac2,0x00000000000000000000000035fa164735182de50811e8e2e824cfb9b6118ac2,true
solc-0.8.36-develop.2026.5.7,solc-0.8.36-develop.2026.5.7,0x83bc649fcdb2c8da146b2154a559ddedf937ef12,default,etherfi-requestWithdraw,0x308861a430be4cce5502d0a12724771fc6daf216,0x00000000000000000000000000000000000000000000000000000000000000cf,0x00000000000008333bac79d17ef6a21d000000000001f06125a9bae7ab7e5dd5,0x00000000000008333bac79d17ef6a21d000000000001f06125a9bae7ab7e5dd5,true
solc-0.8.36-develop.2026.5.7,solc-0.8.36-develop.2026.5.7,0x83bc649fcdb2c8da146b2154a559ddedf937ef12,default,etherfi-requestWithdraw,0x308861a430be4cce5502d0a12724771fc6daf216,0x00000000000000000000000000000000000000000000000000000000000000d2,0x0000000000000000000000007d5706f6ef3f89b3951e23e557cdfbc3239d4e2c,0x0000000000000000000000007d5706f6ef3f89b3951e23e557cdfbc3239d4e2c,true
solc-0.8.36-develop.2026.5.7,solc-0.8.36-develop.2026.5.7,0x83bc649fcdb2c8da146b2154a559ddedf937ef12,default,etherfi-requestWithdraw,0x308861a430be4cce5502d0a12724771fc6daf216,0x00000000000000000000000000000000000000000000000000000000000000dc,0x00000000000000000000000000000000000000000002c1df57449a63e7137e01,0x00000000000000000000000000000000000000000002c1df57449a63e7137e01,true
solc-0.8.36-develop.2026.5.7,solc-0.8.36-develop.2026.5.7,0x83bc649fcdb2c8da146b2154a559ddedf937ef12,default,etherfi-requestWithdraw,0x308861a430be4cce5502d0a12724771fc6daf216,0x360894a13ba1a3210667c828492db98dca3e2076cc3735a920a3ca505d382bbc,0x00000000000000000000000083bc649fcdb2c8da146b2154a559ddedf937ef12,0x00000000000000000000000083bc649fcdb2c8da146b2154a559ddedf937ef12,true
solc-0.8.36-develop.2026.5.7,solc-0.8.36-develop.2026.5.7,0x83bc649fcdb2c8da146b2154a559ddedf937ef12,default,etherfi-requestWithdraw,0x35fa164735182de50811e8e2e824cfb9b6118ac2,0x00000000000000000000000000000000000000000000000000000000000000c9,0x000000000000000000000000308861a430be4cce5502d0a12724771fc6daf216,0x000000000000000000000000308861a430be4cce5502d0a12724771fc6daf216,true
solc-0.8.36-develop.2026.5.7,solc-0.8.36-develop.2026.5.7,0x83bc649fcdb2c8da146b2154a559ddedf937ef12,default,etherfi-requestWithdraw,0x35fa164735182de50811e8e2e824cfb9b6118ac2,0x00000000000000000000000000000000000000000000000000000000000000ca,0x00000000000000000000000000000000000000000001cd1a67b58cbdfee7a189,0x00000000000000000000000000000000000000000001cd1a67b58cbdfee7a189,true
solc-0.8.36-develop.2026.5.7,solc-0.8.36-develop.2026.5.7,0x83bc649fcdb2c8da146b2154a559ddedf937ef12,default,etherfi-requestWithdraw,0x35fa164735182de50811e8e2e824cfb9b6118ac2,0x0ef6c3f3c5910a8d183e45e06e5ec092b21868d320eb827d770f64bbe6fdb017,0x0000000000000000000000000000000000000000000000000000000000000001,0x0000000000000000000000000000000000000000000000000000000000000001,true
solc-0.8.36-develop.2026.5.7,solc-0.8.36-develop.2026.5.7,0x83bc649fcdb2c8da146b2154a559ddedf937ef12,default,etherfi-requestWithdraw,0x35fa164735182de50811e8e2e824cfb9b6118ac2,0x360894a13ba1a3210667c828492db98dca3e2076cc3735a920a3ca505d382bbc,0x000000000000000000000000cb3d917a965a70214f430a135154cd5adda2ad84,0x000000000000000000000000cb3d917a965a70214f430a135154cd5adda2ad84,true
solc-0.8.36-develop.2026.5.7,solc-0.8.36-develop.2026.5.7,0x83bc649fcdb2c8da146b2154a559ddedf937ef12,default,etherfi-requestWithdraw,0x35fa164735182de50811e8e2e824cfb9b6118ac2,0x59c1a1955394acbf52bb8ca64f57a31d7b9435b40de8cd869c7275047d71b738,0x0000000000000000000000000000000000287677ba64e85889064ba784a590ba,0x0000000000000000000000000000000000287677ba64e85889064ba784a590ba,true
solc-0.8.36-develop.2026.5.7,solc-0.8.36-develop.2026.5.7,0x83bc649fcdb2c8da146b2154a559ddedf937ef12,default,etherfi-requestWithdraw,0x35fa164735182de50811e8e2e824cfb9b6118ac2,0xe8a9e706f5a405e2700d401a91a62f4e3e1ea03f51b56ceccf16c38f36e1df3f,0x000000000000000000000000000000000000000000001a735c2d1849454bff7c,0x000000000000000000000000000000000000000000001a735c2d1849454bff7c,true
solc-0.8.36-develop.2026.5.7,solc-0.8.36-develop.2026.5.7,0x83bc649fcdb2c8da146b2154a559ddedf937ef12,default,etherfi-requestWithdraw,0x7d5706f6ef3f89b3951e23e557cdfbc3239d4e2c,0x000000000000000000000000000000000000000000000000000000000000012d,0x000000000000000000000000308861a430be4cce5502d0a12724771fc6daf216,0x000000000000000000000000308861a430be4cce5502d0a12724771fc6daf216,true
solc-0.8.36-develop.2026.5.7,solc-0.8.36-develop.2026.5.7,0x83bc649fcdb2c8da146b2154a559ddedf937ef12,default,etherfi-requestWithdraw,0x7d5706f6ef3f89b3951e23e557cdfbc3239d4e2c,0x0000000000000000000000000000000000000000000000000000000000000132,0x0000000000000000000000000000f0040000f0050000271000012dc700012ffb,0x0000000000000000000000000000f0040000f0050000271000012dc700012ffb,true
solc-0.8.36-develop.2026.5.7,solc-0.8.36-develop.2026.5.7,0x83bc649fcdb2c8da146b2154a559ddedf937ef12,default,etherfi-requestWithdraw,0x7d5706f6ef3f89b3951e23e557cdfbc3239d4e2c,0x0000000000000000000000000000000000000000000000000000000000000135,0x000000000000000000000062247d29b4b9becf4bb73e0c722cf6445cfc7ce900,0x000000000000000000000062247d29b4b9becf4bb73e0c722cf6445cfc7ce900,true
solc-0.8.36-develop.2026.5.7,solc-0.8.36-develop.2026.5.7,0x83bc649fcdb2c8da146b2154a559ddedf937ef12,default,etherfi-requestWithdraw,0x7d5706f6ef3f89b3951e23e557cdfbc3239d4e2c,0x2622bf106a1cb5f808523b93f9bd0729afc2359dcd35bf8e1b421936241120aa,0x00000000000000000000000076ac35f211ea38ea258816c3e87749753358fd69,0x00000000000000000000000076ac35f211ea38ea258816c3e87749753358fd69,true
solc-0.8.36-develop.2026.5.7,solc-0.8.36-develop.2026.5.7,0x83bc649fcdb2c8da146b2154a559ddedf937ef12,default,etherfi-requestWithdraw,0x7d5706f6ef3f89b3951e23e557cdfbc3239d4e2c,0x360894a13ba1a3210667c828492db98dca3e2076cc3735a920a3ca505d382bbc,0x0000000000000000000000002f4a5921fcab46f1f3154e8b42fc189e08fae3ed,0x0000000000000000000000002f4a5921fcab46f1f3154e8b42fc189e08fae3ed,true
solc-0.8.36-develop.2026.5.7,solc-0.8.36-develop.2026.5.7,0x83bc649fcdb2c8da146b2154a559ddedf937ef12,default,etherfi-requestWithdraw,0x7d5706f6ef3f89b3951e23e557cdfbc3239d4e2c,0x8eac9a2ad80137fa367a5b6ddaba4eef0fd5a8a6c60b2d40c8ba1b8ac01f45de,0x0000000000000000000000000000000000000000000000000000000000000001,0x0000000000000000000000000000000000000000000000000000000000000001,true
solc-0.8.36-develop.2026.5.7,solc-0.8.36-develop.2026.5.7,0x83bc649fcdb2c8da146b2154a559ddedf937ef12,default,etherfi-requestWithdraw,0x7d5706f6ef3f89b3951e23e557cdfbc3239d4e2c,0xb85e35f526cdd69a42509231c7d680b688e497e7e2cc6aa2e883bf7636f11620,0x00000000000000010000000001c576e4377f2e0e0000000001f0387c37ead367,0x00000000000000010000000001c576e4377f2e0e0000000001f0387c37ead367,true
solc-0.8.36-develop.2026.5.7,solc-0.8.36-develop.2026.5.7,0x83bc649fcdb2c8da146b2154a559ddedf937ef12,optimized,etherfi-requestWithdraw,0x308861a430be4cce5502d0a12724771fc6daf216,0x00000000000000000000000000000000000000000000000000000000000000ce,0x00000000000000000000000035fa164735182de50811e8e2e824cfb9b6118ac2,0x00000000000000000000000035fa164735182de50811e8e2e824cfb9b6118ac2,true
solc-0.8.36-develop.2026.5.7,solc-0.8.36-develop.2026.5.7,0x83bc649fcdb2c8da146b2154a559ddedf937ef12,optimized,etherfi-requestWithdraw,0x308861a430be4cce5502d0a12724771fc6daf216,0x00000000000000000000000000000000000000000000000000000000000000cf,0x00000000000008333bac79d17ef6a21d000000000001f06125a9bae7ab7e5dd5,0x00000000000008333bac79d17ef6a21d000000000001f06125a9bae7ab7e5dd5,true
solc-0.8.36-develop.2026.5.7,solc-0.8.36-develop.2026.5.7,0x83bc649fcdb2c8da146b2154a559ddedf937ef12,optimized,etherfi-requestWithdraw,0x308861a430be4cce5502d0a12724771fc6daf216,0x00000000000000000000000000000000000000000000000000000000000000d2,0x0000000000000000000000007d5706f6ef3f89b3951e23e557cdfbc3239d4e2c,0x0000000000000000000000007d5706f6ef3f89b3951e23e557cdfbc3239d4e2c,true
solc-0.8.36-develop.2026.5.7,solc-0.8.36-develop.2026.5.7,0x83bc649fcdb2c8da146b2154a559ddedf937ef12,optimized,etherfi-requestWithdraw,0x308861a430be4cce5502d0a12724771fc6daf216,0x00000000000000000000000000000000000000000000000000000000000000dc,0x00000000000000000000000000000000000000000002c1df57449a63e7137e01,0x00000000000000000000000000000000000000000002c1df57449a63e7137e01,true
solc-0.8.36-develop.2026.5.7,solc-0.8.36-develop.2026.5.7,0x83bc649fcdb2c8da146b2154a559ddedf937ef12,optimized,etherfi-requestWithdraw,0x308861a430be4cce5502d0a12724771fc6daf216,0x360894a13ba1a3210667c828492db98dca3e2076cc3735a920a3ca505d382bbc,0x00000000000000000000000083bc649fcdb2c8da146b2154a559ddedf937ef12,0x00000000000000000000000083bc649fcdb2c8da146b2154a559ddedf937ef12,true
solc-0.8.36-develop.2026.5.7,solc-0.8.36-develop.2026.5.7,0x83bc649fcdb2c8da146b2154a559ddedf937ef12,optimized,etherfi-requestWithdraw,0x35fa164735182de50811e8e2e824cfb9b6118ac2,0x00000000000000000000000000000000000000000000000000000000000000c9,0x000000000000000000000000308861a430be4cce5502d0a12724771fc6daf216,0x000000000000000000000000308861a430be4cce5502d0a12724771fc6daf216,true
solc-0.8.36-develop.2026.5.7,solc-0.8.36-develop.2026.5.7,0x83bc649fcdb2c8da146b2154a559ddedf937ef12,optimized,etherfi-requestWithdraw,0x35fa164735182de50811e8e2e824cfb9b6118ac2,0x00000000000000000000000000000000000000000000000000000000000000ca,0x00000000000000000000000000000000000000000001cd1a67b58cbdfee7a189,0x00000000000000000000000000000000000000000001cd1a67b58cbdfee7a189,true
solc-0.8.36-develop.2026.5.7,solc-0.8.36-develop.2026.5.7,0x83bc649fcdb2c8da146b2154a559ddedf937ef12,optimized,etherfi-requestWithdraw,0x35fa164735182de50811e8e2e824cfb9b6118ac2,0x0ef6c3f3c5910a8d183e45e06e5ec092b21868d320eb827d770f64bbe6fdb017,0x0000000000000000000000000000000000000000000000000000000000000001,0x0000000000000000000000000000000000000000000000000000000000000001,true
solc-0.8.36-develop.2026.5.7,solc-0.8.36-develop.2026.5.7,0x83bc649fcdb2c8da146b2154a559ddedf937ef12,optimized,etherfi-requestWithdraw,0x35fa164735182de50811e8e2e824cfb9b6118ac2,0x360894a13ba1a3210667c828492db98dca3e2076cc3735a920a3ca505d382bbc,0x000000000000000000000000cb3d917a965a70214f430a135154cd5adda2ad84,0x000000000000000000000000cb3d917a965a70214f430a135154cd5adda2ad84,true
solc-0.8.36-develop.2026.5.7,solc-0.8.36-develop.2026.5.7,0x83bc649fcdb2c8da146b2154a559ddedf937ef12,optimized,etherfi-requestWithdraw,0x35fa164735182de50811e8e2e824cfb9b6118ac2,0x59c1a1955394acbf52bb8ca64f57a31d7b9435b40de8cd869c7275047d71b738,0x0000000000000000000000000000000000287677ba64e85889064ba784a590ba,0x0000000000000000000000000000000000287677ba64e85889064ba784a590ba,true
solc-0.8.36-develop.2026.5.7,solc-0.8.36-develop.2026.5.7,0x83bc649fcdb2c8da146b2154a559ddedf937ef12,optimized,etherfi-requestWithdraw,0x35fa164735182de50811e8e2e824cfb9b6118ac2,0xe8a9e706f5a405e2700d401a91a62f4e3e1ea03f51b56ceccf16c38f36e1df3f,0x000000000000000000000000000000000000000000001a735c2d1849454bff7c,0x000000000000000000000000000000000000000000001a735c2d1849454bff7c,true
solc-0.8.36-develop.2026.5.7,solc-0.8.36-develop.2026.5.7,0x83bc649fcdb2c8da146b2154a559ddedf937ef12,optimized,etherfi-requestWithdraw,0x7d5706f6ef3f89b3951e23e557cdfbc3239d4e2c,0x000000000000000000000000000000000000000000000000000000000000012d,0x000000000000000000000000308861a430be4cce5502d0a12724771fc6daf216,0x000000000000000000000000308861a430be4cce5502d0a12724771fc6daf216,true
solc-0.8.36-develop.2026.5.7,solc-0.8.36-develop.2026.5.7,0x83bc649fcdb2c8da146b2154a559ddedf937ef12,optimized,etherfi-requestWithdraw,0x7d5706f6ef3f89b3951e23e557cdfbc3239d4e2c,0x0000000000000000000000000000000000000000000000000000000000000132,0x0000000000000000000000000000f0040000f0050000271000012dc700012ffb,0x0000000000000000000000000000f0040000f0050000271000012dc700012ffb,true
solc-0.8.36-develop.2026.5.7,solc-0.8.36-develop.2026.5.7,0x83bc649fcdb2c8da146b2154a559ddedf937ef12,optimized,etherfi-requestWithdraw,0x7d5706f6ef3f89b3951e23e557cdfbc3239d4e2c,0x0000000000000000000000000000000000000000000000000000000000000135,0x000000000000000000000062247d29b4b9becf4bb73e0c722cf6445cfc7ce900,0x000000000000000000000062247d29b4b9becf4bb73e0c722cf6445cfc7ce900,true
solc-0.8.36-develop.2026.5.7,solc-0.8.36-develop.2026.5.7,0x83bc649fcdb2c8da146b2154a559ddedf937ef12,optimized,etherfi-requestWithdraw,0x7d5706f6ef3f89b3951e23e557cdfbc3239d4e2c,0x2622bf106a1cb5f808523b93f9bd0729afc2359dcd35bf8e1b421936241120aa,0x00000000000000000000000076ac35f211ea38ea258816c3e87749753358fd69,0x00000000000000000000000076ac35f211ea38ea258816c3e87749753358fd69,true
solc-0.8.36-develop.2026.5.7,solc-0.8.36-develop.2026.5.7,0x83bc649fcdb2c8da146b2154a559ddedf937ef12,optimized,etherfi-requestWithdraw,0x7d5706f6ef3f89b3951e23e557cdfbc3239d4e2c,0x360894a13ba1a3210667c828492db98dca3e2076cc3735a920a3ca505d382bbc,0x0000000000000000000000002f4a5921fcab46f1f3154e8b42fc189e08fae3ed,0x0000000000000000000000002f4a5921fcab46f1f3154e8b42fc189e08fae3ed,true
solc-0.8.36-develop.2026.5.7,solc-0.8.36-develop.2026.5.7,0x83bc649fcdb2c8da146b2154a559ddedf937ef12,optimized,etherfi-requestWithdraw,0x7d5706f6ef3f89b3951e23e557cdfbc3239d4e2c,0x8eac9a2ad80137fa367a5b6ddaba4eef0fd5a8a6c60b2d40c8ba1b8ac01f45de,0x0000000000000000000000000000000000000000000000000000000000000001,0x0000000000000000000000000000000000000000000000000000000000000001,true
solc-0.8.36-develop.2026.5.7,solc-0.8.36-develop.2026.5.7,0x83bc649fcdb2c8da146b2154a559ddedf937ef12,optimized,etherfi-requestWithdraw,0x7d5706f6ef3f89b3951e23e557cdfbc3239d4e2c,0xb85e35f526cdd69a42509231c7d680b688e497e7e2cc6aa2e883bf7636f11620,0x00000000000000010000000001c576e4377f2e0e0000000001f0387c37ead367,0x00000000000000010000000001c576e4377f2e0e0000000001f0387c37ead367,true
solc-0.8.36-develop.2026.5.7,solc-0.8.36-develop.2026.5.7,0x83bc649fcdb2c8da146b2154a559ddedf937ef12,optimized-high-runs,etherfi-requestWithdraw,0x308861a430be4cce5502d0a12724771fc6daf216,0x00000000000000000000000000000000000000000000000000000000000000ce,0x00000000000000000000000035fa164735182de50811e8e2e824cfb9b6118ac2,0x00000000000000000000000035fa164735182de50811e8e2e824cfb9b6118ac2,true
solc-0.8.36-develop.2026.5.7,solc-0.8.36-develop.2026.5.7,0x83bc649fcdb2c8da146b2154a559ddedf937ef12,optimized-high-runs,etherfi-requestWithdraw,0x308861a430be4cce5502d0a12724771fc6daf216,0x00000000000000000000000000000000000000000000000000000000000000cf,0x00000000000008333bac79d17ef6a21d000000000001f06125a9bae7ab7e5dd5,0x00000000000008333bac79d17ef6a21d000000000001f06125a9bae7ab7e5dd5,true
solc-0.8.36-develop.2026.5.7,solc-0.8.36-develop.2026.5.7,0x83bc649fcdb2c8da146b2154a559ddedf937ef12,optimized-high-runs,etherfi-requestWithdraw,0x308861a430be4cce5502d0a12724771fc6daf216,0x00000000000000000000000000000000000000000000000000000000000000d2,0x0000000000000000000000007d5706f6ef3f89b3951e23e557cdfbc3239d4e2c,0x0000000000000000000000007d5706f6ef3f89b3951e23e557cdfbc3239d4e2c,true
solc-0.8.36-develop.2026.5.7,solc-0.8.36-develop.2026.5.7,0x83bc649fcdb2c8da146b2154a559ddedf937ef12,optimized-high-runs,etherfi-requestWithdraw,0x308861a430be4cce5502d0a12724771fc6daf216,0x00000000000000000000000000000000000000000000000000000000000000dc,0x00000000000000000000000000000000000000000002c1df57449a63e7137e01,0x00000000000000000000000000000000000000000002c1df57449a63e7137e01,true
solc-0.8.36-develop.2026.5.7,solc-0.8.36-develop.2026.5.7,0x83bc649fcdb2c8da146b2154a559ddedf937ef12,optimized-high-runs,etherfi-requestWithdraw,0x308861a430be4cce5502d0a12724771fc6daf216,0x360894a13ba1a3210667c828492db98dca3e2076cc3735a920a3ca505d382bbc,0x00000000000000000000000083bc649fcdb2c8da146b2154a559ddedf937ef12,0x00000000000000000000000083bc649fcdb2c8da146b2154a559ddedf937ef12,true
solc-0.8.36-develop.2026.5.7,solc-0.8.36-develop.2026.5.7,0x83bc649fcdb2c8da146b2154a559ddedf937ef12,optimized-high-runs,etherfi-requestWithdraw,0x35fa164735182de50811e8e2e824cfb9b6118ac2,0x00000000000000000000000000000000000000000000000000000000000000c9,0x000000000000000000000000308861a430be4cce5502d0a12724771fc6daf216,0x000000000000000000000000308861a430be4cce5502d0a12724771fc6daf216,true
solc-0.8.36-develop.2026.5.7,solc-0.8.36-develop.2026.5.7,0x83bc649fcdb2c8da146b2154a559ddedf937ef12,optimized-high-runs,etherfi-requestWithdraw,0x35fa164735182de50811e8e2e824cfb9b6118ac2,0x00000000000000000000000000000000000000000000000000000000000000ca,0x00000000000000000000000000000000000000000001cd1a67b58cbdfee7a189,0x00000000000000000000000000000000000000000001cd1a67b58cbdfee7a189,true
solc-0.8.36-develop.2026.5.7,solc-0.8.36-develop.2026.5.7,0x83bc649fcdb2c8da146b2154a559ddedf937ef12,optimized-high-runs,etherfi-requestWithdraw,0x35fa164735182de50811e8e2e824cfb9b6118ac2,0x0ef6c3f3c5910a8d183e45e06e5ec092b21868d320eb827d770f64bbe6fdb017,0x0000000000000000000000000000000000000000000000000000000000000001,0x0000000000000000000000000000000000000000000000000000000000000001,true
solc-0.8.36-develop.2026.5.7,solc-0.8.36-develop.2026.5.7,0x83bc649fcdb2c8da146b2154a559ddedf937ef12,optimized-high-runs,etherfi-requestWithdraw,0x35fa164735182de50811e8e2e824cfb9b6118ac2,0x360894a13ba1a3210667c828492db98dca3e2076cc3735a920a3ca505d382bbc,0x000000000000000000000000cb3d917a965a70214f430a135154cd5adda2ad84,0x000000000000000000000000cb3d917a965a70214f430a135154cd5adda2ad84,true
solc-0.8.36-develop.2026.5.7,solc-0.8.36-develop.2026.5.7,0x83bc649fcdb2c8da146b2154a559ddedf937ef12,optimized-high-runs,etherfi-requestWithdraw,0x35fa164735182de50811e8e2e824cfb9b6118ac2,0x59c1a1955394acbf52bb8ca64f57a31d7b9435b40de8cd869c7275047d71b738,0x0000000000000000000000000000000000287677ba64e85889064ba784a590ba,0x0000000000000000000000000000000000287677ba64e85889064ba784a590ba,true
solc-0.8.36-develop.2026.5.7,solc-0.8.36-develop.2026.5.7,0x83bc649fcdb2c8da146b2154a559ddedf937ef12,optimized-high-runs,etherfi-requestWithdraw,0x35fa164735182de50811e8e2e824cfb9b6118ac2,0xe8a9e706f5a405e2700d401a91a62f4e3e1ea03f51b56ceccf16c38f36e1df3f,0x000000000000000000000000000000000000000000001a735c2d1849454bff7c,0x000000000000000000000000000000000000000000001a735c2d1849454bff7c,true
solc-0.8.36-develop.2026.5.7,solc-0.8.36-develop.2026.5.7,0x83bc649fcdb2c8da146b2154a559ddedf937ef12,optimized-high-runs,etherfi-requestWithdraw,0x7d5706f6ef3f89b3951e23e557cdfbc3239d4e2c,0x000000000000000000000000000000000000000000000000000000000000012d,0x000000000000000000000000308861a430be4cce5502d0a12724771fc6daf216,0x000000000000000000000000308861a430be4cce5502d0a12724771fc6daf216,true
solc-0.8.36-develop.2026.5.7,solc-0.8.36-develop.2026.5.7,0x83bc649fcdb2c8da146b2154a559ddedf937ef12,optimized-high-runs,etherfi-requestWithdraw,0x7d5706f6ef3f89b3951e23e557cdfbc3239d4e2c,0x0000000000000000000000000000000000000000000000000000000000000132,0x0000000000000000000000000000f0040000f0050000271000012dc700012ffb,0x0000000000000000000000000000f0040000f0050000271000012dc700012ffb,true
solc-0.8.36-develop.2026.5.7,solc-0.8.36-develop.2026.5.7,0x83bc649fcdb2c8da146b2154a559ddedf937ef12,optimized-high-runs,etherfi-requestWithdraw,0x7d5706f6ef3f89b3951e23e557cdfbc3239d4e2c,0x0000000000000000000000000000000000000000000000000000000000000135,0x000000000000000000000062247d29b4b9becf4bb73e0c722cf6445cfc7ce900,0x000000000000000000000062247d29b4b9becf4bb73e0c722cf6445cfc7ce900,true
solc-0.8.36-develop.2026.5.7,solc-0.8.36-develop.2026.5.7,0x83bc649fcdb2c8da146b2154a559ddedf937ef12,optimized-high-runs,etherfi-requestWithdraw,0x7d5706f6ef3f89b3951e23e557cdfbc3239d4e2c,0x2622bf106a1cb5f808523b93f9bd0729afc2359dcd35bf8e1b421936241120aa,0x00000000000000000000000076ac35f211ea38ea258816c3e87749753358fd69,0x00000000000000000000000076ac35f211ea38ea258816c3e87749753358fd69,true
solc-0.8.36-develop.2026.5.7,solc-0.8.36-develop.2026.5.7,0x83bc649fcdb2c8da146b2154a559ddedf937ef12,optimized-high-runs,etherfi-requestWithdraw,0x7d5706f6ef3f89b3951e23e557cdfbc3239d4e2c,0x360894a13ba1a3210667c828492db98dca3e2076cc3735a920a3ca505d382bbc,0x0000000000000000000000002f4a5921fcab46f1f3154e8b42fc189e08fae3ed,0x0000000000000000000000002f4a5921fcab46f1f3154e8b42fc189e08fae3ed,true
solc-0.8.36-develop.2026.5.7,solc-0.8.36-develop.2026.5.7,0x83bc649fcdb2c8da146b2154a559ddedf937ef12,optimized-high-runs,etherfi-requestWithdraw,0x7d5706f6ef3f89b3951e23e557cdfbc3239d4e2c,0x8eac9a2ad80137fa367a5b6ddaba4eef0fd5a8a6c60b2d40c8ba1b8ac01f45de,0x0000000000000000000000000000000000000000000000000000000000000001,0x0000000000000000000000000000000000000000000000000000000000000001,true
solc-0.8.36-develop.2026.5.7,solc-0.8.36-develop.2026.5.7,0x83bc649fcdb2c8da146b2154a559ddedf937ef12,optimized-high-runs,etherfi-requestWithdraw,0x7d5706f6ef3f89b3951e23e557cdfbc3239d4e2c,0xb85e35f526cdd69a42509231c7d680b688e497e7e2cc6aa2e883bf7636f11620,0x00000000000000010000000001c576e4377f2e0e0000000001f0387c37ead367,0x00000000000000010000000001c576e4377f2e0e0000000001f0387c37ead367,true
solc-0.8.36-develop.2026.5.7,solc-0.8.36-develop.2026.5.7,0x83bc649fcdb2c8da146b2154a559ddedf937ef12,optimized-low-runs,etherfi-requestWithdraw,0x308861a430be4cce5502d0a12724771fc6daf216,0x00000000000000000000000000000000000000000000000000000000000000ce,0x00000000000000000000000035fa164735182de50811e8e2e824cfb9b6118ac2,0x00000000000000000000000035fa164735182de50811e8e2e824cfb9b6118ac2,true
solc-0.8.36-develop.2026.5.7,solc-0.8.36-develop.2026.5.7,0x83bc649fcdb2c8da146b2154a559ddedf937ef12,optimized-low-runs,etherfi-requestWithdraw,0x308861a430be4cce5502d0a12724771fc6daf216,0x00000000000000000000000000000000000000000000000000000000000000cf,0x00000000000008333bac79d17ef6a21d000000000001f06125a9bae7ab7e5dd5,0x00000000000008333bac79d17ef6a21d000000000001f06125a9bae7ab7e5dd5,true
solc-0.8.36-develop.2026.5.7,solc-0.8.36-develop.2026.5.7,0x83bc649fcdb2c8da146b2154a559ddedf937ef12,optimized-low-runs,etherfi-requestWithdraw,0x308861a430be4cce5502d0a12724771fc6daf216,0x00000000000000000000000000000000000000000000000000000000000000d2,0x0000000000000000000000007d5706f6ef3f89b3951e23e557cdfbc3239d4e2c,0x0000000000000000000000007d5706f6ef3f89b3951e23e557cdfbc3239d4e2c,true
solc-0.8.36-develop.2026.5.7,solc-0.8.36-develop.2026.5.7,0x83bc649fcdb2c8da146b2154a559ddedf937ef12,optimized-low-runs,etherfi-requestWithdraw,0x308861a430be4cce5502d0a12724771fc6daf216,0x00000000000000000000000000000000000000000000000000000000000000dc,0x00000000000000000000000000000000000000000002c1df57449a63e7137e01,0x00000000000000000000000000000000000000000002c1df57449a63e7137e01,true
solc-0.8.36-develop.2026.5.7,solc-0.8.36-develop.2026.5.7,0x83bc649fcdb2c8da146b2154a559ddedf937ef12,optimized-low-runs,etherfi-requestWithdraw,0x308861a430be4cce5502d0a12724771fc6daf216,0x360894a13ba1a3210667c828492db98dca3e2076cc3735a920a3ca505d382bbc,0x00000000000000000000000083bc649fcdb2c8da146b2154a559ddedf937ef12,0x00000000000000000000000083bc649fcdb2c8da146b2154a559ddedf937ef12,true
solc-0.8.36-develop.2026.5.7,solc-0.8.36-develop.2026.5.7,0x83bc649fcdb2c8da146b2154a559ddedf937ef12,optimized-low-runs,etherfi-requestWithdraw,0x35fa164735182de50811e8e2e824cfb9b6118ac2,0x00000000000000000000000000000000000000000000000000000000000000c9,0x000000000000000000000000308861a430be4cce5502d0a12724771fc6daf216,0x000000000000000000000000308861a430be4cce5502d0a12724771fc6daf216,true
solc-0.8.36-develop.2026.5.7,solc-0.8.36-develop.2026.5.7,0x83bc649fcdb2c8da146b2154a559ddedf937ef12,optimized-low-runs,etherfi-requestWithdraw,0x35fa164735182de50811e8e2e824cfb9b6118ac2,0x00000000000000000000000000000000000000000000000000000000000000ca,0x00000000000000000000000000000000000000000001cd1a67b58cbdfee7a189,0x00000000000000000000000000000000000000000001cd1a67b58cbdfee7a189,true
solc-0.8.36-develop.2026.5.7,solc-0.8.36-develop.2026.5.7,0x83bc649fcdb2c8da146b2154a559ddedf937ef12,optimized-low-runs,etherfi-requestWithdraw,0x35fa164735182de50811e8e2e824cfb9b6118ac2,0x0ef6c3f3c5910a8d183e45e06e5ec092b21868d320eb827d770f64bbe6fdb017,0x0000000000000000000000000000000000000000000000000000000000000001,0x0000000000000000000000000000000000000000000000000000000000000001,true
solc-0.8.36-develop.2026.5.7,solc-0.8.36-develop.2026.5.7,0x83bc649fcdb2c8da146b2154a559ddedf937ef12,optimized-low-runs,etherfi-requestWithdraw,0x35fa164735182de50811e8e2e824cfb9b6118ac2,0x360894a13ba1a3210667c828492db98dca3e2076cc3735a920a3ca505d382bbc,0x000000000000000000000000cb3d917a965a70214f430a135154cd5adda2ad84,0x000000000000000000000000cb3d917a965a70214f430a135154cd5adda2ad84,true
solc-0.8.36-develop.2026.5.7,solc-0.8.36-develop.2026.5.7,0x83bc649fcdb2c8da146b2154a559ddedf937ef12,optimized-low-runs,etherfi-requestWithdraw,0x35fa164735182de50811e8e2e824cfb9b6118ac2,0x59c1a1955394acbf52bb8ca64f57a31d7b9435b40de8cd869c7275047d71b738,0x0000000000000000000000000000000000287677ba64e85889064ba784a590ba,0x0000000000000000000000000000000000287677ba64e85889064ba784a590ba,true
solc-0.8.36-develop.2026.5.7,solc-0.8.36-develop.2026.5.7,0x83bc649fcdb2c8da146b2154a559ddedf937ef12,optimized-low-runs,etherfi-requestWithdraw,0x35fa164735182de50811e8e2e824cfb9b6118ac2,0xe8a9e706f5a405e2700d401a91a62f4e3e1ea03f51b56ceccf16c38f36e1df3f,0x000000000000000000000000000000000000000000001a735c2d1849454bff7c,0x000000000000000000000000000000000000000000001a735c2d1849454bff7c,true
solc-0.8.36-develop.2026.5.7,solc-0.8.36-develop.2026.5.7,0x83bc649fcdb2c8da146b2154a559ddedf937ef12,optimized-low-runs,etherfi-requestWithdraw,0x7d5706f6ef3f89b3951e23e557cdfbc3239d4e2c,0x000000000000000000000000000000000000000000000000000000000000012d,0x000000000000000000000000308861a430be4cce5502d0a12724771fc6daf216,0x000000000000000000000000308861a430be4cce5502d0a12724771fc6daf216,true
solc-0.8.36-develop.2026.5.7,solc-0.8.36-develop.2026.5.7,0x83bc649fcdb2c8da146b2154a559ddedf937ef12,optimized-low-runs,etherfi-requestWithdraw,0x7d5706f6ef3f89b3951e23e557cdfbc3239d4e2c,0x0000000000000000000000000000000000000000000000000000000000000132,0x0000000000000000000000000000f0040000f0050000271000012dc700012ffb,0x0000000000000000000000000000f0040000f0050000271000012dc700012ffb,true
solc-0.8.36-develop.2026.5.7,solc-0.8.36-develop.2026.5.7,0x83bc649fcdb2c8da146b2154a559ddedf937ef12,optimized-low-runs,etherfi-requestWithdraw,0x7d5706f6ef3f89b3951e23e557cdfbc3239d4e2c,0x0000000000000000000000000000000000000000000000000000000000000135,0x000000000000000000000062247d29b4b9becf4bb73e0c722cf6445cfc7ce900,0x000000000000000000000062247d29b4b9becf4bb73e0c722cf6445cfc7ce900,true
solc-0.8.36-develop.2026.5.7,solc-0.8.36-develop.2026.5.7,0x83bc649fcdb2c8da146b2154a559ddedf937ef12,optimized-low-runs,etherfi-requestWithdraw,0x7d5706f6ef3f89b3951e23e557cdfbc3239d4e2c,0x2622bf106a1cb5f808523b93f9bd0729afc2359dcd35bf8e1b421936241120aa,0x00000000000000000000000076ac35f211ea38ea258816c3e87749753358fd69,0x00000000000000000000000076ac35f211ea38ea258816c3e87749753358fd69,true
solc-0.8.36-develop.2026.5.7,solc-0.8.36-develop.2026.5.7,0x83bc649fcdb2c8da146b2154a559ddedf937ef12,optimized-low-runs,etherfi-requestWithdraw,0x7d5706f6ef3f89b3951e23e557cdfbc3239d4e2c,0x360894a13ba1a3210667c828492db98dca3e2076cc3735a920a3ca505d382bbc,0x0000000000000000000000002f4a5921fcab46f1f3154e8b42fc189e08fae3ed,0x0000000000000000000000002f4a5921fcab46f1f3154e8b42fc189e08fae3ed,true
solc-0.8.36-develop.2026.5.7,solc-0.8.36-develop.2026.5.7,0x83bc649fcdb2c8da146b2154a559ddedf937ef12,optimized-low-runs,etherfi-requestWithdraw,0x7d5706f6ef3f89b3951e23e557cdfbc3239d4e2c,0x8eac9a2ad80137fa367a5b6ddaba4eef0fd5a8a6c60b2d40c8ba1b8ac01f45de,0x0000000000000000000000000000000000000000000000000000000000000001,0x0000000000000000000000000000000000000000000000000000000000000001,true
solc-0.8.36-develop.2026.5.7,solc-0.8.36-develop.2026.5.7,0x83bc649fcdb2c8da146b2154a559ddedf937ef12,optimized-low-runs,etherfi-requestWithdraw,0x7d5706f6ef3f89b3951e23e557cdfbc3239d4e2c,0xb85e35f526cdd69a42509231c7d680b688e497e7e2cc6aa2e883bf7636f11620,0x00000000000000010000000001c576e4377f2e0e0000000001f0387c37ead367,0x00000000000000010000000001c576e4377f2e0e0000000001f0387c37ead367,true
solc-0.8.36-develop.2026.5.7,solc-0.8.36-develop.2026.5.7,0x83bc649fcdb2c8da146b2154a559ddedf937ef12,via-ir,etherfi-requestWithdraw,0x308861a430be4cce5502d0a12724771fc6daf216,0x00000000000000000000000000000000000000000000000000000000000000ce,0x00000000000000000000000035fa164735182de50811e8e2e824cfb9b6118ac2,0x00000000000000000000000035fa164735182de50811e8e2e824cfb9b6118ac2,true
solc-0.8.36-develop.2026.5.7,solc-0.8.36-develop.2026.5.7,0x83bc649fcdb2c8da146b2154a559ddedf937ef12,via-ir,etherfi-requestWithdraw,0x308861a430be4cce5502d0a12724771fc6daf216,0x00000000000000000000000000000000000000000000000000000000000000cf,0x00000000000008333bac79d17ef6a21d000000000001f06125a9bae7ab7e5dd5,0x00000000000008333bac79d17ef6a21d000000000001f06125a9bae7ab7e5dd5,true
solc-0.8.36-develop.2026.5.7,solc-0.8.36-develop.2026.5.7,0x83bc649fcdb2c8da146b2154a559ddedf937ef12,via-ir,etherfi-requestWithdraw,0x308861a430be4cce5502d0a12724771fc6daf216,0x00000000000000000000000000000000000000000000000000000000000000d2,0x0000000000000000000000007d5706f6ef3f89b3951e23e557cdfbc3239d4e2c,0x0000000000000000000000007d5706f6ef3f89b3951e23e557cdfbc3239d4e2c,true
solc-0.8.36-develop.2026.5.7,solc-0.8.36-develop.2026.5.7,0x83bc649fcdb2c8da146b2154a559ddedf937ef12,via-ir,etherfi-requestWithdraw,0x308861a430be4cce5502d0a12724771fc6daf216,0x00000000000000000000000000000000000000000000000000000000000000dc,0x00000000000000000000000000000000000000000002c1df57449a63e7137e01,0x00000000000000000000000000000000000000000002c1df57449a63e7137e01,true
solc-0.8.36-develop.2026.5.7,solc-0.8.36-develop.2026.5.7,0x83bc649fcdb2c8da146b2154a559ddedf937ef12,via-ir,etherfi-requestWithdraw,0x308861a430be4cce5502d0a12724771fc6daf216,0x360894a13ba1a3210667c828492db98dca3e2076cc3735a920a3ca505d382bbc,0x00000000000000000000000083bc649fcdb2c8da146b2154a559ddedf937ef12,0x00000000000000000000000083bc649fcdb2c8da146b2154a559ddedf937ef12,true
solc-0.8.36-develop.2026.5.7,solc-0.8.36-develop.2026.5.7,0x83bc649fcdb2c8da146b2154a559ddedf937ef12,via-ir,etherfi-requestWithdraw,0x35fa164735182de50811e8e2e824cfb9b6118ac2,0x00000000000000000000000000000000000000000000000000000000000000c9,0x000000000000000000000000308861a430be4cce5502d0a12724771fc6daf216,0x000000000000000000000000308861a430be4cce5502d0a12724771fc6daf216,true
solc-0.8.36-develop.2026.5.7,solc-0.8.36-develop.2026.5.7,0x83bc649fcdb2c8da146b2154a559ddedf937ef12,via-ir,etherfi-requestWithdraw,0x35fa164735182de50811e8e2e824cfb9b6118ac2,0x00000000000000000000000000000000000000000000000000000000000000ca,0x00000000000000000000000000000000000000000001cd1a67b58cbdfee7a189,0x00000000000000000000000000000000000000000001cd1a67b58cbdfee7a189,true
solc-0.8.36-develop.2026.5.7,solc-0.8.36-develop.2026.5.7,0x83bc649fcdb2c8da146b2154a559ddedf937ef12,via-ir,etherfi-requestWithdraw,0x35fa164735182de50811e8e2e824cfb9b6118ac2,0x0ef6c3f3c5910a8d183e45e06e5ec092b21868d320eb827d770f64bbe6fdb017,0x0000000000000000000000000000000000000000000000000000000000000001,0x0000000000000000000000000000000000000000000000000000000000000001,true
solc-0.8.36-develop.2026.5.7,solc-0.8.36-develop.2026.5.7,0x83bc649fcdb2c8da146b2154a559ddedf937ef12,via-ir,etherfi-requestWithdraw,0x35fa164735182de50811e8e2e824cfb9b6118ac2,0x360894a13ba1a3210667c828492db98dca3e2076cc3735a920a3ca505d382bbc,0x000000000000000000000000cb3d917a965a70214f430a135154cd5adda2ad84,0x000000000000000000000000cb3d917a965a70214f430a135154cd5adda2ad84,true
solc-0.8.36-develop.2026.5.7,solc-0.8.36-develop.2026.5.7,0x83bc649fcdb2c8da146b2154a559ddedf937ef12,via-ir,etherfi-requestWithdraw,0x35fa164735182de50811e8e2e824cfb9b6118ac2,0x59c1a1955394acbf52bb8ca64f57a31d7b9435b40de8cd869c7275047d71b738,0x0000000000000000000000000000000000287677ba64e85889064ba784a590ba,0x0000000000000000000000000000000000287677ba64e85889064ba784a590ba,true
solc-0.8.36-develop.2026.5.7,solc-0.8.36-develop.2026.5.7,0x83bc649fcdb2c8da146b2154a559ddedf937ef12,via-ir,etherfi-requestWithdraw,0x35fa164735182de50811e8e2e824cfb9b6118ac2,0xe8a9e706f5a405e2700d401a91a62f4e3e1ea03f51b56ceccf16c38f36e1df3f,0x000000000000000000000000000000000000000000001a735c2d1849454bff7c,0x000000000000000000000000000000000000000000001a735c2d1849454bff7c,true
solc-0.8.36-develop.2026.5.7,solc-0.8.36-develop.2026.5.7,0x83bc649fcdb2c8da146b2154a559ddedf937ef12,via-ir,etherfi-requestWithdraw,0x7d5706f6ef3f89b3951e23e557cdfbc3239d4e2c,0x000000000000000000000000000000000000000000000000000000000000012d,0x000000000000000000000000308861a430be4cce5502d0a12724771fc6daf216,0x000000000000000000000000308861a430be4cce5502d0a12724771fc6daf216,true
solc-0.8.36-develop.2026.5.7,solc-0.8.36-develop.2026.5.7,0x83bc649fcdb2c8da146b2154a559ddedf937ef12,via-ir,etherfi-requestWithdraw,0x7d5706f6ef3f89b3951e23e557cdfbc3239d4e2c,0x0000000000000000000000000000000000000000000000000000000000000132,0x0000000000000000000000000000f0040000f0050000271000012dc700012ffb,0x0000000000000000000000000000f0040000f0050000271000012dc700012ffb,true
solc-0.8.36-develop.2026.5.7,solc-0.8.36-develop.2026.5.7,0x83bc649fcdb2c8da146b2154a559ddedf937ef12,via-ir,etherfi-requestWithdraw,0x7d5706f6ef3f89b3951e23e557cdfbc3239d4e2c,0x0000000000000000000000000000000000000000000000000000000000000135,0x000000000000000000000062247d29b4b9becf4bb73e0c722cf6445cfc7ce900,0x000000000000000000000062247d29b4b9becf4bb73e0c722cf6445cfc7ce900,true
solc-0.8.36-develop.2026.5.7,solc-0.8.36-develop.2026.5.7,0x83bc649fcdb2c8da146b2154a559ddedf937ef12,via-ir,etherfi-requestWithdraw,0x7d5706f6ef3f89b3951e23e557cdfbc3239d4e2c,0x2622bf106a1cb5f808523b93f9bd0729afc2359dcd35bf8e1b421936241120aa,0x00000000000000000000000076ac35f211ea38ea258816c3e87749753358fd69,0x00000000000000000000000076ac35f211ea38ea258816c3e87749753358fd69,true
solc-0.8.36-develop.2026.5.7,solc-0.8.36-develop.2026.5.7,0x83bc649fcdb2c8da146b2154a559ddedf937ef12,via-ir,etherfi-requestWithdraw,0x7d5706f6ef3f89b3951e23e557cdfbc3239d4e2c,0x360894a13ba1a3210667c828492db98dca3e2076cc3735a920a3ca505d382bbc,0x0000000000000000000000002f4a5921fcab46f1f3154e8b42fc189e08fae3ed,0x0000000000000000000000002f4a5921fcab46f1f3154e8b42fc189e08fae3ed,true
solc-0.8.36-develop.2026.5.7,solc-0.8.36-develop.2026.5.7,0x83bc649fcdb2c8da146b2154a559ddedf937ef12,via-ir,etherfi-requestWithdraw,0x7d5706f6ef3f89b3951e23e557cdfbc3239d4e2c,0x8eac9a2ad80137fa367a5b6ddaba4eef0fd5a8a6c60b2d40c8ba1b8ac01f45de,0x0000000000000000000000000000000000000000000000000000000000000001,0x0000000000000000000000000000000000000000000000000000000000000001,true
solc-0.8.36-develop.2026.5.7,solc-0.8.36-develop.2026.5.7,0x83bc649fcdb2c8da146b2154a559ddedf937ef12,via-ir,etherfi-requestWithdraw,0x7d5706f6ef3f89b3951e23e557cdfbc3239d4e2c,0xb85e35f526cdd69a42509231c7d680b688e497e7e2cc6aa2e883bf7636f11620,0x00000000000000010000000001c576e4377f2e0e0000000001f0387c37ead367,0x00000000000000010000000001c576e4377f2e0e0000000001f0387c37ead367,true
solc-0.8.36-develop.2026.5.7,solc-0.8.36-develop.2026.5.7,0x83bc649fcdb2c8da146b2154a559ddedf937ef12,via-ir-high-runs,etherfi-requestWithdraw,0x308861a430be4cce5502d0a12724771fc6daf216,0x00000000000000000000000000000000000000000000000000000000000000ce,0x00000000000000000000000035fa164735182de50811e8e2e824cfb9b6118ac2,0x00000000000000000000000035fa164735182de50811e8e2e824cfb9b6118ac2,true
solc-0.8.36-develop.2026.5.7,solc-0.8.36-develop.2026.5.7,0x83bc649fcdb2c8da146b2154a559ddedf937ef12,via-ir-high-runs,etherfi-requestWithdraw,0x308861a430be4cce5502d0a12724771fc6daf216,0x00000000000000000000000000000000000000000000000000000000000000cf,0x00000000000008333bac79d17ef6a21d000000000001f06125a9bae7ab7e5dd5,0x00000000000008333bac79d17ef6a21d000000000001f06125a9bae7ab7e5dd5,true
solc-0.8.36-develop.2026.5.7,solc-0.8.36-develop.2026.5.7,0x83bc649fcdb2c8da146b2154a559ddedf937ef12,via-ir-high-runs,etherfi-requestWithdraw,0x308861a430be4cce5502d0a12724771fc6daf216,0x00000000000000000000000000000000000000000000000000000000000000d2,0x0000000000000000000000007d5706f6ef3f89b3951e23e557cdfbc3239d4e2c,0x0000000000000000000000007d5706f6ef3f89b3951e23e557cdfbc3239d4e2c,true
solc-0.8.36-develop.2026.5.7,solc-0.8.36-develop.2026.5.7,0x83bc649fcdb2c8da146b2154a559ddedf937ef12,via-ir-high-runs,etherfi-requestWithdraw,0x308861a430be4cce5502d0a12724771fc6daf216,0x00000000000000000000000000000000000000000000000000000000000000dc,0x00000000000000000000000000000000000000000002c1df57449a63e7137e01,0x00000000000000000000000000000000000000000002c1df57449a63e7137e01,true
solc-0.8.36-develop.2026.5.7,solc-0.8.36-develop.2026.5.7,0x83bc649fcdb2c8da146b2154a559ddedf937ef12,via-ir-high-runs,etherfi-requestWithdraw,0x308861a430be4cce5502d0a12724771fc6daf216,0x360894a13ba1a3210667c828492db98dca3e2076cc3735a920a3ca505d382bbc,0x00000000000000000000000083bc649fcdb2c8da146b2154a559ddedf937ef12,0x00000000000000000000000083bc649fcdb2c8da146b2154a559ddedf937ef12,true
solc-0.8.36-develop.2026.5.7,solc-0.8.36-develop.2026.5.7,0x83bc649fcdb2c8da146b2154a559ddedf937ef12,via-ir-high-runs,etherfi-requestWithdraw,0x35fa164735182de50811e8e2e824cfb9b6118ac2,0x00000000000000000000000000000000000000000000000000000000000000c9,0x000000000000000000000000308861a430be4cce5502d0a12724771fc6daf216,0x000000000000000000000000308861a430be4cce5502d0a12724771fc6daf216,true
solc-0.8.36-develop.2026.5.7,solc-0.8.36-develop.2026.5.7,0x83bc649fcdb2c8da146b2154a559ddedf937ef12,via-ir-high-runs,etherfi-requestWithdraw,0x35fa164735182de50811e8e2e824cfb9b6118ac2,0x00000000000000000000000000000000000000000000000000000000000000ca,0x00000000000000000000000000000000000000000001cd1a67b58cbdfee7a189,0x00000000000000000000000000000000000000000001cd1a67b58cbdfee7a189,true
solc-0.8.36-develop.2026.5.7,solc-0.8.36-develop.2026.5.7,0x83bc649fcdb2c8da146b2154a559ddedf937ef12,via-ir-high-runs,etherfi-requestWithdraw,0x35fa164735182de50811e8e2e824cfb9b6118ac2,0x0ef6c3f3c5910a8d183e45e06e5ec092b21868d320eb827d770f64bbe6fdb017,0x0000000000000000000000000000000000000000000000000000000000000001,0x0000000000000000000000000000000000000000000000000000000000000001,true
solc-0.8.36-develop.2026.5.7,solc-0.8.36-develop.2026.5.7,0x83bc649fcdb2c8da146b2154a559ddedf937ef12,via-ir-high-runs,etherfi-requestWithdraw,0x35fa164735182de50811e8e2e824cfb9b6118ac2,0x360894a13ba1a3210667c828492db98dca3e2076cc3735a920a3ca505d382bbc,0x000000000000000000000000cb3d917a965a70214f430a135154cd5adda2ad84,0x000000000000000000000000cb3d917a965a70214f430a135154cd5adda2ad84,true
solc-0.8.36-develop.2026.5.7,solc-0.8.36-develop.2026.5.7,0x83bc649fcdb2c8da146b2154a559ddedf937ef12,via-ir-high-runs,etherfi-requestWithdraw,0x35fa164735182de50811e8e2e824cfb9b6118ac2,0x59c1a1955394acbf52bb8ca64f57a31d7b9435b40de8cd869c7275047d71b738,0x0000000000000000000000000000000000287677ba64e85889064ba784a590ba,0x0000000000000000000000000000000000287677ba64e85889064ba784a590ba,true
solc-0.8.36-develop.2026.5.7,solc-0.8.36-develop.2026.5.7,0x83bc649fcdb2c8da146b2154a559ddedf937ef12,via-ir-high-runs,etherfi-requestWithdraw,0x35fa164735182de50811e8e2e824cfb9b6118ac2,0xe8a9e706f5a405e2700d401a91a62f4e3e1ea03f51b56ceccf16c38f36e1df3f,0x000000000000000000000000000000000000000000001a735c2d1849454bff7c,0x000000000000000000000000000000000000000000001a735c2d1849454bff7c,true
solc-0.8.36-develop.2026.5.7,solc-0.8.36-develop.2026.5.7,0x83bc649fcdb2c8da146b2154a559ddedf937ef12,via-ir-high-runs,etherfi-requestWithdraw,0x7d5706f6ef3f89b3951e23e557cdfbc3239d4e2c,0x000000000000000000000000000000000000000000000000000000000000012d,0x000000000000000000000000308861a430be4cce5502d0a12724771fc6daf216,0x000000000000000000000000308861a430be4cce5502d0a12724771fc6daf216,true
solc-0.8.36-develop.2026.5.7,solc-0.8.36-develop.2026.5.7,0x83bc649fcdb2c8da146b2154a559ddedf937ef12,via-ir-high-runs,etherfi-requestWithdraw,0x7d5706f6ef3f89b3951e23e557cdfbc3239d4e2c,0x0000000000000000000000000000000000000000000000000000000000000132,0x0000000000000000000000000000f0040000f0050000271000012dc700012ffb,0x0000000000000000000000000000f0040000f0050000271000012dc700012ffb,true
solc-0.8.36-develop.2026.5.7,solc-0.8.36-develop.2026.5.7,0x83bc649fcdb2c8da146b2154a559ddedf937ef12,via-ir-high-runs,etherfi-requestWithdraw,0x7d5706f6ef3f89b3951e23e557cdfbc3239d4e2c,0x0000000000000000000000000000000000000000000000000000000000000135,0x000000000000000000000062247d29b4b9becf4bb73e0c722cf6445cfc7ce900,0x000000000000000000000062247d29b4b9becf4bb73e0c722cf6445cfc7ce900,true
solc-0.8.36-develop.2026.5.7,solc-0.8.36-develop.2026.5.7,0x83bc649fcdb2c8da146b2154a559ddedf937ef12,via-ir-high-runs,etherfi-requestWithdraw,0x7d5706f6ef3f89b3951e23e557cdfbc3239d4e2c,0x2622bf106a1cb5f808523b93f9bd0729afc2359dcd35bf8e1b421936241120aa,0x00000000000000000000000076ac35f211ea38ea258816c3e87749753358fd69,0x00000000000000000000000076ac35f211ea38ea258816c3e87749753358fd69,true
solc-0.8.36-develop.2026.5.7,solc-0.8.36-develop.2026.5.7,0x83bc649fcdb2c8da146b2154a559ddedf937ef12,via-ir-high-runs,etherfi-requestWithdraw,0x7d5706f6ef3f89b3951e23e557cdfbc3239d4e2c,0x360894a13ba1a3210667c828492db98dca3e2076cc3735a920a3ca505d382bbc,0x0000000000000000000000002f4a5921fcab46f1f3154e8b42fc189e08fae3ed,0x0000000000000000000000002f4a5921fcab46f1f3154e8b42fc189e08fae3ed,true
solc-0.8.36-develop.2026.5.7,solc-0.8.36-develop.2026.5.7,0x83bc649fcdb2c8da146b2154a559ddedf937ef12,via-ir-high-runs,etherfi-requestWithdraw,0x7d5706f6ef3f89b3951e23e557cdfbc3239d4e2c,0x8eac9a2ad80137fa367a5b6ddaba4eef0fd5a8a6c60b2d40c8ba1b8ac01f45de,0x0000000000000000000000000000000000000000000000000000000000000001,0x0000000000000000000000000000000000000000000000000000000000000001,true
solc-0.8.36-develop.2026.5.7,solc-0.8.36-develop.2026.5.7,0x83bc649fcdb2c8da146b2154a559ddedf937ef12,via-ir-high-runs,etherfi-requestWithdraw,0x7d5706f6ef3f89b3951e23e557cdfbc3239d4e2c,0xb85e35f526cdd69a42509231c7d680b688e497e7e2cc6aa2e883bf7636f11620,0x00000000000000010000000001c576e4377f2e0e0000000001f0387c37ead367,0x00000000000000010000000001c576e4377f2e0e0000000001f0387c37ead367,true
solc-0.8.36-develop.2026.5.7,solc-0.8.36-develop.2026.5.7,0x83bc649fcdb2c8da146b2154a559ddedf937ef12,via-ir-low-runs,etherfi-requestWithdraw,0x308861a430be4cce5502d0a12724771fc6daf216,0x00000000000000000000000000000000000000000000000000000000000000ce,0x00000000000000000000000035fa164735182de50811e8e2e824cfb9b6118ac2,0x00000000000000000000000035fa164735182de50811e8e2e824cfb9b6118ac2,true
solc-0.8.36-develop.2026.5.7,solc-0.8.36-develop.2026.5.7,0x83bc649fcdb2c8da146b2154a559ddedf937ef12,via-ir-low-runs,etherfi-requestWithdraw,0x308861a430be4cce5502d0a12724771fc6daf216,0x00000000000000000000000000000000000000000000000000000000000000cf,0x00000000000008333bac79d17ef6a21d000000000001f06125a9bae7ab7e5dd5,0x00000000000008333bac79d17ef6a21d000000000001f06125a9bae7ab7e5dd5,true
solc-0.8.36-develop.2026.5.7,solc-0.8.36-develop.2026.5.7,0x83bc649fcdb2c8da146b2154a559ddedf937ef12,via-ir-low-runs,etherfi-requestWithdraw,0x308861a430be4cce5502d0a12724771fc6daf216,0x00000000000000000000000000000000000000000000000000000000000000d2,0x0000000000000000000000007d5706f6ef3f89b3951e23e557cdfbc3239d4e2c,0x0000000000000000000000007d5706f6ef3f89b3951e23e557cdfbc3239d4e2c,true
solc-0.8.36-develop.2026.5.7,solc-0.8.36-develop.2026.5.7,0x83bc649fcdb2c8da146b2154a559ddedf937ef12,via-ir-low-runs,etherfi-requestWithdraw,0x308861a430be4cce5502d0a12724771fc6daf216,0x00000000000000000000000000000000000000000000000000000000000000dc,0x00000000000000000000000000000000000000000002c1df57449a63e7137e01,0x00000000000000000000000000000000000000000002c1df57449a63e7137e01,true
solc-0.8.36-develop.2026.5.7,solc-0.8.36-develop.2026.5.7,0x83bc649fcdb2c8da146b2154a559ddedf937ef12,via-ir-low-runs,etherfi-requestWithdraw,0x308861a430be4cce5502d0a12724771fc6daf216,0x360894a13ba1a3210667c828492db98dca3e2076cc3735a920a3ca505d382bbc,0x00000000000000000000000083bc649fcdb2c8da146b2154a559ddedf937ef12,0x00000000000000000000000083bc649fcdb2c8da146b2154a559ddedf937ef12,true
solc-0.8.36-develop.2026.5.7,solc-0.8.36-develop.2026.5.7,0x83bc649fcdb2c8da146b2154a559ddedf937ef12,via-ir-low-runs,etherfi-requestWithdraw,0x35fa164735182de50811e8e2e824cfb9b6118ac2,0x00000000000000000000000000000000000000000000000000000000000000c9,0x000000000000000000000000308861a430be4cce5502d0a12724771fc6daf216,0x000000000000000000000000308861a430be4cce5502d0a12724771fc6daf216,true
solc-0.8.36-develop.2026.5.7,solc-0.8.36-develop.2026.5.7,0x83bc649fcdb2c8da146b2154a559ddedf937ef12,via-ir-low-runs,etherfi-requestWithdraw,0x35fa164735182de50811e8e2e824cfb9b6118ac2,0x00000000000000000000000000000000000000000000000000000000000000ca,0x00000000000000000000000000000000000000000001cd1a67b58cbdfee7a189,0x00000000000000000000000000000000000000000001cd1a67b58cbdfee7a189,true
solc-0.8.36-develop.2026.5.7,solc-0.8.36-develop.2026.5.7,0x83bc649fcdb2c8da146b2154a559ddedf937ef12,via-ir-low-runs,etherfi-requestWithdraw,0x35fa164735182de50811e8e2e824cfb9b6118ac2,0x0ef6c3f3c5910a8d183e45e06e5ec092b21868d320eb827d770f64bbe6fdb017,0x0000000000000000000000000000000000000000000000000000000000000001,0x0000000000000000000000000000000000000000000000000000000000000001,true
solc-0.8.36-develop.2026.5.7,solc-0.8.36-develop.2026.5.7,0x83bc649fcdb2c8da146b2154a559ddedf937ef12,via-ir-low-runs,etherfi-requestWithdraw,0x35fa164735182de50811e8e2e824cfb9b6118ac2,0x360894a13ba1a3210667c828492db98dca3e2076cc3735a920a3ca505d382bbc,0x000000000000000000000000cb3d917a965a70214f430a135154cd5adda2ad84,0x000000000000000000000000cb3d917a965a70214f430a135154cd5adda2ad84,true
solc-0.8.36-develop.2026.5.7,solc-0.8.36-develop.2026.5.7,0x83bc649fcdb2c8da146b2154a559ddedf937ef12,via-ir-low-runs,etherfi-requestWithdraw,0x35fa164735182de50811e8e2e824cfb9b6118ac2,0x59c1a1955394acbf52bb8ca64f57a31d7b9435b40de8cd869c7275047d71b738,0x0000000000000000000000000000000000287677ba64e85889064ba784a590ba,0x0000000000000000000000000000000000287677ba64e85889064ba784a590ba,true
solc-0.8.36-develop.2026.5.7,solc-0.8.36-develop.2026.5.7,0x83bc649fcdb2c8da146b2154a559ddedf937ef12,via-ir-low-runs,etherfi-requestWithdraw,0x35fa164735182de50811e8e2e824cfb9b6118ac2,0xe8a9e706f5a405e2700d401a91a62f4e3e1ea03f51b56ceccf16c38f36e1df3f,0x000000000000000000000000000000000000000000001a735c2d1849454bff7c,0x000000000000000000000000000000000000000000001a735c2d1849454bff7c,true
solc-0.8.36-develop.2026.5.7,solc-0.8.36-develop.2026.5.7,0x83bc649fcdb2c8da146b2154a559ddedf937ef12,via-ir-low-runs,etherfi-requestWithdraw,0x7d5706f6ef3f89b3951e23e557cdfbc3239d4e2c,0x000000000000000000000000000000000000000000000000000000000000012d,0x000000000000000000000000308861a430be4cce5502d0a12724771fc6daf216,0x000000000000000000000000308861a430be4cce5502d0a12724771fc6daf216,true
solc-0.8.36-develop.2026.5.7,solc-0.8.36-develop.2026.5.7,0x83bc649fcdb2c8da146b2154a559ddedf937ef12,via-ir-low-runs,etherfi-requestWithdraw,0x7d5706f6ef3f89b3951e23e557cdfbc3239d4e2c,0x0000000000000000000000000000000000000000000000000000000000000132,0x0000000000000000000000000000f0040000f0050000271000012dc700012ffb,0x0000000000000000000000000000f0040000f0050000271000012dc700012ffb,true
solc-0.8.36-develop.2026.5.7,solc-0.8.36-develop.2026.5.7,0x83bc649fcdb2c8da146b2154a559ddedf937ef12,via-ir-low-runs,etherfi-requestWithdraw,0x7d5706f6ef3f89b3951e23e557cdfbc3239d4e2c,0x0000000000000000000000000000000000000000000000000000000000000135,0x000000000000000000000062247d29b4b9becf4bb73e0c722cf6445cfc7ce900,0x000000000000000000000062247d29b4b9becf4bb73e0c722cf6445cfc7ce900,true
solc-0.8.36-develop.2026.5.7,solc-0.8.36-develop.2026.5.7,0x83bc649fcdb2c8da146b2154a559ddedf937ef12,via-ir-low-runs,etherfi-requestWithdraw,0x7d5706f6ef3f89b3951e23e557cdfbc3239d4e2c,0x2622bf106a1cb5f808523b93f9bd0729afc2359dcd35bf8e1b421936241120aa,0x00000000000000000000000076ac35f211ea38ea258816c3e87749753358fd69,0x00000000000000000000000076ac35f211ea38ea258816c3e87749753358fd69,true
solc-0.8.36-develop.2026.5.7,solc-0.8.36-develop.2026.5.7,0x83bc649fcdb2c8da146b2154a559ddedf937ef12,via-ir-low-runs,etherfi-requestWithdraw,0x7d5706f6ef3f89b3951e23e557cdfbc3239d4e2c,0x360894a13ba1a3210667c828492db98dca3e2076cc3735a920a3ca505d382bbc,0x0000000000000000000000002f4a5921fcab46f1f3154e8b42fc189e08fae3ed,0x0000000000000000000000002f4a5921fcab46f1f3154e8b42fc189e08fae3ed,true
solc-0.8.36-develop.2026.5.7,solc-0.8.36-develop.2026.5.7,0x83bc649fcdb2c8da146b2154a559ddedf937ef12,via-ir-low-runs,etherfi-requestWithdraw,0x7d5706f6ef3f89b3951e23e557cdfbc3239d4e2c,0x8eac9a2ad80137fa367a5b6ddaba4eef0fd5a8a6c60b2d40c8ba1b8ac01f45de,0x0000000000000000000000000000000000000000000000000000000000000001,0x0000000000000000000000000000000000000000000000000000000000000001,true
solc-0.8.36-develop.2026.5.7,solc-0.8.36-develop.2026.5.7,0x83bc649fcdb2c8da146b2154a559ddedf937ef12,via-ir-low-runs,etherfi-requestWithdraw,0x7d5706f6ef3f89b3951e23e557cdfbc3239d4e2c,0xb85e35f526cdd69a42509231c7d680b688e497e7e2cc6aa2e883bf7636f11620,0x00000000000000010000000001c576e4377f2e0e0000000001f0387c37ead367,0x00000000000000010000000001c576e4377f2e0e0000000001f0387c37ead367,true
solc-0.8.36-develop.2026.5.7,solc-0.8.36-develop.2026.5.7,0x88e6a0c2ddd26feeb64f039a2c41296fcb3f5640,default,uniswapv3-swap,0x000000000004444c5dc75cb358380d2e3de08a90,0x00d8c01a24673e0ad0b0dd6d266a56423dedc90100e8c10f24d454317871695b,0xffd2000000004000000000000000000000000000000000000000000000000000,0xffd2000000004000000000000000000000000000000000000000000000000000,true
solc-0.8.36-develop.2026.5.7,solc-0.8.36-develop.2026.5.7,0x88e6a0c2ddd26feeb64f039a2c41296fcb3f5640,default,uniswapv3-swap,0x000000000004444c5dc75cb358380d2e3de08a90,0x401bb267f2fde7f72773380a358a126068d2275374680dac039c05559162a496,0x111030c10003301c8094804bee20885029100010092064041da456a517522282,0x111030c10003301c8094804bee20885029100010092064041da456a517522282,true
solc-0.8.36-develop.2026.5.7,solc-0.8.36-develop.2026.5.7,0x88e6a0c2ddd26feeb64f039a2c41296fcb3f5640,default,uniswapv3-swap,0x000000000004444c5dc75cb358380d2e3de08a90,0x8977f7a7ba33f89c913a4d63cb879a2e0934df8eb67f1d0f6b7479f5b5aac76e,0x0000000001f4000000fbf1d5000000000000000000001c6fcfd2d991d7a609dd,0x0000000001f4000000fbf1d5000000000000000000001c6fcfd2d991d7a609dd,true
solc-0.8.36-develop.2026.5.7,solc-0.8.36-develop.2026.5.7,0x88e6a0c2ddd26feeb64f039a2c41296fcb3f5640,default,uniswapv3-swap,0x000000000004444c5dc75cb358380d2e3de08a90,0x8977f7a7ba33f89c913a4d63cb879a2e0934df8eb67f1d0f6b7479f5b5aac770,0x000000000000000000000000000000000000009c701f673c1a4626f01f6eb4b6,0x000000000000000000000000000000000000009c701f673c1a4626f01f6eb4b6,true
solc-0.8.36-develop.2026.5.7,solc-0.8.36-develop.2026.5.7,0x88e6a0c2ddd26feeb64f039a2c41296fcb3f5640,default,uniswapv3-swap,0x000000000004444c5dc75cb358380d2e3de08a90,0x8977f7a7ba33f89c913a4d63cb879a2e0934df8eb67f1d0f6b7479f5b5aac771,0x00000000000000000000000000000000000000000000000000828f3f024c1483,0x00000000000000000000000000000000000000000000000000828f3f024c1483,true
solc-0.8.36-develop.2026.5.7,solc-0.8.36-develop.2026.5.7,0x88e6a0c2ddd26feeb64f039a2c41296fcb3f5640,default,uniswapv3-swap,0x000000000004444c5dc75cb358380d2e3de08a90,0xa3956299d319260eb10f48966f68e111e3bd1aa5923ec94aea9bbed15b86bb82,0x000000000007000000ffffff0000000000000000fffed18ed628618d67956297,0x000000000007000000ffffff0000000000000000fffed18ed628618d67956297,true
solc-0.8.36-develop.2026.5.7,solc-0.8.36-develop.2026.5.7,0x88e6a0c2ddd26feeb64f039a2c41296fcb3f5640,default,uniswapv3-swap,0x000000000004444c5dc75cb358380d2e3de08a90,0xa3956299d319260eb10f48966f68e111e3bd1aa5923ec94aea9bbed15b86bb83,0x0000000000000000000000000000000000b11fc785b5120db488bfa430b9a782,0x0000000000000000000000000000000000b11fc785b5120db488bfa430b9a782,true
solc-0.8.36-develop.2026.5.7,solc-0.8.36-develop.2026.5.7,0x88e6a0c2ddd26feeb64f039a2c41296fcb3f5640,default,uniswapv3-swap,0x000000000004444c5dc75cb358380d2e3de08a90,0xa3956299d319260eb10f48966f68e111e3bd1aa5923ec94aea9bbed15b86bb85,0x00000000000000000000000000000000000000000000000000ce8b24b54c77e4,0x00000000000000000000000000000000000000000000000000ce8b24b54c77e4,true
solc-0.8.36-develop.2026.5.7,solc-0.8.36-develop.2026.5.7,0x88e6a0c2ddd26feeb64f039a2c41296fcb3f5640,default,uniswapv3-swap,0x000000000004444c5dc75cb358380d2e3de08a90,0xd5dfa7f7750ae5d3dbe5206f5d0d3632e021d96d6982d639d032ca2a9ce61f78,0x0000000000000000000000000000000000000001000000000000000000000000,0x0000000000000000000000000000000000000001000000000000000000000000,true
solc-0.8.36-develop.2026.5.7,solc-0.8.36-develop.2026.5.7,0x88e6a0c2ddd26feeb64f039a2c41296fcb3f5640,default,uniswapv3-swap,0x000000000004444c5dc75cb358380d2e3de08a90,0xd5dfa7f7750ae5d3dbe5206f5d0d3632e021d96d6982d639d032ca2a9ce61f7b,0x0000000000000000000000000000000000000000000000000000000000000000,0x0000000000000000000000000000000000000000000000000000000000000000,true
solc-0.8.36-develop.2026.5.7,solc-0.8.36-develop.2026.5.7,0x88e6a0c2ddd26feeb64f039a2c41296fcb3f5640,default,uniswapv3-swap,0x000000000022d473030f116ddee9f6b43ac78ba3,0xedf1cbc11719701560583eb217463ae9b47d69cbba5f05d0616c2b6cc3ee52e3,0x00000000000100006a247f3f0000000000000000000000000000000000000000,0x00000000000100006a247f3f0000000000000000000000000000000000000000,true
solc-0.8.36-develop.2026.5.7,solc-0.8.36-develop.2026.5.7,0x88e6a0c2ddd26feeb64f039a2c41296fcb3f5640,default,uniswapv3-swap,0x2260fac5e5542a773aa44fbcfedf7c193bc2c599,0x0000000000000000000000000000000000000000000000000000000000000005,0x0000000000000000000000ca06411bd7a7296d7dbdd0050dfc846e95febeb708,0x0000000000000000000000ca06411bd7a7296d7dbdd0050dfc846e95febeb708,true
solc-0.8.36-develop.2026.5.7,solc-0.8.36-develop.2026.5.7,0x88e6a0c2ddd26feeb64f039a2c41296fcb3f5640,default,uniswapv3-swap,0x2260fac5e5542a773aa44fbcfedf7c193bc2c599,0x11fd237061433ba9f221f703bed587e7636b11fbe3815abba27443968931d654,0x00000000000000000000000000000000000000000000000000000019dfa0c9d5,0x00000000000000000000000000000000000000000000000000000019dfa0c9d5,true
solc-0.8.36-develop.2026.5.7,solc-0.8.36-develop.2026.5.7,0x88e6a0c2ddd26feeb64f039a2c41296fcb3f5640,default,uniswapv3-swap,0x2260fac5e5542a773aa44fbcfedf7c193bc2c599,0x4d9dce43f1f7944156fad314cb2ab864a7110c0f260a1a641a7c10c43ae6d03e,0x0000000000000000000000000000000000000000000000000000000000000000,0x0000000000000000000000000000000000000000000000000000000000000000,true
solc-0.8.36-develop.2026.5.7,solc-0.8.36-develop.2026.5.7,0x88e6a0c2ddd26feeb64f039a2c41296fcb3f5640,default,uniswapv3-swap,0x2260fac5e5542a773aa44fbcfedf7c193bc2c599,0x8641bb179b9aa9ed8dee118e2d357643a656a679df1d0d9f26c18bd21be43bc6,0x00000000000000000000000000000000000000000000000000000002cb964aef,0x00000000000000000000000000000000000000000000000000000002cb964aef,true
solc-0.8.36-develop.2026.5.7,solc-0.8.36-develop.2026.5.7,0x88e6a0c2ddd26feeb64f039a2c41296fcb3f5640,default,uniswapv3-swap,0x2260fac5e5542a773aa44fbcfedf7c193bc2c599,0xdc276a4f120117ad5ae6415d1c724b4f3a0e81f0ee6466e1392ca121b63123f2,0x000000000000000000000000000000000000000000000000000000053eac7892,0x000000000000000000000000000000000000000000000000000000053eac7892,true
solc-0.8.36-develop.2026.5.7,solc-0.8.36-develop.2026.5.7,0x88e6a0c2ddd26feeb64f039a2c41296fcb3f5640,default,uniswapv3-swap,0x2260fac5e5542a773aa44fbcfedf7c193bc2c599,0xe3b1de349965f47d7ab49c108672c88f4d36a56c931cbc7eb2130bcc572d2a41,0x000000000000000000000000000000000000000000000000000000000600120d,0x000000000000000000000000000000000000000000000000000000000600120d,true
solc-0.8.36-develop.2026.5.7,solc-0.8.36-develop.2026.5.7,0x88e6a0c2ddd26feeb64f039a2c41296fcb3f5640,default,uniswapv3-swap,0x4585fe77225b41b697c938b018e2ac67ac5a20c0,0x0000000000000000000000000000000000000000000000000000000000000000,0x000144012c012c00e1040e29000000000009009211212e6e7c0c4523082adbcb,0x000144012c012c00e1040e29000000000009009211212e6e7c0c4523082adbcb,true
solc-0.8.36-develop.2026.5.7,solc-0.8.36-develop.2026.5.7,0x88e6a0c2ddd26feeb64f039a2c41296fcb3f5640,default,uniswapv3-swap,0x4585fe77225b41b697c938b018e2ac67ac5a20c0,0x0000000000000000000000000000000000000000000000000000000000000001,0x00000000000000000000000000000000000002fda0921592a7a6229097bf0254,0x00000000000000000000000000000000000002fda0921592a7a6229097bf0254,true
solc-0.8.36-develop.2026.5.7,solc-0.8.36-develop.2026.5.7,0x88e6a0c2ddd26feeb64f039a2c41296fcb3f5640,default,uniswapv3-swap,0x4585fe77225b41b697c938b018e2ac67ac5a20c0,0x0000000000000000000000000000000000000000000000000000000000000002,0x00000000000000000000000000009a6c13550e118829c1ae44633d890c5ac377,0x00000000000000000000000000009a6c13550e118829c1ae44633d890c5ac377,true
solc-0.8.36-develop.2026.5.7,solc-0.8.36-develop.2026.5.7,0x88e6a0c2ddd26feeb64f039a2c41296fcb3f5640,default,uniswapv3-swap,0x4585fe77225b41b697c938b018e2ac67ac5a20c0,0x0000000000000000000000000000000000000000000000000000000000000003,0x00000000000000000042fd3c343ea69900000000000000000000000000011127,0x00000000000000000042fd3c343ea69900000000000000000000000000011127,true
solc-0.8.36-develop.2026.5.7,solc-0.8.36-develop.2026.5.7,0x88e6a0c2ddd26feeb64f039a2c41296fcb3f5640,default,uniswapv3-swap,0x4585fe77225b41b697c938b018e2ac67ac5a20c0,0x0000000000000000000000000000000000000000000000000000000000000004,0x0000000000000000000000000000000000000000000000000311aa06d698e86e,0x0000000000000000000000000000000000000000000000000311aa06d698e86e,true
solc-0.8.36-develop.2026.5.7,solc-0.8.36-develop.2026.5.7,0x88e6a0c2ddd26feeb64f039a2c41296fcb3f5640,default,uniswapv3-swap,0x4585fe77225b41b697c938b018e2ac67ac5a20c0,0x00000000000000000000000000000000000000000000000000000000000000e8,0x010000000000000bfe02a57cb697b81e9e54ee1783002560fc81e88c69fcf353,0x010000000000000bfe02a57cb697b81e9e54ee1783002560fc81e88c69fcf353,true
solc-0.8.36-develop.2026.5.7,solc-0.8.36-develop.2026.5.7,0x88e6a0c2ddd26feeb64f039a2c41296fcb3f5640,default,uniswapv3-swap,0x4585fe77225b41b697c938b018e2ac67ac5a20c0,0x00000000000000000000000000000000000000000000000000000000000000e9,0x010000000000000bfe02a590aa97628d17217d98d6002560fd753aa069fcf38f,0x010000000000000bfe02a590aa97628d17217d98d6002560fd753aa069fcf38f,true
solc-0.8.36-develop.2026.5.7,solc-0.8.36-develop.2026.5.7,0x88e6a0c2ddd26feeb64f039a2c41296fcb3f5640,default,uniswapv3-swap,0x4585fe77225b41b697c938b018e2ac67ac5a20c0,0x42eaf377e852cb7e2313a5bb7f5652a57d77d0cd41c4754d201e61f98c0870b7,0xfffffffffffffffffff023e7fca5a9d90000000000000000000fdc18035a5627,0xfffffffffffffffffff023e7fca5a9d90000000000000000000fdc18035a5627,true
solc-0.8.36-develop.2026.5.7,solc-0.8.36-develop.2026.5.7,0x88e6a0c2ddd26feeb64f039a2c41296fcb3f5640,default,uniswapv3-swap,0x4585fe77225b41b697c938b018e2ac67ac5a20c0,0x42eaf377e852cb7e2313a5bb7f5652a57d77d0cd41c4754d201e61f98c0870b8,0x000000000000000000000000000000000000000002cde2448630c495f7329090,0x000000000000000000000000000000000000000002cde2448630c495f7329090,true
solc-0.8.36-develop.2026.5.7,solc-0.8.36-develop.2026.5.7,0x88e6a0c2ddd26feeb64f039a2c41296fcb3f5640,default,uniswapv3-swap,0x4585fe77225b41b697c938b018e2ac67ac5a20c0,0x42eaf377e852cb7e2313a5bb7f5652a57d77d0cd41c4754d201e61f98c0870b9,0x00000000000000000000000000000000e354a7c6ed6caa96a082a5c225bbb526,0x00000000000000000000000000000000e354a7c6ed6caa96a082a5c225bbb526,true
solc-0.8.36-develop.2026.5.7,solc-0.8.36-develop.2026.5.7,0x88e6a0c2ddd26feeb64f039a2c41296fcb3f5640,default,uniswapv3-swap,0x4585fe77225b41b697c938b018e2ac67ac5a20c0,0x42eaf377e852cb7e2313a5bb7f5652a57d77d0cd41c4754d201e61f98c0870ba,0x0100002a480000000000000000000f8d0155704e06ff84831d000000ab77c328,0x0100002a480000000000000000000f8d0155704e06ff84831d000000ab77c328,true
solc-0.8.36-develop.2026.5.7,solc-0.8.36-develop.2026.5.7,0x88e6a0c2ddd26feeb64f039a2c41296fcb3f5640,default,uniswapv3-swap,0x4585fe77225b41b697c938b018e2ac67ac5a20c0,0x62552337360b040ac00905130c40c0e814a32ae1bf4d7c7b02730b479e5eef98,0x9aeb7ffffeffdf6d7ffedaf07ad7fffffcffbfb7fe7ef6d1f5f01f7b44729a3b,0x9aeb7ffffeffdf6d7ffedaf07ad7fffffcffbfb7fe7ef6d1f5f01f7b44729a3b,true
solc-0.8.36-develop.2026.5.7,solc-0.8.36-develop.2026.5.7,0x88e6a0c2ddd26feeb64f039a2c41296fcb3f5640,default,uniswapv3-swap,0x56534741cd8b152df6d48adf7ac51f75169a83b2,0x0000000000000000000000000000000000000000000000000000000000000000,0x000144003800380019010510000000000000001c42b937af82ecfa8a3ebfa020,0x000144003800380019010510000000000000001c42b937af82ecfa8a3ebfa020,true
solc-0.8.36-develop.2026.5.7,solc-0.8.36-develop.2026.5.7,0x88e6a0c2ddd26feeb64f039a2c41296fcb3f5640,default,uniswapv3-swap,0x56534741cd8b152df6d48adf7ac51f75169a83b2,0x0000000000000000000000000000000000000000000000000000000000000001,0x0000000000000000000000000000000000ae133dea1e25fdd33003a1dc0e2769,0x0000000000000000000000000000000000ae133dea1e25fdd33003a1dc0e2769,true
solc-0.8.36-develop.2026.5.7,solc-0.8.36-develop.2026.5.7,0x88e6a0c2ddd26feeb64f039a2c41296fcb3f5640,default,uniswapv3-swap,0x56534741cd8b152df6d48adf7ac51f75169a83b2,0x0000000000000000000000000000000000000000000000000000000000000003,0x00000000000000000000000002b9ec170000000000000000000000000000dc7c,0x00000000000000000000000002b9ec170000000000000000000000000000dc7c,true
solc-0.8.36-develop.2026.5.7,solc-0.8.36-develop.2026.5.7,0x88e6a0c2ddd26feeb64f039a2c41296fcb3f5640,default,uniswapv3-swap,0x56534741cd8b152df6d48adf7ac51f75169a83b2,0x0000000000000000000000000000000000000000000000000000000000000004,0x000000000000000000000000000000000000000000000000000004708aa553f9,0x000000000000000000000000000000000000000000000000000004708aa553f9,true
solc-0.8.36-develop.2026.5.7,solc-0.8.36-develop.2026.5.7,0x88e6a0c2ddd26feeb64f039a2c41296fcb3f5640,default,uniswapv3-swap,0x56534741cd8b152df6d48adf7ac51f75169a83b2,0x0000000000000000000000000000000000000000000000000000000000000020,0x0102f2939520b2c643ca3d7a4b8013cf5c45d064420008b6f23a940f69fcf30b,0x0102f2939520b2c643ca3d7a4b8013cf5c45d064420008b6f23a940f69fcf30b,true
solc-0.8.36-develop.2026.5.7,solc-0.8.36-develop.2026.5.7,0x88e6a0c2ddd26feeb64f039a2c41296fcb3f5640,default,uniswapv3-swap,0x56534741cd8b152df6d48adf7ac51f75169a83b2,0x0000000000000000000000000000000000000000000000000000000000000021,0x0102f2939520b2c643e7f8f293113f972a8f318bb80008b6f2c133eb69fcf38f,0x0102f2939520b2c643e7f8f293113f972a8f318bb80008b6f2c133eb69fcf38f,true
solc-0.8.36-develop.2026.5.7,solc-0.8.36-develop.2026.5.7,0x88e6a0c2ddd26feeb64f039a2c41296fcb3f5640,default,uniswapv3-swap,0x56534741cd8b152df6d48adf7ac51f75169a83b2,0x2d88733daa8d83575c1c435b1a4140007e667f8dfbe2e5678ffec947a513e5cd,0x300c3d20224b5f90c00d1204885e674f1ca3a07ebdde6af7fdfdffcdbf7f3dfc,0x300c3d20224b5f90c00d1204885e674f1ca3a07ebdde6af7fdfdffcdbf7f3dfc,true
solc-0.8.36-develop.2026.5.7,solc-0.8.36-develop.2026.5.7,0x88e6a0c2ddd26feeb64f039a2c41296fcb3f5640,default,uniswapv3-swap,0x88e6a0c2ddd26feeb64f039a2c41296fcb3f5640,0x0000000000000000000000000000000000000000000000000000000000000000,0x00014402d302d300d0030918000000000000518bd74914397f4152319c28cc4e,0x00014402d302d300d0030918000000000000518bd74914397f4152319c28cc4e,true
solc-0.8.36-develop.2026.5.7,solc-0.8.36-develop.2026.5.7,0x88e6a0c2ddd26feeb64f039a2c41296fcb3f5640,default,uniswapv3-swap,0x88e6a0c2ddd26feeb64f039a2c41296fcb3f5640,0x0000000000000000000000000000000000000000000000000000000000000002,0x000000000000000000000000000016fbc3b5c77cad61846af3d48b9cb4196751,0x000000000000000000000000000016fbc3b5c77cad61846af3d48b9cb4196751,true
solc-0.8.36-develop.2026.5.7,solc-0.8.36-develop.2026.5.7,0x88e6a0c2ddd26feeb64f039a2c41296fcb3f5640,default,uniswapv3-swap,0x88e6a0c2ddd26feeb64f039a2c41296fcb3f5640,0x0000000000000000000000000000000000000000000000000000000000000003,0x0000000000000000009d8b8f5cacef4d00000000000000000000000006c77846,0x0000000000000000009d8b8f5cacef4d00000000000000000000000006c77846,true
solc-0.8.36-develop.2026.5.7,solc-0.8.36-develop.2026.5.7,0x88e6a0c2ddd26feeb64f039a2c41296fcb3f5640,default,uniswapv3-swap,0x88e6a0c2ddd26feeb64f039a2c41296fcb3f5640,0x0000000000000000000000000000000000000000000000000000000000000004,0x00000000000000000000000000000000000000000000000033fa272b6f19d4ab,0x00000000000000000000000000000000000000000000000033fa272b6f19d4ab,true
solc-0.8.36-develop.2026.5.7,solc-0.8.36-develop.2026.5.7,0x88e6a0c2ddd26feeb64f039a2c41296fcb3f5640,default,uniswapv3-swap,0x88e6a0c2ddd26feeb64f039a2c41296fcb3f5640,0x00000000000000000000000000000000000000000000000000000000000000d7,0x010000000000000001fffb22cfa94ce43419f4b3c4001c7faa62ae1769fcf383,0x010000000000000001fffb22cfa94ce43419f4b3c4001c7faa62ae1769fcf383,true
solc-0.8.36-develop.2026.5.7,solc-0.8.36-develop.2026.5.7,0x88e6a0c2ddd26feeb64f039a2c41296fcb3f5640,default,uniswapv3-swap,0x88e6a0c2ddd26feeb64f039a2c41296fcb3f5640,0x00000000000000000000000000000000000000000000000000000000000000d8,0x010000000000000001fffb230ac3a36910f2aa867e001c7faa871b1369fcf38f,0x010000000000000001fffb230ac3a36910f2aa867e001c7faa871b1369fcf38f,true
solc-0.8.36-develop.2026.5.7,solc-0.8.36-develop.2026.5.7,0x88e6a0c2ddd26feeb64f039a2c41296fcb3f5640,default,uniswapv3-swap,0x88e6a0c2ddd26feeb64f039a2c41296fcb3f5640,0x1988775e6c6f4b25d912ae5577f9b19952e8e16a59481301121feafa0d673092,0xfffd7ffffffffffffffffffffffffffffffffffffffffffffffffffffffeffff,0xfffd7ffffffffffffffffffffffffffffffffffffffffffffffffffffffeffff,true
solc-0.8.36-develop.2026.5.7,solc-0.8.36-develop.2026.5.7,0x88e6a0c2ddd26feeb64f039a2c41296fcb3f5640,default,uniswapv3-swap,0xa0b86991c6218b36c1d19d4a2e9eb0ce3606eb48,0x0000000000000000000000000000000000000000000000000000000000000001,0x0000000000000000000000004914f61d25e5c567143774b76edbf4d5109a8566,0x0000000000000000000000004914f61d25e5c567143774b76edbf4d5109a8566,true
solc-0.8.36-develop.2026.5.7,solc-0.8.36-develop.2026.5.7,0x88e6a0c2ddd26feeb64f039a2c41296fcb3f5640,default,uniswapv3-swap,0xa0b86991c6218b36c1d19d4a2e9eb0ce3606eb48,0x10d6a54a4754c8869d6886b5f5d7fbfa5b4522237ea5c60d11bc4e7a1ff9390b,0x000000000000000000000000807a96288a1a408dbc13de2b1d087d10356395d2,0x000000000000000000000000807a96288a1a408dbc13de2b1d087d10356395d2,true
solc-0.8.36-develop.2026.5.7,solc-0.8.36-develop.2026.5.7,0x88e6a0c2ddd26feeb64f039a2c41296fcb3f5640,default,uniswapv3-swap,0xa0b86991c6218b36c1d19d4a2e9eb0ce3606eb48,0x1f21a62c4538bacf2aabeca410f0fe63151869f172e03c0e00357ba26a341eff,0x000000000000000000000000000000000000000000000000000041bde7a6952d,0x000000000000000000000000000000000000000000000000000041bde7a6952d,true
solc-0.8.36-develop.2026.5.7,solc-0.8.36-develop.2026.5.7,0x88e6a0c2ddd26feeb64f039a2c41296fcb3f5640,default,uniswapv3-swap,0xa0b86991c6218b36c1d19d4a2e9eb0ce3606eb48,0x3c2304a4bd8ffa93cccd3b8e4c28dbcd5c94236b1a7b40e3dc80ba6953b4cc7a,0x000000000000000000000000000000000000000000000000000058338375c939,0x000000000000000000000000000000000000000000000000000058338375c939,true
solc-0.8.36-develop.2026.5.7,solc-0.8.36-develop.2026.5.7,0x88e6a0c2ddd26feeb64f039a2c41296fcb3f5640,default,uniswapv3-swap,0xa0b86991c6218b36c1d19d4a2e9eb0ce3606eb48,0x4d2c6926676a95578f1f83fc7206c731f15ec7c5dbd8d975202dea6c79518b66,0x0000000000000000000000000000000000000000000000000000000000000000,0x0000000000000000000000000000000000000000000000000000000000000000,true
solc-0.8.36-develop.2026.5.7,solc-0.8.36-develop.2026.5.7,0x88e6a0c2ddd26feeb64f039a2c41296fcb3f5640,default,uniswapv3-swap,0xa0b86991c6218b36c1d19d4a2e9eb0ce3606eb48,0x7050c9e0f4ca769c69bd3a8ef740bc37934f8e2c036e5a723fd8ee048ed3f8c3,0x00000000000000000000000043506849d7c04f9138d1a2050bbf3a0c054402dd,0x00000000000000000000000043506849d7c04f9138d1a2050bbf3a0c054402dd,true
solc-0.8.36-develop.2026.5.7,solc-0.8.36-develop.2026.5.7,0x88e6a0c2ddd26feeb64f039a2c41296fcb3f5640,default,uniswapv3-swap,0xc02aaa39b223fe8d0a0e5c4f27ead9083c756cc2,0x1a2d1c6ecf58e1d6eaffdb48b06f8a1a56defa61c7446d13af9bb1097cbd713a,0x00000000000000000000000000000000000000000000007f94ac1af9027cc652,0x00000000000000000000000000000000000000000000007f94ac1af9027cc652,true
solc-0.8.36-develop.2026.5.7,solc-0.8.36-develop.2026.5.7,0x88e6a0c2ddd26feeb64f039a2c41296fcb3f5640,default,uniswapv3-swap,0xc02aaa39b223fe8d0a0e5c4f27ead9083c756cc2,0x2a306d7595987ab10375e6e054d7489cc80c1cf5351587e21ffbd126573f06c6,0x00000000000000000000000000000000000000000000005cb10aca78275bb34d,0x00000000000000000000000000000000000000000000005cb10aca78275bb34d,true
solc-0.8.36-develop.2026.5.7,solc-0.8.36-develop.2026.5.7,0x88e6a0c2ddd26feeb64f039a2c41296fcb3f5640,default,uniswapv3-swap,0xc02aaa39b223fe8d0a0e5c4f27ead9083c756cc2,0x390f6178407c9b8e95802b8659e6df8e34c1e3d4f8d6a49e6132bbcdd937b63a,0x0000000000000000000000000000000000000000000002b7547382f6fb65c913,0x0000000000000000000000000000000000000000000002b7547382f6fb65c913,true
solc-0.8.36-develop.2026.5.7,solc-0.8.36-develop.2026.5.7,0x88e6a0c2ddd26feeb64f039a2c41296fcb3f5640,default,uniswapv3-swap,0xc02aaa39b223fe8d0a0e5c4f27ead9083c756cc2,0x9ede93be0d8fc6a5eb9cf1c7345a85b7519d8487a727aef0c2f00ab966aa7716,0x0000000000000000000000000000000000000000000003720375b456235de679,0x0000000000000000000000000000000000000000000003720375b456235de679,true
solc-0.8.36-develop.2026.5.7,solc-0.8.36-develop.2026.5.7,0x88e6a0c2ddd26feeb64f039a2c41296fcb3f5640,default,uniswapv3-swap,0xc02aaa39b223fe8d0a0e5c4f27ead9083c756cc2,0xfb437cb06df854b0e9a5f9c071f54ee63d1407c751de4e81c7cb3a621a923fa3,0x0000000000000000000000000000000000000000000000000000000000000000,0x0000000000000000000000000000000000000000000000000000000000000000,true
solc-0.8.36-develop.2026.5.7,solc-0.8.36-develop.2026.5.7,0x88e6a0c2ddd26feeb64f039a2c41296fcb3f5640,default,uniswapv3-swap,0xc7bbec68d12a0d1830360f8ec58fa599ba1b0e9b,0x0000000000000000000000000000000000000000000000000000000000000000,0x000144003300330018fcf6e20000000000000000000323805fb1cb5b5d1ec1f2,0x000144003300330018fcf6e20000000000000000000323805fb1cb5b5d1ec1f2,true
solc-0.8.36-develop.2026.5.7,solc-0.8.36-develop.2026.5.7,0x88e6a0c2ddd26feeb64f039a2c41296fcb3f5640,default,uniswapv3-swap,0xc7bbec68d12a0d1830360f8ec58fa599ba1b0e9b,0x0000000000000000000000000000000000000000000000000000000000000001,0x00000000000000000000000000000dd1950fdc46318e4108ac63a51b9f9d2688,0x00000000000000000000000000000dd1950fdc46318e4108ac63a51b9f9d2688,true
solc-0.8.36-develop.2026.5.7,solc-0.8.36-develop.2026.5.7,0x88e6a0c2ddd26feeb64f039a2c41296fcb3f5640,default,uniswapv3-swap,0xc7bbec68d12a0d1830360f8ec58fa599ba1b0e9b,0x0000000000000000000000000000000000000000000000000000000000000003,0x00000000000000000000000000ab541500000000000000000010cbbea9250823,0x00000000000000000000000000ab541500000000000000000010cbbea9250823,true
solc-0.8.36-develop.2026.5.7,solc-0.8.36-develop.2026.5.7,0x88e6a0c2ddd26feeb64f039a2c41296fcb3f5640,default,uniswapv3-swap,0xc7bbec68d12a0d1830360f8ec58fa599ba1b0e9b,0x0000000000000000000000000000000000000000000000000000000000000004,0x00000000000000000000000000000000000000000000000005d863c8f2cea9fd,0x00000000000000000000000000000000000000000000000005d863c8f2cea9fd,true
solc-0.8.36-develop.2026.5.7,solc-0.8.36-develop.2026.5.7,0x88e6a0c2ddd26feeb64f039a2c41296fcb3f5640,default,uniswapv3-swap,0xc7bbec68d12a0d1830360f8ec58fa599ba1b0e9b,0x000000000000000000000000000000000000000000000000000000000000001f,0x010065520c000028edcfe69d0ed50f7f92dd1daaacffecd98742cfc469fcf377,0x010065520c000028edcfe69d0ed50f7f92dd1daaacffecd98742cfc469fcf377,true
solc-0.8.36-develop.2026.5.7,solc-0.8.36-develop.2026.5.7,0x88e6a0c2ddd26feeb64f039a2c41296fcb3f5640,default,uniswapv3-swap,0xc7bbec68d12a0d1830360f8ec58fa599ba1b0e9b,0x0000000000000000000000000000000000000000000000000000000000000020,0x010065520c000028edcfe6a129f025fe3d2e993416ffecd986f9f55469fcf38f,0x010065520c000028edcfe6a129f025fe3d2e993416ffecd986f9f55469fcf38f,true
solc-0.8.36-develop.2026.5.7,solc-0.8.36-develop.2026.5.7,0x88e6a0c2ddd26feeb64f039a2c41296fcb3f5640,default,uniswapv3-swap,0xc7bbec68d12a0d1830360f8ec58fa599ba1b0e9b,0x25707baf82e67644f561143c0c5d84ea5c79f78b215bcf1c03200995a55d0882,0x4000000000800000000008000020040008000001010000400040001000000000,0x4000000000800000000008000020040008000001010000400040001000000000,true
solc-0.8.36-develop.2026.5.7,solc-0.8.36-develop.2026.5.7,0x88e6a0c2ddd26feeb64f039a2c41296fcb3f5640,default,uniswapv3-swap,0xdac17f958d2ee523a2206206994597c13d831ec7,0x0000000000000000000000000000000000000000000000000000000000000000,0x000000000000000000000000c6cde7c39eb2f0f0095f41570af89efc2c1ea828,0x000000000000000000000000c6cde7c39eb2f0f0095f41570af89efc2c1ea828,true
solc-0.8.36-develop.2026.5.7,solc-0.8.36-develop.2026.5.7,0x88e6a0c2ddd26feeb64f039a2c41296fcb3f5640,default,uniswapv3-swap,0xdac17f958d2ee523a2206206994597c13d831ec7,0x0000000000000000000000000000000000000000000000000000000000000003,0x0000000000000000000000000000000000000000000000000000000000000000,0x0000000000000000000000000000000000000000000000000000000000000000,true
solc-0.8.36-develop.2026.5.7,solc-0.8.36-develop.2026.5.7,0x88e6a0c2ddd26feeb64f039a2c41296fcb3f5640,default,uniswapv3-swap,0xdac17f958d2ee523a2206206994597c13d831ec7,0x0000000000000000000000000000000000000000000000000000000000000004,0x0000000000000000000000000000000000000000000000000000000000000000,0x0000000000000000000000000000000000000000000000000000000000000000,true
solc-0.8.36-develop.2026.5.7,solc-0.8.36-develop.2026.5.7,0x88e6a0c2ddd26feeb64f039a2c41296fcb3f5640,default,uniswapv3-swap,0xdac17f958d2ee523a2206206994597c13d831ec7,0x000000000000000000000000000000000000000000000000000000000000000a,0x0000000000000000000000000000000000000000000000000000000000000000,0x0000000000000000000000000000000000000000000000000000000000000000,true
solc-0.8.36-develop.2026.5.7,solc-0.8.36-develop.2026.5.7,0x88e6a0c2ddd26feeb64f039a2c41296fcb3f5640,default,uniswapv3-swap,0xdac17f958d2ee523a2206206994597c13d831ec7,0x4ef6edfc3160644a4ba4315dc3bcea155402722b84386f7045d135dacbc8ce16,0x0000000000000000000000000000000000000000000000000000000000000000,0x0000000000000000000000000000000000000000000000000000000000000000,true
solc-0.8.36-develop.2026.5.7,solc-0.8.36-develop.2026.5.7,0x88e6a0c2ddd26feeb64f039a2c41296fcb3f5640,default,uniswapv3-swap,0xdac17f958d2ee523a2206206994597c13d831ec7,0x5a78295ac94dacfc557f7106ea064b1acc0ac048c9e355c345613ff42cd4ff66,0x0000000000000000000000000000000000000000000000000000000000000000,0x0000000000000000000000000000000000000000000000000000000000000000,true
solc-0.8.36-develop.2026.5.7,solc-0.8.36-develop.2026.5.7,0x88e6a0c2ddd26feeb64f039a2c41296fcb3f5640,default,uniswapv3-swap,0xdac17f958d2ee523a2206206994597c13d831ec7,0x6be4a3a1db72c2857f39712ccf07fd67bf3b6aa64d1de0802b5b26256efcce4e,0x000000000000000000000000000000000000000000000000000008bedac8ea97,0x000000000000000000000000000000000000000000000000000008bedac8ea97,true
solc-0.8.36-develop.2026.5.7,solc-0.8.36-develop.2026.5.7,0x88e6a0c2ddd26feeb64f039a2c41296fcb3f5640,default,uniswapv3-swap,0xdac17f958d2ee523a2206206994597c13d831ec7,0x7398bc983c4259d6f47c9b3b6c6afc05fa43c68cf621b713dda76c7877344958,0x0000000000000000000000000000000000000000000000000000000000000000,0x0000000000000000000000000000000000000000000000000000000000000000,true
solc-0.8.36-develop.2026.5.7,solc-0.8.36-develop.2026.5.7,0x88e6a0c2ddd26feeb64f039a2c41296fcb3f5640,default,uniswapv3-swap,0xdac17f958d2ee523a2206206994597c13d831ec7,0x7a464961c125fc990109c53fc6324f805cc788adf74934778792f1f7cfd292ba,0x0000000000000000000000000000000000000000000000000000000000000000,0x0000000000000000000000000000000000000000000000000000000000000000,true
solc-0.8.36-develop.2026.5.7,solc-0.8.36-develop.2026.5.7,0x88e6a0c2ddd26feeb64f039a2c41296fcb3f5640,default,uniswapv3-swap,0xdac17f958d2ee523a2206206994597c13d831ec7,0x81579e7a5455cd7eef5ce102af6f0c3c6aad085eb5a018f0c2a01d3277503f3b,0x00000000000000000000000000000000000000000000000000003704f7261e8d,0x00000000000000000000000000000000000000000000000000003704f7261e8d,true
solc-0.8.36-develop.2026.5.7,solc-0.8.36-develop.2026.5.7,0x88e6a0c2ddd26feeb64f039a2c41296fcb3f5640,default,uniswapv3-swap,0xdac17f958d2ee523a2206206994597c13d831ec7,0xa4a5df4250c3f90482efa66a230d62b4bb21b7ca04cd6ae1b8ded6d1ce2407a3,0x0000000000000000000000000000000000000000000000000000004126dae1af,0x0000000000000000000000000000000000000000000000000000004126dae1af,true
solc-0.8.36-develop.2026.5.7,solc-0.8.36-develop.2026.5.7,0x88e6a0c2ddd26feeb64f039a2c41296fcb3f5640,default,uniswapv3-swap,0xdac17f958d2ee523a2206206994597c13d831ec7,0xb3eb08f8908b50793538019be1a1d12936600f3a4243ae0d6e12252bb716f802,0x0000000000000000000000000000000000000000000000000000000000000000,0x0000000000000000000000000000000000000000000000000000000000000000,true
solc-0.8.36-develop.2026.5.7,solc-0.8.36-develop.2026.5.7,0x88e6a0c2ddd26feeb64f039a2c41296fcb3f5640,default,uniswapv3-swap,0xdac17f958d2ee523a2206206994597c13d831ec7,0xd06ef82a07326a6e964ce1700825547c428fbc96deb2e33e7e20498001080d7d,0x000000000000000000000000000000000000000000000000000001a5edb77f06,0x000000000000000000000000000000000000000000000000000001a5edb77f06,true
solc-0.8.36-develop.2026.5.7,solc-0.8.36-develop.2026.5.7,0x88e6a0c2ddd26feeb64f039a2c41296fcb3f5640,optimized,uniswapv3-swap,0x000000000004444c5dc75cb358380d2e3de08a90,0x00d8c01a24673e0ad0b0dd6d266a56423dedc90100e8c10f24d454317871695b,0xffd2000000004000000000000000000000000000000000000000000000000000,0xffd2000000004000000000000000000000000000000000000000000000000000,true
solc-0.8.36-develop.2026.5.7,solc-0.8.36-develop.2026.5.7,0x88e6a0c2ddd26feeb64f039a2c41296fcb3f5640,optimized,uniswapv3-swap,0x000000000004444c5dc75cb358380d2e3de08a90,0x401bb267f2fde7f72773380a358a126068d2275374680dac039c05559162a496,0x111030c10003301c8094804bee20885029100010092064041da456a517522282,0x111030c10003301c8094804bee20885029100010092064041da456a517522282,true
solc-0.8.36-develop.2026.5.7,solc-0.8.36-develop.2026.5.7,0x88e6a0c2ddd26feeb64f039a2c41296fcb3f5640,optimized,uniswapv3-swap,0x000000000004444c5dc75cb358380d2e3de08a90,0x8977f7a7ba33f89c913a4d63cb879a2e0934df8eb67f1d0f6b7479f5b5aac76e,0x0000000001f4000000fbf1d5000000000000000000001c6fcfd2d991d7a609dd,0x0000000001f4000000fbf1d5000000000000000000001c6fcfd2d991d7a609dd,true
solc-0.8.36-develop.2026.5.7,solc-0.8.36-develop.2026.5.7,0x88e6a0c2ddd26feeb64f039a2c41296fcb3f5640,optimized,uniswapv3-swap,0x000000000004444c5dc75cb358380d2e3de08a90,0x8977f7a7ba33f89c913a4d63cb879a2e0934df8eb67f1d0f6b7479f5b5aac770,0x000000000000000000000000000000000000009c701f673c1a4626f01f6eb4b6,0x000000000000000000000000000000000000009c701f673c1a4626f01f6eb4b6,true
solc-0.8.36-develop.2026.5.7,solc-0.8.36-develop.2026.5.7,0x88e6a0c2ddd26feeb64f039a2c41296fcb3f5640,optimized,uniswapv3-swap,0x000000000004444c5dc75cb358380d2e3de08a90,0x8977f7a7ba33f89c913a4d63cb879a2e0934df8eb67f1d0f6b7479f5b5aac771,0x00000000000000000000000000000000000000000000000000828f3f024c1483,0x00000000000000000000000000000000000000000000000000828f3f024c1483,true
solc-0.8.36-develop.2026.5.7,solc-0.8.36-develop.2026.5.7,0x88e6a0c2ddd26feeb64f039a2c41296fcb3f5640,optimized,uniswapv3-swap,0x000000000004444c5dc75cb358380d2e3de08a90,0xa3956299d319260eb10f48966f68e111e3bd1aa5923ec94aea9bbed15b86bb82,0x000000000007000000ffffff0000000000000000fffed18ed628618d67956297,0x000000000007000000ffffff0000000000000000fffed18ed628618d67956297,true
solc-0.8.36-develop.2026.5.7,solc-0.8.36-develop.2026.5.7,0x88e6a0c2ddd26feeb64f039a2c41296fcb3f5640,optimized,uniswapv3-swap,0x000000000004444c5dc75cb358380d2e3de08a90,0xa3956299d319260eb10f48966f68e111e3bd1aa5923ec94aea9bbed15b86bb83,0x0000000000000000000000000000000000b11fc785b5120db488bfa430b9a782,0x0000000000000000000000000000000000b11fc785b5120db488bfa430b9a782,true
solc-0.8.36-develop.2026.5.7,solc-0.8.36-develop.2026.5.7,0x88e6a0c2ddd26feeb64f039a2c41296fcb3f5640,optimized,uniswapv3-swap,0x000000000004444c5dc75cb358380d2e3de08a90,0xa3956299d319260eb10f48966f68e111e3bd1aa5923ec94aea9bbed15b86bb85,0x00000000000000000000000000000000000000000000000000ce8b24b54c77e4,0x00000000000000000000000000000000000000000000000000ce8b24b54c77e4,true
solc-0.8.36-develop.2026.5.7,solc-0.8.36-develop.2026.5.7,0x88e6a0c2ddd26feeb64f039a2c41296fcb3f5640,optimized,uniswapv3-swap,0x000000000004444c5dc75cb358380d2e3de08a90,0xd5dfa7f7750ae5d3dbe5206f5d0d3632e021d96d6982d639d032ca2a9ce61f78,0x0000000000000000000000000000000000000001000000000000000000000000,0x0000000000000000000000000000000000000001000000000000000000000000,true
solc-0.8.36-develop.2026.5.7,solc-0.8.36-develop.2026.5.7,0x88e6a0c2ddd26feeb64f039a2c41296fcb3f5640,optimized,uniswapv3-swap,0x000000000004444c5dc75cb358380d2e3de08a90,0xd5dfa7f7750ae5d3dbe5206f5d0d3632e021d96d6982d639d032ca2a9ce61f7b,0x0000000000000000000000000000000000000000000000000000000000000000,0x0000000000000000000000000000000000000000000000000000000000000000,true
solc-0.8.36-develop.2026.5.7,solc-0.8.36-develop.2026.5.7,0x88e6a0c2ddd26feeb64f039a2c41296fcb3f5640,optimized,uniswapv3-swap,0x000000000022d473030f116ddee9f6b43ac78ba3,0xedf1cbc11719701560583eb217463ae9b47d69cbba5f05d0616c2b6cc3ee52e3,0x00000000000100006a247f3f0000000000000000000000000000000000000000,0x00000000000100006a247f3f0000000000000000000000000000000000000000,true
solc-0.8.36-develop.2026.5.7,solc-0.8.36-develop.2026.5.7,0x88e6a0c2ddd26feeb64f039a2c41296fcb3f5640,optimized,uniswapv3-swap,0x2260fac5e5542a773aa44fbcfedf7c193bc2c599,0x0000000000000000000000000000000000000000000000000000000000000005,0x0000000000000000000000ca06411bd7a7296d7dbdd0050dfc846e95febeb708,0x0000000000000000000000ca06411bd7a7296d7dbdd0050dfc846e95febeb708,true
solc-0.8.36-develop.2026.5.7,solc-0.8.36-develop.2026.5.7,0x88e6a0c2ddd26feeb64f039a2c41296fcb3f5640,optimized,uniswapv3-swap,0x2260fac5e5542a773aa44fbcfedf7c193bc2c599,0x11fd237061433ba9f221f703bed587e7636b11fbe3815abba27443968931d654,0x00000000000000000000000000000000000000000000000000000019dfa0c9d5,0x00000000000000000000000000000000000000000000000000000019dfa0c9d5,true
solc-0.8.36-develop.2026.5.7,solc-0.8.36-develop.2026.5.7,0x88e6a0c2ddd26feeb64f039a2c41296fcb3f5640,optimized,uniswapv3-swap,0x2260fac5e5542a773aa44fbcfedf7c193bc2c599,0x4d9dce43f1f7944156fad314cb2ab864a7110c0f260a1a641a7c10c43ae6d03e,0x0000000000000000000000000000000000000000000000000000000000000000,0x0000000000000000000000000000000000000000000000000000000000000000,true
solc-0.8.36-develop.2026.5.7,solc-0.8.36-develop.2026.5.7,0x88e6a0c2ddd26feeb64f039a2c41296fcb3f5640,optimized,uniswapv3-swap,0x2260fac5e5542a773aa44fbcfedf7c193bc2c599,0x8641bb179b9aa9ed8dee118e2d357643a656a679df1d0d9f26c18bd21be43bc6,0x00000000000000000000000000000000000000000000000000000002cb964aef,0x00000000000000000000000000000000000000000000000000000002cb964aef,true
solc-0.8.36-develop.2026.5.7,solc-0.8.36-develop.2026.5.7,0x88e6a0c2ddd26feeb64f039a2c41296fcb3f5640,optimized,uniswapv3-swap,0x2260fac5e5542a773aa44fbcfedf7c193bc2c599,0xdc276a4f120117ad5ae6415d1c724b4f3a0e81f0ee6466e1392ca121b63123f2,0x000000000000000000000000000000000000000000000000000000053eac7892,0x000000000000000000000000000000000000000000000000000000053eac7892,true
solc-0.8.36-develop.2026.5.7,solc-0.8.36-develop.2026.5.7,0x88e6a0c2ddd26feeb64f039a2c41296fcb3f5640,optimized,uniswapv3-swap,0x2260fac5e5542a773aa44fbcfedf7c193bc2c599,0xe3b1de349965f47d7ab49c108672c88f4d36a56c931cbc7eb2130bcc572d2a41,0x000000000000000000000000000000000000000000000000000000000600120d,0x000000000000000000000000000000000000000000000000000000000600120d,true
solc-0.8.36-develop.2026.5.7,solc-0.8.36-develop.2026.5.7,0x88e6a0c2ddd26feeb64f039a2c41296fcb3f5640,optimized,uniswapv3-swap,0x4585fe77225b41b697c938b018e2ac67ac5a20c0,0x0000000000000000000000000000000000000000000000000000000000000000,0x000144012c012c00e1040e29000000000009009211212e6e7c0c4523082adbcb,0x000144012c012c00e1040e29000000000009009211212e6e7c0c4523082adbcb,true
solc-0.8.36-develop.2026.5.7,solc-0.8.36-develop.2026.5.7,0x88e6a0c2ddd26feeb64f039a2c41296fcb3f5640,optimized,uniswapv3-swap,0x4585fe77225b41b697c938b018e2ac67ac5a20c0,0x0000000000000000000000000000000000000000000000000000000000000001,0x00000000000000000000000000000000000002fda0921592a7a6229097bf0254,0x00000000000000000000000000000000000002fda0921592a7a6229097bf0254,true
solc-0.8.36-develop.2026.5.7,solc-0.8.36-develop.2026.5.7,0x88e6a0c2ddd26feeb64f039a2c41296fcb3f5640,optimized,uniswapv3-swap,0x4585fe77225b41b697c938b018e2ac67ac5a20c0,0x0000000000000000000000000000000000000000000000000000000000000002,0x00000000000000000000000000009a6c13550e118829c1ae44633d890c5ac377,0x00000000000000000000000000009a6c13550e118829c1ae44633d890c5ac377,true
solc-0.8.36-develop.2026.5.7,solc-0.8.36-develop.2026.5.7,0x88e6a0c2ddd26feeb64f039a2c41296fcb3f5640,optimized,uniswapv3-swap,0x4585fe77225b41b697c938b018e2ac67ac5a20c0,0x0000000000000000000000000000000000000000000000000000000000000003,0x00000000000000000042fd3c343ea69900000000000000000000000000011127,0x00000000000000000042fd3c343ea69900000000000000000000000000011127,true
solc-0.8.36-develop.2026.5.7,solc-0.8.36-develop.2026.5.7,0x88e6a0c2ddd26feeb64f039a2c41296fcb3f5640,optimized,uniswapv3-swap,0x4585fe77225b41b697c938b018e2ac67ac5a20c0,0x0000000000000000000000000000000000000000000000000000000000000004,0x0000000000000000000000000000000000000000000000000311aa06d698e86e,0x0000000000000000000000000000000000000000000000000311aa06d698e86e,true
solc-0.8.36-develop.2026.5.7,solc-0.8.36-develop.2026.5.7,0x88e6a0c2ddd26feeb64f039a2c41296fcb3f5640,optimized,uniswapv3-swap,0x4585fe77225b41b697c938b018e2ac67ac5a20c0,0x00000000000000000000000000000000000000000000000000000000000000e8,0x010000000000000bfe02a57cb697b81e9e54ee1783002560fc81e88c69fcf353,0x010000000000000bfe02a57cb697b81e9e54ee1783002560fc81e88c69fcf353,true
solc-0.8.36-develop.2026.5.7,solc-0.8.36-develop.2026.5.7,0x88e6a0c2ddd26feeb64f039a2c41296fcb3f5640,optimized,uniswapv3-swap,0x4585fe77225b41b697c938b018e2ac67ac5a20c0,0x00000000000000000000000000000000000000000000000000000000000000e9,0x010000000000000bfe02a590aa97628d17217d98d6002560fd753aa069fcf38f,0x010000000000000bfe02a590aa97628d17217d98d6002560fd753aa069fcf38f,true
solc-0.8.36-develop.2026.5.7,solc-0.8.36-develop.2026.5.7,0x88e6a0c2ddd26feeb64f039a2c41296fcb3f5640,optimized,uniswapv3-swap,0x4585fe77225b41b697c938b018e2ac67ac5a20c0,0x42eaf377e852cb7e2313a5bb7f5652a57d77d0cd41c4754d201e61f98c0870b7,0xfffffffffffffffffff023e7fca5a9d90000000000000000000fdc18035a5627,0xfffffffffffffffffff023e7fca5a9d90000000000000000000fdc18035a5627,true
solc-0.8.36-develop.2026.5.7,solc-0.8.36-develop.2026.5.7,0x88e6a0c2ddd26feeb64f039a2c41296fcb3f5640,optimized,uniswapv3-swap,0x4585fe77225b41b697c938b018e2ac67ac5a20c0,0x42eaf377e852cb7e2313a5bb7f5652a57d77d0cd41c4754d201e61f98c0870b8,0x000000000000000000000000000000000000000002cde2448630c495f7329090,0x000000000000000000000000000000000000000002cde2448630c495f7329090,true
solc-0.8.36-develop.2026.5.7,solc-0.8.36-develop.2026.5.7,0x88e6a0c2ddd26feeb64f039a2c41296fcb3f5640,optimized,uniswapv3-swap,0x4585fe77225b41b697c938b018e2ac67ac5a20c0,0x42eaf377e852cb7e2313a5bb7f5652a57d77d0cd41c4754d201e61f98c0870b9,0x00000000000000000000000000000000e354a7c6ed6caa96a082a5c225bbb526,0x00000000000000000000000000000000e354a7c6ed6caa96a082a5c225bbb526,true
solc-0.8.36-develop.2026.5.7,solc-0.8.36-develop.2026.5.7,0x88e6a0c2ddd26feeb64f039a2c41296fcb3f5640,optimized,uniswapv3-swap,0x4585fe77225b41b697c938b018e2ac67ac5a20c0,0x42eaf377e852cb7e2313a5bb7f5652a57d77d0cd41c4754d201e61f98c0870ba,0x0100002a480000000000000000000f8d0155704e06ff84831d000000ab77c328,0x0100002a480000000000000000000f8d0155704e06ff84831d000000ab77c328,true
solc-0.8.36-develop.2026.5.7,solc-0.8.36-develop.2026.5.7,0x88e6a0c2ddd26feeb64f039a2c41296fcb3f5640,optimized,uniswapv3-swap,0x4585fe77225b41b697c938b018e2ac67ac5a20c0,0x62552337360b040ac00905130c40c0e814a32ae1bf4d7c7b02730b479e5eef98,0x9aeb7ffffeffdf6d7ffedaf07ad7fffffcffbfb7fe7ef6d1f5f01f7b44729a3b,0x9aeb7ffffeffdf6d7ffedaf07ad7fffffcffbfb7fe7ef6d1f5f01f7b44729a3b,true
solc-0.8.36-develop.2026.5.7,solc-0.8.36-develop.2026.5.7,0x88e6a0c2ddd26feeb64f039a2c41296fcb3f5640,optimized,uniswapv3-swap,0x56534741cd8b152df6d48adf7ac51f75169a83b2,0x0000000000000000000000000000000000000000000000000000000000000000,0x000144003800380019010510000000000000001c42b937af82ecfa8a3ebfa020,0x000144003800380019010510000000000000001c42b937af82ecfa8a3ebfa020,true
solc-0.8.36-develop.2026.5.7,solc-0.8.36-develop.2026.5.7,0x88e6a0c2ddd26feeb64f039a2c41296fcb3f5640,optimized,uniswapv3-swap,0x56534741cd8b152df6d48adf7ac51f75169a83b2,0x0000000000000000000000000000000000000000000000000000000000000001,0x0000000000000000000000000000000000ae133dea1e25fdd33003a1dc0e2769,0x0000000000000000000000000000000000ae133dea1e25fdd33003a1dc0e2769,true
solc-0.8.36-develop.2026.5.7,solc-0.8.36-develop.2026.5.7,0x88e6a0c2ddd26feeb64f039a2c41296fcb3f5640,optimized,uniswapv3-swap,0x56534741cd8b152df6d48adf7ac51f75169a83b2,0x0000000000000000000000000000000000000000000000000000000000000003,0x00000000000000000000000002b9ec170000000000000000000000000000dc7c,0x00000000000000000000000002b9ec170000000000000000000000000000dc7c,true
solc-0.8.36-develop.2026.5.7,solc-0.8.36-develop.2026.5.7,0x88e6a0c2ddd26feeb64f039a2c41296fcb3f5640,optimized,uniswapv3-swap,0x56534741cd8b152df6d48adf7ac51f75169a83b2,0x0000000000000000000000000000000000000000000000000000000000000004,0x000000000000000000000000000000000000000000000000000004708aa553f9,0x000000000000000000000000000000000000000000000000000004708aa553f9,true
solc-0.8.36-develop.2026.5.7,solc-0.8.36-develop.2026.5.7,0x88e6a0c2ddd26feeb64f039a2c41296fcb3f5640,optimized,uniswapv3-swap,0x56534741cd8b152df6d48adf7ac51f75169a83b2,0x0000000000000000000000000000000000000000000000000000000000000020,0x0102f2939520b2c643ca3d7a4b8013cf5c45d064420008b6f23a940f69fcf30b,0x0102f2939520b2c643ca3d7a4b8013cf5c45d064420008b6f23a940f69fcf30b,true
solc-0.8.36-develop.2026.5.7,solc-0.8.36-develop.2026.5.7,0x88e6a0c2ddd26feeb64f039a2c41296fcb3f5640,optimized,uniswapv3-swap,0x56534741cd8b152df6d48adf7ac51f75169a83b2,0x0000000000000000000000000000000000000000000000000000000000000021,0x0102f2939520b2c643e7f8f293113f972a8f318bb80008b6f2c133eb69fcf38f,0x0102f2939520b2c643e7f8f293113f972a8f318bb80008b6f2c133eb69fcf38f,true
solc-0.8.36-develop.2026.5.7,solc-0.8.36-develop.2026.5.7,0x88e6a0c2ddd26feeb64f039a2c41296fcb3f5640,optimized,uniswapv3-swap,0x56534741cd8b152df6d48adf7ac51f75169a83b2,0x2d88733daa8d83575c1c435b1a4140007e667f8dfbe2e5678ffec947a513e5cd,0x300c3d20224b5f90c00d1204885e674f1ca3a07ebdde6af7fdfdffcdbf7f3dfc,0x300c3d20224b5f90c00d1204885e674f1ca3a07ebdde6af7fdfdffcdbf7f3dfc,true
solc-0.8.36-develop.2026.5.7,solc-0.8.36-develop.2026.5.7,0x88e6a0c2ddd26feeb64f039a2c41296fcb3f5640,optimized,uniswapv3-swap,0x88e6a0c2ddd26feeb64f039a2c41296fcb3f5640,0x0000000000000000000000000000000000000000000000000000000000000000,0x00014402d302d300d0030918000000000000518bd74914397f4152319c28cc4e,0x00014402d302d300d0030918000000000000518bd74914397f4152319c28cc4e,true
solc-0.8.36-develop.2026.5.7,solc-0.8.36-develop.2026.5.7,0x88e6a0c2ddd26feeb64f039a2c41296fcb3f5640,optimized,uniswapv3-swap,0x88e6a0c2ddd26feeb64f039a2c41296fcb3f5640,0x0000000000000000000000000000000000000000000000000000000000000002,0x000000000000000000000000000016fbc3b5c77cad61846af3d48b9cb4196751,0x000000000000000000000000000016fbc3b5c77cad61846af3d48b9cb4196751,true
solc-0.8.36-develop.2026.5.7,solc-0.8.36-develop.2026.5.7,0x88e6a0c2ddd26feeb64f039a2c41296fcb3f5640,optimized,uniswapv3-swap,0x88e6a0c2ddd26feeb64f039a2c41296fcb3f5640,0x0000000000000000000000000000000000000000000000000000000000000003,0x0000000000000000009d8b8f5cacef4d00000000000000000000000006c77846,0x0000000000000000009d8b8f5cacef4d00000000000000000000000006c77846,true
solc-0.8.36-develop.2026.5.7,solc-0.8.36-develop.2026.5.7,0x88e6a0c2ddd26feeb64f039a2c41296fcb3f5640,optimized,uniswapv3-swap,0x88e6a0c2ddd26feeb64f039a2c41296fcb3f5640,0x0000000000000000000000000000000000000000000000000000000000000004,0x00000000000000000000000000000000000000000000000033fa272b6f19d4ab,0x00000000000000000000000000000000000000000000000033fa272b6f19d4ab,true
solc-0.8.36-develop.2026.5.7,solc-0.8.36-develop.2026.5.7,0x88e6a0c2ddd26feeb64f039a2c41296fcb3f5640,optimized,uniswapv3-swap,0x88e6a0c2ddd26feeb64f039a2c41296fcb3f5640,0x00000000000000000000000000000000000000000000000000000000000000d7,0x010000000000000001fffb22cfa94ce43419f4b3c4001c7faa62ae1769fcf383,0x010000000000000001fffb22cfa94ce43419f4b3c4001c7faa62ae1769fcf383,true
solc-0.8.36-develop.2026.5.7,solc-0.8.36-develop.2026.5.7,0x88e6a0c2ddd26feeb64f039a2c41296fcb3f5640,optimized,uniswapv3-swap,0x88e6a0c2ddd26feeb64f039a2c41296fcb3f5640,0x00000000000000000000000000000000000000000000000000000000000000d8,0x010000000000000001fffb230ac3a36910f2aa867e001c7faa871b1369fcf38f,0x010000000000000001fffb230ac3a36910f2aa867e001c7faa871b1369fcf38f,true
solc-0.8.36-develop.2026.5.7,solc-0.8.36-develop.2026.5.7,0x88e6a0c2ddd26feeb64f039a2c41296fcb3f5640,optimized,uniswapv3-swap,0x88e6a0c2ddd26feeb64f039a2c41296fcb3f5640,0x1988775e6c6f4b25d912ae5577f9b19952e8e16a59481301121feafa0d673092,0xfffd7ffffffffffffffffffffffffffffffffffffffffffffffffffffffeffff,0xfffd7ffffffffffffffffffffffffffffffffffffffffffffffffffffffeffff,true
solc-0.8.36-develop.2026.5.7,solc-0.8.36-develop.2026.5.7,0x88e6a0c2ddd26feeb64f039a2c41296fcb3f5640,optimized,uniswapv3-swap,0xa0b86991c6218b36c1d19d4a2e9eb0ce3606eb48,0x0000000000000000000000000000000000000000000000000000000000000001,0x0000000000000000000000004914f61d25e5c567143774b76edbf4d5109a8566,0x0000000000000000000000004914f61d25e5c567143774b76edbf4d5109a8566,true
solc-0.8.36-develop.2026.5.7,solc-0.8.36-develop.2026.5.7,0x88e6a0c2ddd26feeb64f039a2c41296fcb3f5640,optimized,uniswapv3-swap,0xa0b86991c6218b36c1d19d4a2e9eb0ce3606eb48,0x10d6a54a4754c8869d6886b5f5d7fbfa5b4522237ea5c60d11bc4e7a1ff9390b,0x000000000000000000000000807a96288a1a408dbc13de2b1d087d10356395d2,0x000000000000000000000000807a96288a1a408dbc13de2b1d087d10356395d2,true
solc-0.8.36-develop.2026.5.7,solc-0.8.36-develop.2026.5.7,0x88e6a0c2ddd26feeb64f039a2c41296fcb3f5640,optimized,uniswapv3-swap,0xa0b86991c6218b36c1d19d4a2e9eb0ce3606eb48,0x1f21a62c4538bacf2aabeca410f0fe63151869f172e03c0e00357ba26a341eff,0x000000000000000000000000000000000000000000000000000041bde7a6952d,0x000000000000000000000000000000000000000000000000000041bde7a6952d,true
solc-0.8.36-develop.2026.5.7,solc-0.8.36-develop.2026.5.7,0x88e6a0c2ddd26feeb64f039a2c41296fcb3f5640,optimized,uniswapv3-swap,0xa0b86991c6218b36c1d19d4a2e9eb0ce3606eb48,0x3c2304a4bd8ffa93cccd3b8e4c28dbcd5c94236b1a7b40e3dc80ba6953b4cc7a,0x000000000000000000000000000000000000000000000000000058338375c939,0x000000000000000000000000000000000000000000000000000058338375c939,true
solc-0.8.36-develop.2026.5.7,solc-0.8.36-develop.2026.5.7,0x88e6a0c2ddd26feeb64f039a2c41296fcb3f5640,optimized,uniswapv3-swap,0xa0b86991c6218b36c1d19d4a2e9eb0ce3606eb48,0x4d2c6926676a95578f1f83fc7206c731f15ec7c5dbd8d975202dea6c79518b66,0x0000000000000000000000000000000000000000000000000000000000000000,0x0000000000000000000000000000000000000000000000000000000000000000,true
solc-0.8.36-develop.2026.5.7,solc-0.8.36-develop.2026.5.7,0x88e6a0c2ddd26feeb64f039a2c41296fcb3f5640,optimized,uniswapv3-swap,0xa0b86991c6218b36c1d19d4a2e9eb0ce3606eb48,0x7050c9e0f4ca769c69bd3a8ef740bc37934f8e2c036e5a723fd8ee048ed3f8c3,0x00000000000000000000000043506849d7c04f9138d1a2050bbf3a0c054402dd,0x00000000000000000000000043506849d7c04f9138d1a2050bbf3a0c054402dd,true
solc-0.8.36-develop.2026.5.7,solc-0.8.36-develop.2026.5.7,0x88e6a0c2ddd26feeb64f039a2c41296fcb3f5640,optimized,uniswapv3-swap,0xc02aaa39b223fe8d0a0e5c4f27ead9083c756cc2,0x1a2d1c6ecf58e1d6eaffdb48b06f8a1a56defa61c7446d13af9bb1097cbd713a,0x00000000000000000000000000000000000000000000007f94ac1af9027cc652,0x00000000000000000000000000000000000000000000007f94ac1af9027cc652,true
solc-0.8.36-develop.2026.5.7,solc-0.8.36-develop.2026.5.7,0x88e6a0c2ddd26feeb64f039a2c41296fcb3f5640,optimized,uniswapv3-swap,0xc02aaa39b223fe8d0a0e5c4f27ead9083c756cc2,0x2a306d7595987ab10375e6e054d7489cc80c1cf5351587e21ffbd126573f06c6,0x00000000000000000000000000000000000000000000005cb10aca78275bb34d,0x00000000000000000000000000000000000000000000005cb10aca78275bb34d,true
solc-0.8.36-develop.2026.5.7,solc-0.8.36-develop.2026.5.7,0x88e6a0c2ddd26feeb64f039a2c41296fcb3f5640,optimized,uniswapv3-swap,0xc02aaa39b223fe8d0a0e5c4f27ead9083c756cc2,0x390f6178407c9b8e95802b8659e6df8e34c1e3d4f8d6a49e6132bbcdd937b63a,0x0000000000000000000000000000000000000000000002b7547382f6fb65c913,0x0000000000000000000000000000000000000000000002b7547382f6fb65c913,true
solc-0.8.36-develop.2026.5.7,solc-0.8.36-develop.2026.5.7,0x88e6a0c2ddd26feeb64f039a2c41296fcb3f5640,optimized,uniswapv3-swap,0xc02aaa39b223fe8d0a0e5c4f27ead9083c756cc2,0x9ede93be0d8fc6a5eb9cf1c7345a85b7519d8487a727aef0c2f00ab966aa7716,0x0000000000000000000000000000000000000000000003720375b456235de679,0x0000000000000000000000000000000000000000000003720375b456235de679,true
solc-0.8.36-develop.2026.5.7,solc-0.8.36-develop.2026.5.7,0x88e6a0c2ddd26feeb64f039a2c41296fcb3f5640,optimized,uniswapv3-swap,0xc02aaa39b223fe8d0a0e5c4f27ead9083c756cc2,0xfb437cb06df854b0e9a5f9c071f54ee63d1407c751de4e81c7cb3a621a923fa3,0x0000000000000000000000000000000000000000000000000000000000000000,0x0000000000000000000000000000000000000000000000000000000000000000,true
solc-0.8.36-develop.2026.5.7,solc-0.8.36-develop.2026.5.7,0x88e6a0c2ddd26feeb64f039a2c41296fcb3f5640,optimized,uniswapv3-swap,0xc7bbec68d12a0d1830360f8ec58fa599ba1b0e9b,0x0000000000000000000000000000000000000000000000000000000000000000,0x000144003300330018fcf6e20000000000000000000323805fb1cb5b5d1ec1f2,0x000144003300330018fcf6e20000000000000000000323805fb1cb5b5d1ec1f2,true
solc-0.8.36-develop.2026.5.7,solc-0.8.36-develop.2026.5.7,0x88e6a0c2ddd26feeb64f039a2c41296fcb3f5640,optimized,uniswapv3-swap,0xc7bbec68d12a0d1830360f8ec58fa599ba1b0e9b,0x0000000000000000000000000000000000000000000000000000000000000001,0x00000000000000000000000000000dd1950fdc46318e4108ac63a51b9f9d2688,0x00000000000000000000000000000dd1950fdc46318e4108ac63a51b9f9d2688,true
solc-0.8.36-develop.2026.5.7,solc-0.8.36-develop.2026.5.7,0x88e6a0c2ddd26feeb64f039a2c41296fcb3f5640,optimized,uniswapv3-swap,0xc7bbec68d12a0d1830360f8ec58fa599ba1b0e9b,0x0000000000000000000000000000000000000000000000000000000000000003,0x00000000000000000000000000ab541500000000000000000010cbbea9250823,0x00000000000000000000000000ab541500000000000000000010cbbea9250823,true
solc-0.8.36-develop.2026.5.7,solc-0.8.36-develop.2026.5.7,0x88e6a0c2ddd26feeb64f039a2c41296fcb3f5640,optimized,uniswapv3-swap,0xc7bbec68d12a0d1830360f8ec58fa599ba1b0e9b,0x0000000000000000000000000000000000000000000000000000000000000004,0x00000000000000000000000000000000000000000000000005d863c8f2cea9fd,0x00000000000000000000000000000000000000000000000005d863c8f2cea9fd,true
solc-0.8.36-develop.2026.5.7,solc-0.8.36-develop.2026.5.7,0x88e6a0c2ddd26feeb64f039a2c41296fcb3f5640,optimized,uniswapv3-swap,0xc7bbec68d12a0d1830360f8ec58fa599ba1b0e9b,0x000000000000000000000000000000000000000000000000000000000000001f,0x010065520c000028edcfe69d0ed50f7f92dd1daaacffecd98742cfc469fcf377,0x010065520c000028edcfe69d0ed50f7f92dd1daaacffecd98742cfc469fcf377,true
solc-0.8.36-develop.2026.5.7,solc-0.8.36-develop.2026.5.7,0x88e6a0c2ddd26feeb64f039a2c41296fcb3f5640,optimized,uniswapv3-swap,0xc7bbec68d12a0d1830360f8ec58fa599ba1b0e9b,0x0000000000000000000000000000000000000000000000000000000000000020,0x010065520c000028edcfe6a129f025fe3d2e993416ffecd986f9f55469fcf38f,0x010065520c000028edcfe6a129f025fe3d2e993416ffecd986f9f55469fcf38f,true
solc-0.8.36-develop.2026.5.7,solc-0.8.36-develop.2026.5.7,0x88e6a0c2ddd26feeb64f039a2c41296fcb3f5640,optimized,uniswapv3-swap,0xc7bbec68d12a0d1830360f8ec58fa599ba1b0e9b,0x25707baf82e67644f561143c0c5d84ea5c79f78b215bcf1c03200995a55d0882,0x4000000000800000000008000020040008000001010000400040001000000000,0x4000000000800000000008000020040008000001010000400040001000000000,true
solc-0.8.36-develop.2026.5.7,solc-0.8.36-develop.2026.5.7,0x88e6a0c2ddd26feeb64f039a2c41296fcb3f5640,optimized,uniswapv3-swap,0xdac17f958d2ee523a2206206994597c13d831ec7,0x0000000000000000000000000000000000000000000000000000000000000000,0x000000000000000000000000c6cde7c39eb2f0f0095f41570af89efc2c1ea828,0x000000000000000000000000c6cde7c39eb2f0f0095f41570af89efc2c1ea828,true
solc-0.8.36-develop.2026.5.7,solc-0.8.36-develop.2026.5.7,0x88e6a0c2ddd26feeb64f039a2c41296fcb3f5640,optimized,uniswapv3-swap,0xdac17f958d2ee523a2206206994597c13d831ec7,0x0000000000000000000000000000000000000000000000000000000000000003,0x0000000000000000000000000000000000000000000000000000000000000000,0x0000000000000000000000000000000000000000000000000000000000000000,true
solc-0.8.36-develop.2026.5.7,solc-0.8.36-develop.2026.5.7,0x88e6a0c2ddd26feeb64f039a2c41296fcb3f5640,optimized,uniswapv3-swap,0xdac17f958d2ee523a2206206994597c13d831ec7,0x0000000000000000000000000000000000000000000000000000000000000004,0x0000000000000000000000000000000000000000000000000000000000000000,0x0000000000000000000000000000000000000000000000000000000000000000,true
solc-0.8.36-develop.2026.5.7,solc-0.8.36-develop.2026.5.7,0x88e6a0c2ddd26feeb64f039a2c41296fcb3f5640,optimized,uniswapv3-swap,0xdac17f958d2ee523a2206206994597c13d831ec7,0x000000000000000000000000000000000000000000000000000000000000000a,0x0000000000000000000000000000000000000000000000000000000000000000,0x0000000000000000000000000000000000000000000000000000000000000000,true
solc-0.8.36-develop.2026.5.7,solc-0.8.36-develop.2026.5.7,0x88e6a0c2ddd26feeb64f039a2c41296fcb3f5640,optimized,uniswapv3-swap,0xdac17f958d2ee523a2206206994597c13d831ec7,0x4ef6edfc3160644a4ba4315dc3bcea155402722b84386f7045d135dacbc8ce16,0x0000000000000000000000000000000000000000000000000000000000000000,0x0000000000000000000000000000000000000000000000000000000000000000,true
solc-0.8.36-develop.2026.5.7,solc-0.8.36-develop.2026.5.7,0x88e6a0c2ddd26feeb64f039a2c41296fcb3f5640,optimized,uniswapv3-swap,0xdac17f958d2ee523a2206206994597c13d831ec7,0x5a78295ac94dacfc557f7106ea064b1acc0ac048c9e355c345613ff42cd4ff66,0x0000000000000000000000000000000000000000000000000000000000000000,0x0000000000000000000000000000000000000000000000000000000000000000,true
solc-0.8.36-develop.2026.5.7,solc-0.8.36-develop.2026.5.7,0x88e6a0c2ddd26feeb64f039a2c41296fcb3f5640,optimized,uniswapv3-swap,0xdac17f958d2ee523a2206206994597c13d831ec7,0x6be4a3a1db72c2857f39712ccf07fd67bf3b6aa64d1de0802b5b26256efcce4e,0x000000000000000000000000000000000000000000000000000008bedac8ea97,0x000000000000000000000000000000000000000000000000000008bedac8ea97,true
solc-0.8.36-develop.2026.5.7,solc-0.8.36-develop.2026.5.7,0x88e6a0c2ddd26feeb64f039a2c41296fcb3f5640,optimized,uniswapv3-swap,0xdac17f958d2ee523a2206206994597c13d831ec7,0x7398bc983c4259d6f47c9b3b6c6afc05fa43c68cf621b713dda76c7877344958,0x0000000000000000000000000000000000000000000000000000000000000000,0x0000000000000000000000000000000000000000000000000000000000000000,true
solc-0.8.36-develop.2026.5.7,solc-0.8.36-develop.2026.5.7,0x88e6a0c2ddd26feeb64f039a2c41296fcb3f5640,optimized,uniswapv3-swap,0xdac17f958d2ee523a2206206994597c13d831ec7,0x7a464961c125fc990109c53fc6324f805cc788adf74934778792f1f7cfd292ba,0x0000000000000000000000000000000000000000000000000000000000000000,0x0000000000000000000000000000000000000000000000000000000000000000,true
solc-0.8.36-develop.2026.5.7,solc-0.8.36-develop.2026.5.7,0x88e6a0c2ddd26feeb64f039a2c41296fcb3f5640,optimized,uniswapv3-swap,0xdac17f958d2ee523a2206206994597c13d831ec7,0x81579e7a5455cd7eef5ce102af6f0c3c6aad085eb5a018f0c2a01d3277503f3b,0x00000000000000000000000000000000000000000000000000003704f7261e8d,0x00000000000000000000000000000000000000000000000000003704f7261e8d,true
solc-0.8.36-develop.2026.5.7,solc-0.8.36-develop.2026.5.7,0x88e6a0c2ddd26feeb64f039a2c41296fcb3f5640,optimized,uniswapv3-swap,0xdac17f958d2ee523a2206206994597c13d831ec7,0xa4a5df4250c3f90482efa66a230d62b4bb21b7ca04cd6ae1b8ded6d1ce2407a3,0x0000000000000000000000000000000000000000000000000000004126dae1af,0x0000000000000000000000000000000000000000000000000000004126dae1af,true
solc-0.8.36-develop.2026.5.7,solc-0.8.36-develop.2026.5.7,0x88e6a0c2ddd26feeb64f039a2c41296fcb3f5640,optimized,uniswapv3-swap,0xdac17f958d2ee523a2206206994597c13d831ec7,0xb3eb08f8908b50793538019be1a1d12936600f3a4243ae0d6e12252bb716f802,0x0000000000000000000000000000000000000000000000000000000000000000,0x0000000000000000000000000000000000000000000000000000000000000000,true
solc-0.8.36-develop.2026.5.7,solc-0.8.36-develop.2026.5.7,0x88e6a0c2ddd26feeb64f039a2c41296fcb3f5640,optimized,uniswapv3-swap,0xdac17f958d2ee523a2206206994597c13d831ec7,0xd06ef82a07326a6e964ce1700825547c428fbc96deb2e33e7e20498001080d7d,0x000000000000000000000000000000000000000000000000000001a5edb77f06,0x000000000000000000000000000000000000000000000000000001a5edb77f06,true
solc-0.8.36-develop.2026.5.7,solc-0.8.36-develop.2026.5.7,0x88e6a0c2ddd26feeb64f039a2c41296fcb3f5640,optimized-high-runs,uniswapv3-swap,0x000000000004444c5dc75cb358380d2e3de08a90,0x00d8c01a24673e0ad0b0dd6d266a56423dedc90100e8c10f24d454317871695b,0xffd2000000004000000000000000000000000000000000000000000000000000,0xffd2000000004000000000000000000000000000000000000000000000000000,true
solc-0.8.36-develop.2026.5.7,solc-0.8.36-develop.2026.5.7,0x88e6a0c2ddd26feeb64f039a2c41296fcb3f5640,optimized-high-runs,uniswapv3-swap,0x000000000004444c5dc75cb358380d2e3de08a90,0x401bb267f2fde7f72773380a358a126068d2275374680dac039c05559162a496,0x111030c10003301c8094804bee20885029100010092064041da456a517522282,0x111030c10003301c8094804bee20885029100010092064041da456a517522282,true
solc-0.8.36-develop.2026.5.7,solc-0.8.36-develop.2026.5.7,0x88e6a0c2ddd26feeb64f039a2c41296fcb3f5640,optimized-high-runs,uniswapv3-swap,0x000000000004444c5dc75cb358380d2e3de08a90,0x8977f7a7ba33f89c913a4d63cb879a2e0934df8eb67f1d0f6b7479f5b5aac76e,0x0000000001f4000000fbf1d5000000000000000000001c6fcfd2d991d7a609dd,0x0000000001f4000000fbf1d5000000000000000000001c6fcfd2d991d7a609dd,true
solc-0.8.36-develop.2026.5.7,solc-0.8.36-develop.2026.5.7,0x88e6a0c2ddd26feeb64f039a2c41296fcb3f5640,optimized-high-runs,uniswapv3-swap,0x000000000004444c5dc75cb358380d2e3de08a90,0x8977f7a7ba33f89c913a4d63cb879a2e0934df8eb67f1d0f6b7479f5b5aac770,0x000000000000000000000000000000000000009c701f673c1a4626f01f6eb4b6,0x000000000000000000000000000000000000009c701f673c1a4626f01f6eb4b6,true
solc-0.8.36-develop.2026.5.7,solc-0.8.36-develop.2026.5.7,0x88e6a0c2ddd26feeb64f039a2c41296fcb3f5640,optimized-high-runs,uniswapv3-swap,0x000000000004444c5dc75cb358380d2e3de08a90,0x8977f7a7ba33f89c913a4d63cb879a2e0934df8eb67f1d0f6b7479f5b5aac771,0x00000000000000000000000000000000000000000000000000828f3f024c1483,0x00000000000000000000000000000000000000000000000000828f3f024c1483,true
solc-0.8.36-develop.2026.5.7,solc-0.8.36-develop.2026.5.7,0x88e6a0c2ddd26feeb64f039a2c41296fcb3f5640,optimized-high-runs,uniswapv3-swap,0x000000000004444c5dc75cb358380d2e3de08a90,0xa3956299d319260eb10f48966f68e111e3bd1aa5923ec94aea9bbed15b86bb82,0x000000000007000000ffffff0000000000000000fffed18ed628618d67956297,0x000000000007000000ffffff0000000000000000fffed18ed628618d67956297,true
solc-0.8.36-develop.2026.5.7,solc-0.8.36-develop.2026.5.7,0x88e6a0c2ddd26feeb64f039a2c41296fcb3f5640,optimized-high-runs,uniswapv3-swap,0x000000000004444c5dc75cb358380d2e3de08a90,0xa3956299d319260eb10f48966f68e111e3bd1aa5923ec94aea9bbed15b86bb83,0x0000000000000000000000000000000000b11fc785b5120db488bfa430b9a782,0x0000000000000000000000000000000000b11fc785b5120db488bfa430b9a782,true
solc-0.8.36-develop.2026.5.7,solc-0.8.36-develop.2026.5.7,0x88e6a0c2ddd26feeb64f039a2c41296fcb3f5640,optimized-high-runs,uniswapv3-swap,0x000000000004444c5dc75cb358380d2e3de08a90,0xa3956299d319260eb10f48966f68e111e3bd1aa5923ec94aea9bbed15b86bb85,0x00000000000000000000000000000000000000000000000000ce8b24b54c77e4,0x00000000000000000000000000000000000000000000000000ce8b24b54c77e4,true
solc-0.8.36-develop.2026.5.7,solc-0.8.36-develop.2026.5.7,0x88e6a0c2ddd26feeb64f039a2c41296fcb3f5640,optimized-high-runs,uniswapv3-swap,0x000000000004444c5dc75cb358380d2e3de08a90,0xd5dfa7f7750ae5d3dbe5206f5d0d3632e021d96d6982d639d032ca2a9ce61f78,0x0000000000000000000000000000000000000001000000000000000000000000,0x0000000000000000000000000000000000000001000000000000000000000000,true
solc-0.8.36-develop.2026.5.7,solc-0.8.36-develop.2026.5.7,0x88e6a0c2ddd26feeb64f039a2c41296fcb3f5640,optimized-high-runs,uniswapv3-swap,0x000000000004444c5dc75cb358380d2e3de08a90,0xd5dfa7f7750ae5d3dbe5206f5d0d3632e021d96d6982d639d032ca2a9ce61f7b,0x0000000000000000000000000000000000000000000000000000000000000000,0x0000000000000000000000000000000000000000000000000000000000000000,true
solc-0.8.36-develop.2026.5.7,solc-0.8.36-develop.2026.5.7,0x88e6a0c2ddd26feeb64f039a2c41296fcb3f5640,optimized-high-runs,uniswapv3-swap,0x000000000022d473030f116ddee9f6b43ac78ba3,0xedf1cbc11719701560583eb217463ae9b47d69cbba5f05d0616c2b6cc3ee52e3,0x00000000000100006a247f3f0000000000000000000000000000000000000000,0x00000000000100006a247f3f0000000000000000000000000000000000000000,true
solc-0.8.36-develop.2026.5.7,solc-0.8.36-develop.2026.5.7,0x88e6a0c2ddd26feeb64f039a2c41296fcb3f5640,optimized-high-runs,uniswapv3-swap,0x2260fac5e5542a773aa44fbcfedf7c193bc2c599,0x0000000000000000000000000000000000000000000000000000000000000005,0x0000000000000000000000ca06411bd7a7296d7dbdd0050dfc846e95febeb708,0x0000000000000000000000ca06411bd7a7296d7dbdd0050dfc846e95febeb708,true
solc-0.8.36-develop.2026.5.7,solc-0.8.36-develop.2026.5.7,0x88e6a0c2ddd26feeb64f039a2c41296fcb3f5640,optimized-high-runs,uniswapv3-swap,0x2260fac5e5542a773aa44fbcfedf7c193bc2c599,0x11fd237061433ba9f221f703bed587e7636b11fbe3815abba27443968931d654,0x00000000000000000000000000000000000000000000000000000019dfa0c9d5,0x00000000000000000000000000000000000000000000000000000019dfa0c9d5,true
solc-0.8.36-develop.2026.5.7,solc-0.8.36-develop.2026.5.7,0x88e6a0c2ddd26feeb64f039a2c41296fcb3f5640,optimized-high-runs,uniswapv3-swap,0x2260fac5e5542a773aa44fbcfedf7c193bc2c599,0x4d9dce43f1f7944156fad314cb2ab864a7110c0f260a1a641a7c10c43ae6d03e,0x0000000000000000000000000000000000000000000000000000000000000000,0x0000000000000000000000000000000000000000000000000000000000000000,true
solc-0.8.36-develop.2026.5.7,solc-0.8.36-develop.2026.5.7,0x88e6a0c2ddd26feeb64f039a2c41296fcb3f5640,optimized-high-runs,uniswapv3-swap,0x2260fac5e5542a773aa44fbcfedf7c193bc2c599,0x8641bb179b9aa9ed8dee118e2d357643a656a679df1d0d9f26c18bd21be43bc6,0x00000000000000000000000000000000000000000000000000000002cb964aef,0x00000000000000000000000000000000000000000000000000000002cb964aef,true
solc-0.8.36-develop.2026.5.7,solc-0.8.36-develop.2026.5.7,0x88e6a0c2ddd26feeb64f039a2c41296fcb3f5640,optimized-high-runs,uniswapv3-swap,0x2260fac5e5542a773aa44fbcfedf7c193bc2c599,0xdc276a4f120117ad5ae6415d1c724b4f3a0e81f0ee6466e1392ca121b63123f2,0x000000000000000000000000000000000000000000000000000000053eac7892,0x000000000000000000000000000000000000000000000000000000053eac7892,true
solc-0.8.36-develop.2026.5.7,solc-0.8.36-develop.2026.5.7,0x88e6a0c2ddd26feeb64f039a2c41296fcb3f5640,optimized-high-runs,uniswapv3-swap,0x2260fac5e5542a773aa44fbcfedf7c193bc2c599,0xe3b1de349965f47d7ab49c108672c88f4d36a56c931cbc7eb2130bcc572d2a41,0x000000000000000000000000000000000000000000000000000000000600120d,0x000000000000000000000000000000000000000000000000000000000600120d,true
solc-0.8.36-develop.2026.5.7,solc-0.8.36-develop.2026.5.7,0x88e6a0c2ddd26feeb64f039a2c41296fcb3f5640,optimized-high-runs,uniswapv3-swap,0x4585fe77225b41b697c938b018e2ac67ac5a20c0,0x0000000000000000000000000000000000000000000000000000000000000000,0x000144012c012c00e1040e29000000000009009211212e6e7c0c4523082adbcb,0x000144012c012c00e1040e29000000000009009211212e6e7c0c4523082adbcb,true
solc-0.8.36-develop.2026.5.7,solc-0.8.36-develop.2026.5.7,0x88e6a0c2ddd26feeb64f039a2c41296fcb3f5640,optimized-high-runs,uniswapv3-swap,0x4585fe77225b41b697c938b018e2ac67ac5a20c0,0x0000000000000000000000000000000000000000000000000000000000000001,0x00000000000000000000000000000000000002fda0921592a7a6229097bf0254,0x00000000000000000000000000000000000002fda0921592a7a6229097bf0254,true
solc-0.8.36-develop.2026.5.7,solc-0.8.36-develop.2026.5.7,0x88e6a0c2ddd26feeb64f039a2c41296fcb3f5640,optimized-high-runs,uniswapv3-swap,0x4585fe77225b41b697c938b018e2ac67ac5a20c0,0x0000000000000000000000000000000000000000000000000000000000000002,0x00000000000000000000000000009a6c13550e118829c1ae44633d890c5ac377,0x00000000000000000000000000009a6c13550e118829c1ae44633d890c5ac377,true
solc-0.8.36-develop.2026.5.7,solc-0.8.36-develop.2026.5.7,0x88e6a0c2ddd26feeb64f039a2c41296fcb3f5640,optimized-high-runs,uniswapv3-swap,0x4585fe77225b41b697c938b018e2ac67ac5a20c0,0x0000000000000000000000000000000000000000000000000000000000000003,0x00000000000000000042fd3c343ea69900000000000000000000000000011127,0x00000000000000000042fd3c343ea69900000000000000000000000000011127,true
solc-0.8.36-develop.2026.5.7,solc-0.8.36-develop.2026.5.7,0x88e6a0c2ddd26feeb64f039a2c41296fcb3f5640,optimized-high-runs,uniswapv3-swap,0x4585fe77225b41b697c938b018e2ac67ac5a20c0,0x0000000000000000000000000000000000000000000000000000000000000004,0x0000000000000000000000000000000000000000000000000311aa06d698e86e,0x0000000000000000000000000000000000000000000000000311aa06d698e86e,true
solc-0.8.36-develop.2026.5.7,solc-0.8.36-develop.2026.5.7,0x88e6a0c2ddd26feeb64f039a2c41296fcb3f5640,optimized-high-runs,uniswapv3-swap,0x4585fe77225b41b697c938b018e2ac67ac5a20c0,0x00000000000000000000000000000000000000000000000000000000000000e8,0x010000000000000bfe02a57cb697b81e9e54ee1783002560fc81e88c69fcf353,0x010000000000000bfe02a57cb697b81e9e54ee1783002560fc81e88c69fcf353,true
solc-0.8.36-develop.2026.5.7,solc-0.8.36-develop.2026.5.7,0x88e6a0c2ddd26feeb64f039a2c41296fcb3f5640,optimized-high-runs,uniswapv3-swap,0x4585fe77225b41b697c938b018e2ac67ac5a20c0,0x00000000000000000000000000000000000000000000000000000000000000e9,0x010000000000000bfe02a590aa97628d17217d98d6002560fd753aa069fcf38f,0x010000000000000bfe02a590aa97628d17217d98d6002560fd753aa069fcf38f,true
solc-0.8.36-develop.2026.5.7,solc-0.8.36-develop.2026.5.7,0x88e6a0c2ddd26feeb64f039a2c41296fcb3f5640,optimized-high-runs,uniswapv3-swap,0x4585fe77225b41b697c938b018e2ac67ac5a20c0,0x42eaf377e852cb7e2313a5bb7f5652a57d77d0cd41c4754d201e61f98c0870b7,0xfffffffffffffffffff023e7fca5a9d90000000000000000000fdc18035a5627,0xfffffffffffffffffff023e7fca5a9d90000000000000000000fdc18035a5627,true
solc-0.8.36-develop.2026.5.7,solc-0.8.36-develop.2026.5.7,0x88e6a0c2ddd26feeb64f039a2c41296fcb3f5640,optimized-high-runs,uniswapv3-swap,0x4585fe77225b41b697c938b018e2ac67ac5a20c0,0x42eaf377e852cb7e2313a5bb7f5652a57d77d0cd41c4754d201e61f98c0870b8,0x000000000000000000000000000000000000000002cde2448630c495f7329090,0x000000000000000000000000000000000000000002cde2448630c495f7329090,true
solc-0.8.36-develop.2026.5.7,solc-0.8.36-develop.2026.5.7,0x88e6a0c2ddd26feeb64f039a2c41296fcb3f5640,optimized-high-runs,uniswapv3-swap,0x4585fe77225b41b697c938b018e2ac67ac5a20c0,0x42eaf377e852cb7e2313a5bb7f5652a57d77d0cd41c4754d201e61f98c0870b9,0x00000000000000000000000000000000e354a7c6ed6caa96a082a5c225bbb526,0x00000000000000000000000000000000e354a7c6ed6caa96a082a5c225bbb526,true
solc-0.8.36-develop.2026.5.7,solc-0.8.36-develop.2026.5.7,0x88e6a0c2ddd26feeb64f039a2c41296fcb3f5640,optimized-high-runs,uniswapv3-swap,0x4585fe77225b41b697c938b018e2ac67ac5a20c0,0x42eaf377e852cb7e2313a5bb7f5652a57d77d0cd41c4754d201e61f98c0870ba,0x0100002a480000000000000000000f8d0155704e06ff84831d000000ab77c328,0x0100002a480000000000000000000f8d0155704e06ff84831d000000ab77c328,true
solc-0.8.36-develop.2026.5.7,solc-0.8.36-develop.2026.5.7,0x88e6a0c2ddd26feeb64f039a2c41296fcb3f5640,optimized-high-runs,uniswapv3-swap,0x4585fe77225b41b697c938b018e2ac67ac5a20c0,0x62552337360b040ac00905130c40c0e814a32ae1bf4d7c7b02730b479e5eef98,0x9aeb7ffffeffdf6d7ffedaf07ad7fffffcffbfb7fe7ef6d1f5f01f7b44729a3b,0x9aeb7ffffeffdf6d7ffedaf07ad7fffffcffbfb7fe7ef6d1f5f01f7b44729a3b,true
solc-0.8.36-develop.2026.5.7,solc-0.8.36-develop.2026.5.7,0x88e6a0c2ddd26feeb64f039a2c41296fcb3f5640,optimized-high-runs,uniswapv3-swap,0x56534741cd8b152df6d48adf7ac51f75169a83b2,0x0000000000000000000000000000000000000000000000000000000000000000,0x000144003800380019010510000000000000001c42b937af82ecfa8a3ebfa020,0x000144003800380019010510000000000000001c42b937af82ecfa8a3ebfa020,true
solc-0.8.36-develop.2026.5.7,solc-0.8.36-develop.2026.5.7,0x88e6a0c2ddd26feeb64f039a2c41296fcb3f5640,optimized-high-runs,uniswapv3-swap,0x56534741cd8b152df6d48adf7ac51f75169a83b2,0x0000000000000000000000000000000000000000000000000000000000000001,0x0000000000000000000000000000000000ae133dea1e25fdd33003a1dc0e2769,0x0000000000000000000000000000000000ae133dea1e25fdd33003a1dc0e2769,true
solc-0.8.36-develop.2026.5.7,solc-0.8.36-develop.2026.5.7,0x88e6a0c2ddd26feeb64f039a2c41296fcb3f5640,optimized-high-runs,uniswapv3-swap,0x56534741cd8b152df6d48adf7ac51f75169a83b2,0x0000000000000000000000000000000000000000000000000000000000000003,0x00000000000000000000000002b9ec170000000000000000000000000000dc7c,0x00000000000000000000000002b9ec170000000000000000000000000000dc7c,true
solc-0.8.36-develop.2026.5.7,solc-0.8.36-develop.2026.5.7,0x88e6a0c2ddd26feeb64f039a2c41296fcb3f5640,optimized-high-runs,uniswapv3-swap,0x56534741cd8b152df6d48adf7ac51f75169a83b2,0x0000000000000000000000000000000000000000000000000000000000000004,0x000000000000000000000000000000000000000000000000000004708aa553f9,0x000000000000000000000000000000000000000000000000000004708aa553f9,true
solc-0.8.36-develop.2026.5.7,solc-0.8.36-develop.2026.5.7,0x88e6a0c2ddd26feeb64f039a2c41296fcb3f5640,optimized-high-runs,uniswapv3-swap,0x56534741cd8b152df6d48adf7ac51f75169a83b2,0x0000000000000000000000000000000000000000000000000000000000000020,0x0102f2939520b2c643ca3d7a4b8013cf5c45d064420008b6f23a940f69fcf30b,0x0102f2939520b2c643ca3d7a4b8013cf5c45d064420008b6f23a940f69fcf30b,true
solc-0.8.36-develop.2026.5.7,solc-0.8.36-develop.2026.5.7,0x88e6a0c2ddd26feeb64f039a2c41296fcb3f5640,optimized-high-runs,uniswapv3-swap,0x56534741cd8b152df6d48adf7ac51f75169a83b2,0x0000000000000000000000000000000000000000000000000000000000000021,0x0102f2939520b2c643e7f8f293113f972a8f318bb80008b6f2c133eb69fcf38f,0x0102f2939520b2c643e7f8f293113f972a8f318bb80008b6f2c133eb69fcf38f,true
solc-0.8.36-develop.2026.5.7,solc-0.8.36-develop.2026.5.7,0x88e6a0c2ddd26feeb64f039a2c41296fcb3f5640,optimized-high-runs,uniswapv3-swap,0x56534741cd8b152df6d48adf7ac51f75169a83b2,0x2d88733daa8d83575c1c435b1a4140007e667f8dfbe2e5678ffec947a513e5cd,0x300c3d20224b5f90c00d1204885e674f1ca3a07ebdde6af7fdfdffcdbf7f3dfc,0x300c3d20224b5f90c00d1204885e674f1ca3a07ebdde6af7fdfdffcdbf7f3dfc,true
solc-0.8.36-develop.2026.5.7,solc-0.8.36-develop.2026.5.7,0x88e6a0c2ddd26feeb64f039a2c41296fcb3f5640,optimized-high-runs,uniswapv3-swap,0x88e6a0c2ddd26feeb64f039a2c41296fcb3f5640,0x0000000000000000000000000000000000000000000000000000000000000000,0x00014402d302d300d0030918000000000000518bd74914397f4152319c28cc4e,0x00014402d302d300d0030918000000000000518bd74914397f4152319c28cc4e,true
solc-0.8.36-develop.2026.5.7,solc-0.8.36-develop.2026.5.7,0x88e6a0c2ddd26feeb64f039a2c41296fcb3f5640,optimized-high-runs,uniswapv3-swap,0x88e6a0c2ddd26feeb64f039a2c41296fcb3f5640,0x0000000000000000000000000000000000000000000000000000000000000002,0x000000000000000000000000000016fbc3b5c77cad61846af3d48b9cb4196751,0x000000000000000000000000000016fbc3b5c77cad61846af3d48b9cb4196751,true
solc-0.8.36-develop.2026.5.7,solc-0.8.36-develop.2026.5.7,0x88e6a0c2ddd26feeb64f039a2c41296fcb3f5640,optimized-high-runs,uniswapv3-swap,0x88e6a0c2ddd26feeb64f039a2c41296fcb3f5640,0x0000000000000000000000000000000000000000000000000000000000000003,0x0000000000000000009d8b8f5cacef4d00000000000000000000000006c77846,0x0000000000000000009d8b8f5cacef4d00000000000000000000000006c77846,true
solc-0.8.36-develop.2026.5.7,solc-0.8.36-develop.2026.5.7,0x88e6a0c2ddd26feeb64f039a2c41296fcb3f5640,optimized-high-runs,uniswapv3-swap,0x88e6a0c2ddd26feeb64f039a2c41296fcb3f5640,0x0000000000000000000000000000000000000000000000000000000000000004,0x00000000000000000000000000000000000000000000000033fa272b6f19d4ab,0x00000000000000000000000000000000000000000000000033fa272b6f19d4ab,true
solc-0.8.36-develop.2026.5.7,solc-0.8.36-develop.2026.5.7,0x88e6a0c2ddd26feeb64f039a2c41296fcb3f5640,optimized-high-runs,uniswapv3-swap,0x88e6a0c2ddd26feeb64f039a2c41296fcb3f5640,0x00000000000000000000000000000000000000000000000000000000000000d7,0x010000000000000001fffb22cfa94ce43419f4b3c4001c7faa62ae1769fcf383,0x010000000000000001fffb22cfa94ce43419f4b3c4001c7faa62ae1769fcf383,true
solc-0.8.36-develop.2026.5.7,solc-0.8.36-develop.2026.5.7,0x88e6a0c2ddd26feeb64f039a2c41296fcb3f5640,optimized-high-runs,uniswapv3-swap,0x88e6a0c2ddd26feeb64f039a2c41296fcb3f5640,0x00000000000000000000000000000000000000000000000000000000000000d8,0x010000000000000001fffb230ac3a36910f2aa867e001c7faa871b1369fcf38f,0x010000000000000001fffb230ac3a36910f2aa867e001c7faa871b1369fcf38f,true
solc-0.8.36-develop.2026.5.7,solc-0.8.36-develop.2026.5.7,0x88e6a0c2ddd26feeb64f039a2c41296fcb3f5640,optimized-high-runs,uniswapv3-swap,0x88e6a0c2ddd26feeb64f039a2c41296fcb3f5640,0x1988775e6c6f4b25d912ae5577f9b19952e8e16a59481301121feafa0d673092,0xfffd7ffffffffffffffffffffffffffffffffffffffffffffffffffffffeffff,0xfffd7ffffffffffffffffffffffffffffffffffffffffffffffffffffffeffff,true
solc-0.8.36-develop.2026.5.7,solc-0.8.36-develop.2026.5.7,0x88e6a0c2ddd26feeb64f039a2c41296fcb3f5640,optimized-high-runs,uniswapv3-swap,0xa0b86991c6218b36c1d19d4a2e9eb0ce3606eb48,0x0000000000000000000000000000000000000000000000000000000000000001,0x0000000000000000000000004914f61d25e5c567143774b76edbf4d5109a8566,0x0000000000000000000000004914f61d25e5c567143774b76edbf4d5109a8566,true
solc-0.8.36-develop.2026.5.7,solc-0.8.36-develop.2026.5.7,0x88e6a0c2ddd26feeb64f039a2c41296fcb3f5640,optimized-high-runs,uniswapv3-swap,0xa0b86991c6218b36c1d19d4a2e9eb0ce3606eb48,0x10d6a54a4754c8869d6886b5f5d7fbfa5b4522237ea5c60d11bc4e7a1ff9390b,0x000000000000000000000000807a96288a1a408dbc13de2b1d087d10356395d2,0x000000000000000000000000807a96288a1a408dbc13de2b1d087d10356395d2,true
solc-0.8.36-develop.2026.5.7,solc-0.8.36-develop.2026.5.7,0x88e6a0c2ddd26feeb64f039a2c41296fcb3f5640,optimized-high-runs,uniswapv3-swap,0xa0b86991c6218b36c1d19d4a2e9eb0ce3606eb48,0x1f21a62c4538bacf2aabeca410f0fe63151869f172e03c0e00357ba26a341eff,0x000000000000000000000000000000000000000000000000000041bde7a6952d,0x000000000000000000000000000000000000000000000000000041bde7a6952d,true
solc-0.8.36-develop.2026.5.7,solc-0.8.36-develop.2026.5.7,0x88e6a0c2ddd26feeb64f039a2c41296fcb3f5640,optimized-high-runs,uniswapv3-swap,0xa0b86991c6218b36c1d19d4a2e9eb0ce3606eb48,0x3c2304a4bd8ffa93cccd3b8e4c28dbcd5c94236b1a7b40e3dc80ba6953b4cc7a,0x000000000000000000000000000000000000000000000000000058338375c939,0x000000000000000000000000000000000000000000000000000058338375c939,true
solc-0.8.36-develop.2026.5.7,solc-0.8.36-develop.2026.5.7,0x88e6a0c2ddd26feeb64f039a2c41296fcb3f5640,optimized-high-runs,uniswapv3-swap,0xa0b86991c6218b36c1d19d4a2e9eb0ce3606eb48,0x4d2c6926676a95578f1f83fc7206c731f15ec7c5dbd8d975202dea6c79518b66,0x0000000000000000000000000000000000000000000000000000000000000000,0x0000000000000000000000000000000000000000000000000000000000000000,true
solc-0.8.36-develop.2026.5.7,solc-0.8.36-develop.2026.5.7,0x88e6a0c2ddd26feeb64f039a2c41296fcb3f5640,optimized-high-runs,uniswapv3-swap,0xa0b86991c6218b36c1d19d4a2e9eb0ce3606eb48,0x7050c9e0f4ca769c69bd3a8ef740bc37934f8e2c036e5a723fd8ee048ed3f8c3,0x00000000000000000000000043506849d7c04f9138d1a2050bbf3a0c054402dd,0x00000000000000000000000043506849d7c04f9138d1a2050bbf3a0c054402dd,true
solc-0.8.36-develop.2026.5.7,solc-0.8.36-develop.2026.5.7,0x88e6a0c2ddd26feeb64f039a2c41296fcb3f5640,optimized-high-runs,uniswapv3-swap,0xc02aaa39b223fe8d0a0e5c4f27ead9083c756cc2,0x1a2d1c6ecf58e1d6eaffdb48b06f8a1a56defa61c7446d13af9bb1097cbd713a,0x00000000000000000000000000000000000000000000007f94ac1af9027cc652,0x00000000000000000000000000000000000000000000007f94ac1af9027cc652,true
solc-0.8.36-develop.2026.5.7,solc-0.8.36-develop.2026.5.7,0x88e6a0c2ddd26feeb64f039a2c41296fcb3f5640,optimized-high-runs,uniswapv3-swap,0xc02aaa39b223fe8d0a0e5c4f27ead9083c756cc2,0x2a306d7595987ab10375e6e054d7489cc80c1cf5351587e21ffbd126573f06c6,0x00000000000000000000000000000000000000000000005cb10aca78275bb34d,0x00000000000000000000000000000000000000000000005cb10aca78275bb34d,true
solc-0.8.36-develop.2026.5.7,solc-0.8.36-develop.2026.5.7,0x88e6a0c2ddd26feeb64f039a2c41296fcb3f5640,optimized-high-runs,uniswapv3-swap,0xc02aaa39b223fe8d0a0e5c4f27ead9083c756cc2,0x390f6178407c9b8e95802b8659e6df8e34c1e3d4f8d6a49e6132bbcdd937b63a,0x0000000000000000000000000000000000000000000002b7547382f6fb65c913,0x0000000000000000000000000000000000000000000002b7547382f6fb65c913,true
solc-0.8.36-develop.2026.5.7,solc-0.8.36-develop.2026.5.7,0x88e6a0c2ddd26feeb64f039a2c41296fcb3f5640,optimized-high-runs,uniswapv3-swap,0xc02aaa39b223fe8d0a0e5c4f27ead9083c756cc2,0x9ede93be0d8fc6a5eb9cf1c7345a85b7519d8487a727aef0c2f00ab966aa7716,0x0000000000000000000000000000000000000000000003720375b456235de679,0x0000000000000000000000000000000000000000000003720375b456235de679,true
solc-0.8.36-develop.2026.5.7,solc-0.8.36-develop.2026.5.7,0x88e6a0c2ddd26feeb64f039a2c41296fcb3f5640,optimized-high-runs,uniswapv3-swap,0xc02aaa39b223fe8d0a0e5c4f27ead9083c756cc2,0xfb437cb06df854b0e9a5f9c071f54ee63d1407c751de4e81c7cb3a621a923fa3,0x0000000000000000000000000000000000000000000000000000000000000000,0x0000000000000000000000000000000000000000000000000000000000000000,true
solc-0.8.36-develop.2026.5.7,solc-0.8.36-develop.2026.5.7,0x88e6a0c2ddd26feeb64f039a2c41296fcb3f5640,optimized-high-runs,uniswapv3-swap,0xc7bbec68d12a0d1830360f8ec58fa599ba1b0e9b,0x0000000000000000000000000000000000000000000000000000000000000000,0x000144003300330018fcf6e20000000000000000000323805fb1cb5b5d1ec1f2,0x000144003300330018fcf6e20000000000000000000323805fb1cb5b5d1ec1f2,true
solc-0.8.36-develop.2026.5.7,solc-0.8.36-develop.2026.5.7,0x88e6a0c2ddd26feeb64f039a2c41296fcb3f5640,optimized-high-runs,uniswapv3-swap,0xc7bbec68d12a0d1830360f8ec58fa599ba1b0e9b,0x0000000000000000000000000000000000000000000000000000000000000001,0x00000000000000000000000000000dd1950fdc46318e4108ac63a51b9f9d2688,0x00000000000000000000000000000dd1950fdc46318e4108ac63a51b9f9d2688,true
solc-0.8.36-develop.2026.5.7,solc-0.8.36-develop.2026.5.7,0x88e6a0c2ddd26feeb64f039a2c41296fcb3f5640,optimized-high-runs,uniswapv3-swap,0xc7bbec68d12a0d1830360f8ec58fa599ba1b0e9b,0x0000000000000000000000000000000000000000000000000000000000000003,0x00000000000000000000000000ab541500000000000000000010cbbea9250823,0x00000000000000000000000000ab541500000000000000000010cbbea9250823,true
solc-0.8.36-develop.2026.5.7,solc-0.8.36-develop.2026.5.7,0x88e6a0c2ddd26feeb64f039a2c41296fcb3f5640,optimized-high-runs,uniswapv3-swap,0xc7bbec68d12a0d1830360f8ec58fa599ba1b0e9b,0x0000000000000000000000000000000000000000000000000000000000000004,0x00000000000000000000000000000000000000000000000005d863c8f2cea9fd,0x00000000000000000000000000000000000000000000000005d863c8f2cea9fd,true
solc-0.8.36-develop.2026.5.7,solc-0.8.36-develop.2026.5.7,0x88e6a0c2ddd26feeb64f039a2c41296fcb3f5640,optimized-high-runs,uniswapv3-swap,0xc7bbec68d12a0d1830360f8ec58fa599ba1b0e9b,0x000000000000000000000000000000000000000000000000000000000000001f,0x010065520c000028edcfe69d0ed50f7f92dd1daaacffecd98742cfc469fcf377,0x010065520c000028edcfe69d0ed50f7f92dd1daaacffecd98742cfc469fcf377,true
solc-0.8.36-develop.2026.5.7,solc-0.8.36-develop.2026.5.7,0x88e6a0c2ddd26feeb64f039a2c41296fcb3f5640,optimized-high-runs,uniswapv3-swap,0xc7bbec68d12a0d1830360f8ec58fa599ba1b0e9b,0x0000000000000000000000000000000000000000000000000000000000000020,0x010065520c000028edcfe6a129f025fe3d2e993416ffecd986f9f55469fcf38f,0x010065520c000028edcfe6a129f025fe3d2e993416ffecd986f9f55469fcf38f,true
solc-0.8.36-develop.2026.5.7,solc-0.8.36-develop.2026.5.7,0x88e6a0c2ddd26feeb64f039a2c41296fcb3f5640,optimized-high-runs,uniswapv3-swap,0xc7bbec68d12a0d1830360f8ec58fa599ba1b0e9b,0x25707baf82e67644f561143c0c5d84ea5c79f78b215bcf1c03200995a55d0882,0x4000000000800000000008000020040008000001010000400040001000000000,0x4000000000800000000008000020040008000001010000400040001000000000,true
solc-0.8.36-develop.2026.5.7,solc-0.8.36-develop.2026.5.7,0x88e6a0c2ddd26feeb64f039a2c41296fcb3f5640,optimized-high-runs,uniswapv3-swap,0xdac17f958d2ee523a2206206994597c13d831ec7,0x0000000000000000000000000000000000000000000000000000000000000000,0x000000000000000000000000c6cde7c39eb2f0f0095f41570af89efc2c1ea828,0x000000000000000000000000c6cde7c39eb2f0f0095f41570af89efc2c1ea828,true
solc-0.8.36-develop.2026.5.7,solc-0.8.36-develop.2026.5.7,0x88e6a0c2ddd26feeb64f039a2c41296fcb3f5640,optimized-high-runs,uniswapv3-swap,0xdac17f958d2ee523a2206206994597c13d831ec7,0x0000000000000000000000000000000000000000000000000000000000000003,0x0000000000000000000000000000000000000000000000000000000000000000,0x0000000000000000000000000000000000000000000000000000000000000000,true
solc-0.8.36-develop.2026.5.7,solc-0.8.36-develop.2026.5.7,0x88e6a0c2ddd26feeb64f039a2c41296fcb3f5640,optimized-high-runs,uniswapv3-swap,0xdac17f958d2ee523a2206206994597c13d831ec7,0x0000000000000000000000000000000000000000000000000000000000000004,0x0000000000000000000000000000000000000000000000000000000000000000,0x0000000000000000000000000000000000000000000000000000000000000000,true
solc-0.8.36-develop.2026.5.7,solc-0.8.36-develop.2026.5.7,0x88e6a0c2ddd26feeb64f039a2c41296fcb3f5640,optimized-high-runs,uniswapv3-swap,0xdac17f958d2ee523a2206206994597c13d831ec7,0x000000000000000000000000000000000000000000000000000000000000000a,0x0000000000000000000000000000000000000000000000000000000000000000,0x0000000000000000000000000000000000000000000000000000000000000000,true
solc-0.8.36-develop.2026.5.7,solc-0.8.36-develop.2026.5.7,0x88e6a0c2ddd26feeb64f039a2c41296fcb3f5640,optimized-high-runs,uniswapv3-swap,0xdac17f958d2ee523a2206206994597c13d831ec7,0x4ef6edfc3160644a4ba4315dc3bcea155402722b84386f7045d135dacbc8ce16,0x0000000000000000000000000000000000000000000000000000000000000000,0x0000000000000000000000000000000000000000000000000000000000000000,true
solc-0.8.36-develop.2026.5.7,solc-0.8.36-develop.2026.5.7,0x88e6a0c2ddd26feeb64f039a2c41296fcb3f5640,optimized-high-runs,uniswapv3-swap,0xdac17f958d2ee523a2206206994597c13d831ec7,0x5a78295ac94dacfc557f7106ea064b1acc0ac048c9e355c345613ff42cd4ff66,0x0000000000000000000000000000000000000000000000000000000000000000,0x0000000000000000000000000000000000000000000000000000000000000000,true
solc-0.8.36-develop.2026.5.7,solc-0.8.36-develop.2026.5.7,0x88e6a0c2ddd26feeb64f039a2c41296fcb3f5640,optimized-high-runs,uniswapv3-swap,0xdac17f958d2ee523a2206206994597c13d831ec7,0x6be4a3a1db72c2857f39712ccf07fd67bf3b6aa64d1de0802b5b26256efcce4e,0x000000000000000000000000000000000000000000000000000008bedac8ea97,0x000000000000000000000000000000000000000000000000000008bedac8ea97,true
solc-0.8.36-develop.2026.5.7,solc-0.8.36-develop.2026.5.7,0x88e6a0c2ddd26feeb64f039a2c41296fcb3f5640,optimized-high-runs,uniswapv3-swap,0xdac17f958d2ee523a2206206994597c13d831ec7,0x7398bc983c4259d6f47c9b3b6c6afc05fa43c68cf621b713dda76c7877344958,0x0000000000000000000000000000000000000000000000000000000000000000,0x0000000000000000000000000000000000000000000000000000000000000000,true
solc-0.8.36-develop.2026.5.7,solc-0.8.36-develop.2026.5.7,0x88e6a0c2ddd26feeb64f039a2c41296fcb3f5640,optimized-high-runs,uniswapv3-swap,0xdac17f958d2ee523a2206206994597c13d831ec7,0x7a464961c125fc990109c53fc6324f805cc788adf74934778792f1f7cfd292ba,0x0000000000000000000000000000000000000000000000000000000000000000,0x0000000000000000000000000000000000000000000000000000000000000000,true
solc-0.8.36-develop.2026.5.7,solc-0.8.36-develop.2026.5.7,0x88e6a0c2ddd26feeb64f039a2c41296fcb3f5640,optimized-high-runs,uniswapv3-swap,0xdac17f958d2ee523a2206206994597c13d831ec7,0x81579e7a5455cd7eef5ce102af6f0c3c6aad085eb5a018f0c2a01d3277503f3b,0x00000000000000000000000000000000000000000000000000003704f7261e8d,0x00000000000000000000000000000000000000000000000000003704f7261e8d,true
solc-0.8.36-develop.2026.5.7,solc-0.8.36-develop.2026.5.7,0x88e6a0c2ddd26feeb64f039a2c41296fcb3f5640,optimized-high-runs,uniswapv3-swap,0xdac17f958d2ee523a2206206994597c13d831ec7,0xa4a5df4250c3f90482efa66a230d62b4bb21b7ca04cd6ae1b8ded6d1ce2407a3,0x0000000000000000000000000000000000000000000000000000004126dae1af,0x0000000000000000000000000000000000000000000000000000004126dae1af,true
solc-0.8.36-develop.2026.5.7,solc-0.8.36-develop.2026.5.7,0x88e6a0c2ddd26feeb64f039a2c41296fcb3f5640,optimized-high-runs,uniswapv3-swap,0xdac17f958d2ee523a2206206994597c13d831ec7,0xb3eb08f8908b50793538019be1a1d12936600f3a4243ae0d6e12252bb716f802,0x0000000000000000000000000000000000000000000000000000000000000000,0x0000000000000000000000000000000000000000000000000000000000000000,true
solc-0.8.36-develop.2026.5.7,solc-0.8.36-develop.2026.5.7,0x88e6a0c2ddd26feeb64f039a2c41296fcb3f5640,optimized-high-runs,uniswapv3-swap,0xdac17f958d2ee523a2206206994597c13d831ec7,0xd06ef82a07326a6e964ce1700825547c428fbc96deb2e33e7e20498001080d7d,0x000000000000000000000000000000000000000000000000000001a5edb77f06,0x000000000000000000000000000000000000000000000000000001a5edb77f06,true
solc-0.8.36-develop.2026.5.7,solc-0.8.36-develop.2026.5.7,0x88e6a0c2ddd26feeb64f039a2c41296fcb3f5640,optimized-low-runs,uniswapv3-swap,0x000000000004444c5dc75cb358380d2e3de08a90,0x00d8c01a24673e0ad0b0dd6d266a56423dedc90100e8c10f24d454317871695b,0xffd2000000004000000000000000000000000000000000000000000000000000,0xffd2000000004000000000000000000000000000000000000000000000000000,true
solc-0.8.36-develop.2026.5.7,solc-0.8.36-develop.2026.5.7,0x88e6a0c2ddd26feeb64f039a2c41296fcb3f5640,optimized-low-runs,uniswapv3-swap,0x000000000004444c5dc75cb358380d2e3de08a90,0x401bb267f2fde7f72773380a358a126068d2275374680dac039c05559162a496,0x111030c10003301c8094804bee20885029100010092064041da456a517522282,0x111030c10003301c8094804bee20885029100010092064041da456a517522282,true
solc-0.8.36-develop.2026.5.7,solc-0.8.36-develop.2026.5.7,0x88e6a0c2ddd26feeb64f039a2c41296fcb3f5640,optimized-low-runs,uniswapv3-swap,0x000000000004444c5dc75cb358380d2e3de08a90,0x8977f7a7ba33f89c913a4d63cb879a2e0934df8eb67f1d0f6b7479f5b5aac76e,0x0000000001f4000000fbf1d5000000000000000000001c6fcfd2d991d7a609dd,0x0000000001f4000000fbf1d5000000000000000000001c6fcfd2d991d7a609dd,true
solc-0.8.36-develop.2026.5.7,solc-0.8.36-develop.2026.5.7,0x88e6a0c2ddd26feeb64f039a2c41296fcb3f5640,optimized-low-runs,uniswapv3-swap,0x000000000004444c5dc75cb358380d2e3de08a90,0x8977f7a7ba33f89c913a4d63cb879a2e0934df8eb67f1d0f6b7479f5b5aac770,0x000000000000000000000000000000000000009c701f673c1a4626f01f6eb4b6,0x000000000000000000000000000000000000009c701f673c1a4626f01f6eb4b6,true
solc-0.8.36-develop.2026.5.7,solc-0.8.36-develop.2026.5.7,0x88e6a0c2ddd26feeb64f039a2c41296fcb3f5640,optimized-low-runs,uniswapv3-swap,0x000000000004444c5dc75cb358380d2e3de08a90,0x8977f7a7ba33f89c913a4d63cb879a2e0934df8eb67f1d0f6b7479f5b5aac771,0x00000000000000000000000000000000000000000000000000828f3f024c1483,0x00000000000000000000000000000000000000000000000000828f3f024c1483,true
solc-0.8.36-develop.2026.5.7,solc-0.8.36-develop.2026.5.7,0x88e6a0c2ddd26feeb64f039a2c41296fcb3f5640,optimized-low-runs,uniswapv3-swap,0x000000000004444c5dc75cb358380d2e3de08a90,0xa3956299d319260eb10f48966f68e111e3bd1aa5923ec94aea9bbed15b86bb82,0x000000000007000000ffffff0000000000000000fffed18ed628618d67956297,0x000000000007000000ffffff0000000000000000fffed18ed628618d67956297,true
solc-0.8.36-develop.2026.5.7,solc-0.8.36-develop.2026.5.7,0x88e6a0c2ddd26feeb64f039a2c41296fcb3f5640,optimized-low-runs,uniswapv3-swap,0x000000000004444c5dc75cb358380d2e3de08a90,0xa3956299d319260eb10f48966f68e111e3bd1aa5923ec94aea9bbed15b86bb83,0x0000000000000000000000000000000000b11fc785b5120db488bfa430b9a782,0x0000000000000000000000000000000000b11fc785b5120db488bfa430b9a782,true
solc-0.8.36-develop.2026.5.7,solc-0.8.36-develop.2026.5.7,0x88e6a0c2ddd26feeb64f039a2c41296fcb3f5640,optimized-low-runs,uniswapv3-swap,0x000000000004444c5dc75cb358380d2e3de08a90,0xa3956299d319260eb10f48966f68e111e3bd1aa5923ec94aea9bbed15b86bb85,0x00000000000000000000000000000000000000000000000000ce8b24b54c77e4,0x00000000000000000000000000000000000000000000000000ce8b24b54c77e4,true
solc-0.8.36-develop.2026.5.7,solc-0.8.36-develop.2026.5.7,0x88e6a0c2ddd26feeb64f039a2c41296fcb3f5640,optimized-low-runs,uniswapv3-swap,0x000000000004444c5dc75cb358380d2e3de08a90,0xd5dfa7f7750ae5d3dbe5206f5d0d3632e021d96d6982d639d032ca2a9ce61f78,0x0000000000000000000000000000000000000001000000000000000000000000,0x0000000000000000000000000000000000000001000000000000000000000000,true
solc-0.8.36-develop.2026.5.7,solc-0.8.36-develop.2026.5.7,0x88e6a0c2ddd26feeb64f039a2c41296fcb3f5640,optimized-low-runs,uniswapv3-swap,0x000000000004444c5dc75cb358380d2e3de08a90,0xd5dfa7f7750ae5d3dbe5206f5d0d3632e021d96d6982d639d032ca2a9ce61f7b,0x0000000000000000000000000000000000000000000000000000000000000000,0x0000000000000000000000000000000000000000000000000000000000000000,true
solc-0.8.36-develop.2026.5.7,solc-0.8.36-develop.2026.5.7,0x88e6a0c2ddd26feeb64f039a2c41296fcb3f5640,optimized-low-runs,uniswapv3-swap,0x000000000022d473030f116ddee9f6b43ac78ba3,0xedf1cbc11719701560583eb217463ae9b47d69cbba5f05d0616c2b6cc3ee52e3,0x00000000000100006a247f3f0000000000000000000000000000000000000000,0x00000000000100006a247f3f0000000000000000000000000000000000000000,true
solc-0.8.36-develop.2026.5.7,solc-0.8.36-develop.2026.5.7,0x88e6a0c2ddd26feeb64f039a2c41296fcb3f5640,optimized-low-runs,uniswapv3-swap,0x2260fac5e5542a773aa44fbcfedf7c193bc2c599,0x0000000000000000000000000000000000000000000000000000000000000005,0x0000000000000000000000ca06411bd7a7296d7dbdd0050dfc846e95febeb708,0x0000000000000000000000ca06411bd7a7296d7dbdd0050dfc846e95febeb708,true
solc-0.8.36-develop.2026.5.7,solc-0.8.36-develop.2026.5.7,0x88e6a0c2ddd26feeb64f039a2c41296fcb3f5640,optimized-low-runs,uniswapv3-swap,0x2260fac5e5542a773aa44fbcfedf7c193bc2c599,0x11fd237061433ba9f221f703bed587e7636b11fbe3815abba27443968931d654,0x00000000000000000000000000000000000000000000000000000019dfa0c9d5,0x00000000000000000000000000000000000000000000000000000019dfa0c9d5,true
solc-0.8.36-develop.2026.5.7,solc-0.8.36-develop.2026.5.7,0x88e6a0c2ddd26feeb64f039a2c41296fcb3f5640,optimized-low-runs,uniswapv3-swap,0x2260fac5e5542a773aa44fbcfedf7c193bc2c599,0x4d9dce43f1f7944156fad314cb2ab864a7110c0f260a1a641a7c10c43ae6d03e,0x0000000000000000000000000000000000000000000000000000000000000000,0x0000000000000000000000000000000000000000000000000000000000000000,true
solc-0.8.36-develop.2026.5.7,solc-0.8.36-develop.2026.5.7,0x88e6a0c2ddd26feeb64f039a2c41296fcb3f5640,optimized-low-runs,uniswapv3-swap,0x2260fac5e5542a773aa44fbcfedf7c193bc2c599,0x8641bb179b9aa9ed8dee118e2d357643a656a679df1d0d9f26c18bd21be43bc6,0x00000000000000000000000000000000000000000000000000000002cb964aef,0x00000000000000000000000000000000000000000000000000000002cb964aef,true
solc-0.8.36-develop.2026.5.7,solc-0.8.36-develop.2026.5.7,0x88e6a0c2ddd26feeb64f039a2c41296fcb3f5640,optimized-low-runs,uniswapv3-swap,0x2260fac5e5542a773aa44fbcfedf7c193bc2c599,0xdc276a4f120117ad5ae6415d1c724b4f3a0e81f0ee6466e1392ca121b63123f2,0x000000000000000000000000000000000000000000000000000000053eac7892,0x000000000000000000000000000000000000000000000000000000053eac7892,true
solc-0.8.36-develop.2026.5.7,solc-0.8.36-develop.2026.5.7,0x88e6a0c2ddd26feeb64f039a2c41296fcb3f5640,optimized-low-runs,uniswapv3-swap,0x2260fac5e5542a773aa44fbcfedf7c193bc2c599,0xe3b1de349965f47d7ab49c108672c88f4d36a56c931cbc7eb2130bcc572d2a41,0x000000000000000000000000000000000000000000000000000000000600120d,0x000000000000000000000000000000000000000000000000000000000600120d,true
solc-0.8.36-develop.2026.5.7,solc-0.8.36-develop.2026.5.7,0x88e6a0c2ddd26feeb64f039a2c41296fcb3f5640,optimized-low-runs,uniswapv3-swap,0x4585fe77225b41b697c938b018e2ac67ac5a20c0,0x0000000000000000000000000000000000000000000000000000000000000000,0x000144012c012c00e1040e29000000000009009211212e6e7c0c4523082adbcb,0x000144012c012c00e1040e29000000000009009211212e6e7c0c4523082adbcb,true
solc-0.8.36-develop.2026.5.7,solc-0.8.36-develop.2026.5.7,0x88e6a0c2ddd26feeb64f039a2c41296fcb3f5640,optimized-low-runs,uniswapv3-swap,0x4585fe77225b41b697c938b018e2ac67ac5a20c0,0x0000000000000000000000000000000000000000000000000000000000000001,0x00000000000000000000000000000000000002fda0921592a7a6229097bf0254,0x00000000000000000000000000000000000002fda0921592a7a6229097bf0254,true
solc-0.8.36-develop.2026.5.7,solc-0.8.36-develop.2026.5.7,0x88e6a0c2ddd26feeb64f039a2c41296fcb3f5640,optimized-low-runs,uniswapv3-swap,0x4585fe77225b41b697c938b018e2ac67ac5a20c0,0x0000000000000000000000000000000000000000000000000000000000000002,0x00000000000000000000000000009a6c13550e118829c1ae44633d890c5ac377,0x00000000000000000000000000009a6c13550e118829c1ae44633d890c5ac377,true
solc-0.8.36-develop.2026.5.7,solc-0.8.36-develop.2026.5.7,0x88e6a0c2ddd26feeb64f039a2c41296fcb3f5640,optimized-low-runs,uniswapv3-swap,0x4585fe77225b41b697c938b018e2ac67ac5a20c0,0x0000000000000000000000000000000000000000000000000000000000000003,0x00000000000000000042fd3c343ea69900000000000000000000000000011127,0x00000000000000000042fd3c343ea69900000000000000000000000000011127,true
solc-0.8.36-develop.2026.5.7,solc-0.8.36-develop.2026.5.7,0x88e6a0c2ddd26feeb64f039a2c41296fcb3f5640,optimized-low-runs,uniswapv3-swap,0x4585fe77225b41b697c938b018e2ac67ac5a20c0,0x0000000000000000000000000000000000000000000000000000000000000004,0x0000000000000000000000000000000000000000000000000311aa06d698e86e,0x0000000000000000000000000000000000000000000000000311aa06d698e86e,true
solc-0.8.36-develop.2026.5.7,solc-0.8.36-develop.2026.5.7,0x88e6a0c2ddd26feeb64f039a2c41296fcb3f5640,optimized-low-runs,uniswapv3-swap,0x4585fe77225b41b697c938b018e2ac67ac5a20c0,0x00000000000000000000000000000000000000000000000000000000000000e8,0x010000000000000bfe02a57cb697b81e9e54ee1783002560fc81e88c69fcf353,0x010000000000000bfe02a57cb697b81e9e54ee1783002560fc81e88c69fcf353,true
solc-0.8.36-develop.2026.5.7,solc-0.8.36-develop.2026.5.7,0x88e6a0c2ddd26feeb64f039a2c41296fcb3f5640,optimized-low-runs,uniswapv3-swap,0x4585fe77225b41b697c938b018e2ac67ac5a20c0,0x00000000000000000000000000000000000000000000000000000000000000e9,0x010000000000000bfe02a590aa97628d17217d98d6002560fd753aa069fcf38f,0x010000000000000bfe02a590aa97628d17217d98d6002560fd753aa069fcf38f,true
solc-0.8.36-develop.2026.5.7,solc-0.8.36-develop.2026.5.7,0x88e6a0c2ddd26feeb64f039a2c41296fcb3f5640,optimized-low-runs,uniswapv3-swap,0x4585fe77225b41b697c938b018e2ac67ac5a20c0,0x42eaf377e852cb7e2313a5bb7f5652a57d77d0cd41c4754d201e61f98c0870b7,0xfffffffffffffffffff023e7fca5a9d90000000000000000000fdc18035a5627,0xfffffffffffffffffff023e7fca5a9d90000000000000000000fdc18035a5627,true
solc-0.8.36-develop.2026.5.7,solc-0.8.36-develop.2026.5.7,0x88e6a0c2ddd26feeb64f039a2c41296fcb3f5640,optimized-low-runs,uniswapv3-swap,0x4585fe77225b41b697c938b018e2ac67ac5a20c0,0x42eaf377e852cb7e2313a5bb7f5652a57d77d0cd41c4754d201e61f98c0870b8,0x000000000000000000000000000000000000000002cde2448630c495f7329090,0x000000000000000000000000000000000000000002cde2448630c495f7329090,true
solc-0.8.36-develop.2026.5.7,solc-0.8.36-develop.2026.5.7,0x88e6a0c2ddd26feeb64f039a2c41296fcb3f5640,optimized-low-runs,uniswapv3-swap,0x4585fe77225b41b697c938b018e2ac67ac5a20c0,0x42eaf377e852cb7e2313a5bb7f5652a57d77d0cd41c4754d201e61f98c0870b9,0x00000000000000000000000000000000e354a7c6ed6caa96a082a5c225bbb526,0x00000000000000000000000000000000e354a7c6ed6caa96a082a5c225bbb526,true
solc-0.8.36-develop.2026.5.7,solc-0.8.36-develop.2026.5.7,0x88e6a0c2ddd26feeb64f039a2c41296fcb3f5640,optimized-low-runs,uniswapv3-swap,0x4585fe77225b41b697c938b018e2ac67ac5a20c0,0x42eaf377e852cb7e2313a5bb7f5652a57d77d0cd41c4754d201e61f98c0870ba,0x0100002a480000000000000000000f8d0155704e06ff84831d000000ab77c328,0x0100002a480000000000000000000f8d0155704e06ff84831d000000ab77c328,true
solc-0.8.36-develop.2026.5.7,solc-0.8.36-develop.2026.5.7,0x88e6a0c2ddd26feeb64f039a2c41296fcb3f5640,optimized-low-runs,uniswapv3-swap,0x4585fe77225b41b697c938b018e2ac67ac5a20c0,0x62552337360b040ac00905130c40c0e814a32ae1bf4d7c7b02730b479e5eef98,0x9aeb7ffffeffdf6d7ffedaf07ad7fffffcffbfb7fe7ef6d1f5f01f7b44729a3b,0x9aeb7ffffeffdf6d7ffedaf07ad7fffffcffbfb7fe7ef6d1f5f01f7b44729a3b,true
solc-0.8.36-develop.2026.5.7,solc-0.8.36-develop.2026.5.7,0x88e6a0c2ddd26feeb64f039a2c41296fcb3f5640,optimized-low-runs,uniswapv3-swap,0x56534741cd8b152df6d48adf7ac51f75169a83b2,0x0000000000000000000000000000000000000000000000000000000000000000,0x000144003800380019010510000000000000001c42b937af82ecfa8a3ebfa020,0x000144003800380019010510000000000000001c42b937af82ecfa8a3ebfa020,true
solc-0.8.36-develop.2026.5.7,solc-0.8.36-develop.2026.5.7,0x88e6a0c2ddd26feeb64f039a2c41296fcb3f5640,optimized-low-runs,uniswapv3-swap,0x56534741cd8b152df6d48adf7ac51f75169a83b2,0x0000000000000000000000000000000000000000000000000000000000000001,0x0000000000000000000000000000000000ae133dea1e25fdd33003a1dc0e2769,0x0000000000000000000000000000000000ae133dea1e25fdd33003a1dc0e2769,true
solc-0.8.36-develop.2026.5.7,solc-0.8.36-develop.2026.5.7,0x88e6a0c2ddd26feeb64f039a2c41296fcb3f5640,optimized-low-runs,uniswapv3-swap,0x56534741cd8b152df6d48adf7ac51f75169a83b2,0x0000000000000000000000000000000000000000000000000000000000000003,0x00000000000000000000000002b9ec170000000000000000000000000000dc7c,0x00000000000000000000000002b9ec170000000000000000000000000000dc7c,true
solc-0.8.36-develop.2026.5.7,solc-0.8.36-develop.2026.5.7,0x88e6a0c2ddd26feeb64f039a2c41296fcb3f5640,optimized-low-runs,uniswapv3-swap,0x56534741cd8b152df6d48adf7ac51f75169a83b2,0x0000000000000000000000000000000000000000000000000000000000000004,0x000000000000000000000000000000000000000000000000000004708aa553f9,0x000000000000000000000000000000000000000000000000000004708aa553f9,true
solc-0.8.36-develop.2026.5.7,solc-0.8.36-develop.2026.5.7,0x88e6a0c2ddd26feeb64f039a2c41296fcb3f5640,optimized-low-runs,uniswapv3-swap,0x56534741cd8b152df6d48adf7ac51f75169a83b2,0x0000000000000000000000000000000000000000000000000000000000000020,0x0102f2939520b2c643ca3d7a4b8013cf5c45d064420008b6f23a940f69fcf30b,0x0102f2939520b2c643ca3d7a4b8013cf5c45d064420008b6f23a940f69fcf30b,true
solc-0.8.36-develop.2026.5.7,solc-0.8.36-develop.2026.5.7,0x88e6a0c2ddd26feeb64f039a2c41296fcb3f5640,optimized-low-runs,uniswapv3-swap,0x56534741cd8b152df6d48adf7ac51f75169a83b2,0x0000000000000000000000000000000000000000000000000000000000000021,0x0102f2939520b2c643e7f8f293113f972a8f318bb80008b6f2c133eb69fcf38f,0x0102f2939520b2c643e7f8f293113f972a8f318bb80008b6f2c133eb69fcf38f,true
solc-0.8.36-develop.2026.5.7,solc-0.8.36-develop.2026.5.7,0x88e6a0c2ddd26feeb64f039a2c41296fcb3f5640,optimized-low-runs,uniswapv3-swap,0x56534741cd8b152df6d48adf7ac51f75169a83b2,0x2d88733daa8d83575c1c435b1a4140007e667f8dfbe2e5678ffec947a513e5cd,0x300c3d20224b5f90c00d1204885e674f1ca3a07ebdde6af7fdfdffcdbf7f3dfc,0x300c3d20224b5f90c00d1204885e674f1ca3a07ebdde6af7fdfdffcdbf7f3dfc,true
solc-0.8.36-develop.2026.5.7,solc-0.8.36-develop.2026.5.7,0x88e6a0c2ddd26feeb64f039a2c41296fcb3f5640,optimized-low-runs,uniswapv3-swap,0x88e6a0c2ddd26feeb64f039a2c41296fcb3f5640,0x0000000000000000000000000000000000000000000000000000000000000000,0x00014402d302d300d0030918000000000000518bd74914397f4152319c28cc4e,0x00014402d302d300d0030918000000000000518bd74914397f4152319c28cc4e,true
solc-0.8.36-develop.2026.5.7,solc-0.8.36-develop.2026.5.7,0x88e6a0c2ddd26feeb64f039a2c41296fcb3f5640,optimized-low-runs,uniswapv3-swap,0x88e6a0c2ddd26feeb64f039a2c41296fcb3f5640,0x0000000000000000000000000000000000000000000000000000000000000002,0x000000000000000000000000000016fbc3b5c77cad61846af3d48b9cb4196751,0x000000000000000000000000000016fbc3b5c77cad61846af3d48b9cb4196751,true
solc-0.8.36-develop.2026.5.7,solc-0.8.36-develop.2026.5.7,0x88e6a0c2ddd26feeb64f039a2c41296fcb3f5640,optimized-low-runs,uniswapv3-swap,0x88e6a0c2ddd26feeb64f039a2c41296fcb3f5640,0x0000000000000000000000000000000000000000000000000000000000000003,0x0000000000000000009d8b8f5cacef4d00000000000000000000000006c77846,0x0000000000000000009d8b8f5cacef4d00000000000000000000000006c77846,true
solc-0.8.36-develop.2026.5.7,solc-0.8.36-develop.2026.5.7,0x88e6a0c2ddd26feeb64f039a2c41296fcb3f5640,optimized-low-runs,uniswapv3-swap,0x88e6a0c2ddd26feeb64f039a2c41296fcb3f5640,0x0000000000000000000000000000000000000000000000000000000000000004,0x00000000000000000000000000000000000000000000000033fa272b6f19d4ab,0x00000000000000000000000000000000000000000000000033fa272b6f19d4ab,true
solc-0.8.36-develop.2026.5.7,solc-0.8.36-develop.2026.5.7,0x88e6a0c2ddd26feeb64f039a2c41296fcb3f5640,optimized-low-runs,uniswapv3-swap,0x88e6a0c2ddd26feeb64f039a2c41296fcb3f5640,0x00000000000000000000000000000000000000000000000000000000000000d7,0x010000000000000001fffb22cfa94ce43419f4b3c4001c7faa62ae1769fcf383,0x010000000000000001fffb22cfa94ce43419f4b3c4001c7faa62ae1769fcf383,true
solc-0.8.36-develop.2026.5.7,solc-0.8.36-develop.2026.5.7,0x88e6a0c2ddd26feeb64f039a2c41296fcb3f5640,optimized-low-runs,uniswapv3-swap,0x88e6a0c2ddd26feeb64f039a2c41296fcb3f5640,0x00000000000000000000000000000000000000000000000000000000000000d8,0x010000000000000001fffb230ac3a36910f2aa867e001c7faa871b1369fcf38f,0x010000000000000001fffb230ac3a36910f2aa867e001c7faa871b1369fcf38f,true
solc-0.8.36-develop.2026.5.7,solc-0.8.36-develop.2026.5.7,0x88e6a0c2ddd26feeb64f039a2c41296fcb3f5640,optimized-low-runs,uniswapv3-swap,0x88e6a0c2ddd26feeb64f039a2c41296fcb3f5640,0x1988775e6c6f4b25d912ae5577f9b19952e8e16a59481301121feafa0d673092,0xfffd7ffffffffffffffffffffffffffffffffffffffffffffffffffffffeffff,0xfffd7ffffffffffffffffffffffffffffffffffffffffffffffffffffffeffff,true
solc-0.8.36-develop.2026.5.7,solc-0.8.36-develop.2026.5.7,0x88e6a0c2ddd26feeb64f039a2c41296fcb3f5640,optimized-low-runs,uniswapv3-swap,0xa0b86991c6218b36c1d19d4a2e9eb0ce3606eb48,0x0000000000000000000000000000000000000000000000000000000000000001,0x0000000000000000000000004914f61d25e5c567143774b76edbf4d5109a8566,0x0000000000000000000000004914f61d25e5c567143774b76edbf4d5109a8566,true
solc-0.8.36-develop.2026.5.7,solc-0.8.36-develop.2026.5.7,0x88e6a0c2ddd26feeb64f039a2c41296fcb3f5640,optimized-low-runs,uniswapv3-swap,0xa0b86991c6218b36c1d19d4a2e9eb0ce3606eb48,0x10d6a54a4754c8869d6886b5f5d7fbfa5b4522237ea5c60d11bc4e7a1ff9390b,0x000000000000000000000000807a96288a1a408dbc13de2b1d087d10356395d2,0x000000000000000000000000807a96288a1a408dbc13de2b1d087d10356395d2,true
solc-0.8.36-develop.2026.5.7,solc-0.8.36-develop.2026.5.7,0x88e6a0c2ddd26feeb64f039a2c41296fcb3f5640,optimized-low-runs,uniswapv3-swap,0xa0b86991c6218b36c1d19d4a2e9eb0ce3606eb48,0x1f21a62c4538bacf2aabeca410f0fe63151869f172e03c0e00357ba26a341eff,0x000000000000000000000000000000000000000000000000000041bde7a6952d,0x000000000000000000000000000000000000000000000000000041bde7a6952d,true
solc-0.8.36-develop.2026.5.7,solc-0.8.36-develop.2026.5.7,0x88e6a0c2ddd26feeb64f039a2c41296fcb3f5640,optimized-low-runs,uniswapv3-swap,0xa0b86991c6218b36c1d19d4a2e9eb0ce3606eb48,0x3c2304a4bd8ffa93cccd3b8e4c28dbcd5c94236b1a7b40e3dc80ba6953b4cc7a,0x000000000000000000000000000000000000000000000000000058338375c939,0x000000000000000000000000000000000000000000000000000058338375c939,true
solc-0.8.36-develop.2026.5.7,solc-0.8.36-develop.2026.5.7,0x88e6a0c2ddd26feeb64f039a2c41296fcb3f5640,optimized-low-runs,uniswapv3-swap,0xa0b86991c6218b36c1d19d4a2e9eb0ce3606eb48,0x4d2c6926676a95578f1f83fc7206c731f15ec7c5dbd8d975202dea6c79518b66,0x0000000000000000000000000000000000000000000000000000000000000000,0x0000000000000000000000000000000000000000000000000000000000000000,true
solc-0.8.36-develop.2026.5.7,solc-0.8.36-develop.2026.5.7,0x88e6a0c2ddd26feeb64f039a2c41296fcb3f5640,optimized-low-runs,uniswapv3-swap,0xa0b86991c6218b36c1d19d4a2e9eb0ce3606eb48,0x7050c9e0f4ca769c69bd3a8ef740bc37934f8e2c036e5a723fd8ee048ed3f8c3,0x00000000000000000000000043506849d7c04f9138d1a2050bbf3a0c054402dd,0x00000000000000000000000043506849d7c04f9138d1a2050bbf3a0c054402dd,true
solc-0.8.36-develop.2026.5.7,solc-0.8.36-develop.2026.5.7,0x88e6a0c2ddd26feeb64f039a2c41296fcb3f5640,optimized-low-runs,uniswapv3-swap,0xc02aaa39b223fe8d0a0e5c4f27ead9083c756cc2,0x1a2d1c6ecf58e1d6eaffdb48b06f8a1a56defa61c7446d13af9bb1097cbd713a,0x00000000000000000000000000000000000000000000007f94ac1af9027cc652,0x00000000000000000000000000000000000000000000007f94ac1af9027cc652,true
solc-0.8.36-develop.2026.5.7,solc-0.8.36-develop.2026.5.7,0x88e6a0c2ddd26feeb64f039a2c41296fcb3f5640,optimized-low-runs,uniswapv3-swap,0xc02aaa39b223fe8d0a0e5c4f27ead9083c756cc2,0x2a306d7595987ab10375e6e054d7489cc80c1cf5351587e21ffbd126573f06c6,0x00000000000000000000000000000000000000000000005cb10aca78275bb34d,0x00000000000000000000000000000000000000000000005cb10aca78275bb34d,true
solc-0.8.36-develop.2026.5.7,solc-0.8.36-develop.2026.5.7,0x88e6a0c2ddd26feeb64f039a2c41296fcb3f5640,optimized-low-runs,uniswapv3-swap,0xc02aaa39b223fe8d0a0e5c4f27ead9083c756cc2,0x390f6178407c9b8e95802b8659e6df8e34c1e3d4f8d6a49e6132bbcdd937b63a,0x0000000000000000000000000000000000000000000002b7547382f6fb65c913,0x0000000000000000000000000000000000000000000002b7547382f6fb65c913,true
solc-0.8.36-develop.2026.5.7,solc-0.8.36-develop.2026.5.7,0x88e6a0c2ddd26feeb64f039a2c41296fcb3f5640,optimized-low-runs,uniswapv3-swap,0xc02aaa39b223fe8d0a0e5c4f27ead9083c756cc2,0x9ede93be0d8fc6a5eb9cf1c7345a85b7519d8487a727aef0c2f00ab966aa7716,0x0000000000000000000000000000000000000000000003720375b456235de679,0x0000000000000000000000000000000000000000000003720375b456235de679,true
solc-0.8.36-develop.2026.5.7,solc-0.8.36-develop.2026.5.7,0x88e6a0c2ddd26feeb64f039a2c41296fcb3f5640,optimized-low-runs,uniswapv3-swap,0xc02aaa39b223fe8d0a0e5c4f27ead9083c756cc2,0xfb437cb06df854b0e9a5f9c071f54ee63d1407c751de4e81c7cb3a621a923fa3,0x0000000000000000000000000000000000000000000000000000000000000000,0x0000000000000000000000000000000000000000000000000000000000000000,true
solc-0.8.36-develop.2026.5.7,solc-0.8.36-develop.2026.5.7,0x88e6a0c2ddd26feeb64f039a2c41296fcb3f5640,optimized-low-runs,uniswapv3-swap,0xc7bbec68d12a0d1830360f8ec58fa599ba1b0e9b,0x0000000000000000000000000000000000000000000000000000000000000000,0x000144003300330018fcf6e20000000000000000000323805fb1cb5b5d1ec1f2,0x000144003300330018fcf6e20000000000000000000323805fb1cb5b5d1ec1f2,true
solc-0.8.36-develop.2026.5.7,solc-0.8.36-develop.2026.5.7,0x88e6a0c2ddd26feeb64f039a2c41296fcb3f5640,optimized-low-runs,uniswapv3-swap,0xc7bbec68d12a0d1830360f8ec58fa599ba1b0e9b,0x0000000000000000000000000000000000000000000000000000000000000001,0x00000000000000000000000000000dd1950fdc46318e4108ac63a51b9f9d2688,0x00000000000000000000000000000dd1950fdc46318e4108ac63a51b9f9d2688,true
solc-0.8.36-develop.2026.5.7,solc-0.8.36-develop.2026.5.7,0x88e6a0c2ddd26feeb64f039a2c41296fcb3f5640,optimized-low-runs,uniswapv3-swap,0xc7bbec68d12a0d1830360f8ec58fa599ba1b0e9b,0x0000000000000000000000000000000000000000000000000000000000000003,0x00000000000000000000000000ab541500000000000000000010cbbea9250823,0x00000000000000000000000000ab541500000000000000000010cbbea9250823,true
solc-0.8.36-develop.2026.5.7,solc-0.8.36-develop.2026.5.7,0x88e6a0c2ddd26feeb64f039a2c41296fcb3f5640,optimized-low-runs,uniswapv3-swap,0xc7bbec68d12a0d1830360f8ec58fa599ba1b0e9b,0x0000000000000000000000000000000000000000000000000000000000000004,0x00000000000000000000000000000000000000000000000005d863c8f2cea9fd,0x00000000000000000000000000000000000000000000000005d863c8f2cea9fd,true
solc-0.8.36-develop.2026.5.7,solc-0.8.36-develop.2026.5.7,0x88e6a0c2ddd26feeb64f039a2c41296fcb3f5640,optimized-low-runs,uniswapv3-swap,0xc7bbec68d12a0d1830360f8ec58fa599ba1b0e9b,0x000000000000000000000000000000000000000000000000000000000000001f,0x010065520c000028edcfe69d0ed50f7f92dd1daaacffecd98742cfc469fcf377,0x010065520c000028edcfe69d0ed50f7f92dd1daaacffecd98742cfc469fcf377,true
solc-0.8.36-develop.2026.5.7,solc-0.8.36-develop.2026.5.7,0x88e6a0c2ddd26feeb64f039a2c41296fcb3f5640,optimized-low-runs,uniswapv3-swap,0xc7bbec68d12a0d1830360f8ec58fa599ba1b0e9b,0x0000000000000000000000000000000000000000000000000000000000000020,0x010065520c000028edcfe6a129f025fe3d2e993416ffecd986f9f55469fcf38f,0x010065520c000028edcfe6a129f025fe3d2e993416ffecd986f9f55469fcf38f,true
solc-0.8.36-develop.2026.5.7,solc-0.8.36-develop.2026.5.7,0x88e6a0c2ddd26feeb64f039a2c41296fcb3f5640,optimized-low-runs,uniswapv3-swap,0xc7bbec68d12a0d1830360f8ec58fa599ba1b0e9b,0x25707baf82e67644f561143c0c5d84ea5c79f78b215bcf1c03200995a55d0882,0x4000000000800000000008000020040008000001010000400040001000000000,0x4000000000800000000008000020040008000001010000400040001000000000,true
solc-0.8.36-develop.2026.5.7,solc-0.8.36-develop.2026.5.7,0x88e6a0c2ddd26feeb64f039a2c41296fcb3f5640,optimized-low-runs,uniswapv3-swap,0xdac17f958d2ee523a2206206994597c13d831ec7,0x0000000000000000000000000000000000000000000000000000000000000000,0x000000000000000000000000c6cde7c39eb2f0f0095f41570af89efc2c1ea828,0x000000000000000000000000c6cde7c39eb2f0f0095f41570af89efc2c1ea828,true
solc-0.8.36-develop.2026.5.7,solc-0.8.36-develop.2026.5.7,0x88e6a0c2ddd26feeb64f039a2c41296fcb3f5640,optimized-low-runs,uniswapv3-swap,0xdac17f958d2ee523a2206206994597c13d831ec7,0x0000000000000000000000000000000000000000000000000000000000000003,0x0000000000000000000000000000000000000000000000000000000000000000,0x0000000000000000000000000000000000000000000000000000000000000000,true
solc-0.8.36-develop.2026.5.7,solc-0.8.36-develop.2026.5.7,0x88e6a0c2ddd26feeb64f039a2c41296fcb3f5640,optimized-low-runs,uniswapv3-swap,0xdac17f958d2ee523a2206206994597c13d831ec7,0x0000000000000000000000000000000000000000000000000000000000000004,0x0000000000000000000000000000000000000000000000000000000000000000,0x0000000000000000000000000000000000000000000000000000000000000000,true
solc-0.8.36-develop.2026.5.7,solc-0.8.36-develop.2026.5.7,0x88e6a0c2ddd26feeb64f039a2c41296fcb3f5640,optimized-low-runs,uniswapv3-swap,0xdac17f958d2ee523a2206206994597c13d831ec7,0x000000000000000000000000000000000000000000000000000000000000000a,0x0000000000000000000000000000000000000000000000000000000000000000,0x0000000000000000000000000000000000000000000000000000000000000000,true
solc-0.8.36-develop.2026.5.7,solc-0.8.36-develop.2026.5.7,0x88e6a0c2ddd26feeb64f039a2c41296fcb3f5640,optimized-low-runs,uniswapv3-swap,0xdac17f958d2ee523a2206206994597c13d831ec7,0x4ef6edfc3160644a4ba4315dc3bcea155402722b84386f7045d135dacbc8ce16,0x0000000000000000000000000000000000000000000000000000000000000000,0x0000000000000000000000000000000000000000000000000000000000000000,true
solc-0.8.36-develop.2026.5.7,solc-0.8.36-develop.2026.5.7,0x88e6a0c2ddd26feeb64f039a2c41296fcb3f5640,optimized-low-runs,uniswapv3-swap,0xdac17f958d2ee523a2206206994597c13d831ec7,0x5a78295ac94dacfc557f7106ea064b1acc0ac048c9e355c345613ff42cd4ff66,0x0000000000000000000000000000000000000000000000000000000000000000,0x0000000000000000000000000000000000000000000000000000000000000000,true
solc-0.8.36-develop.2026.5.7,solc-0.8.36-develop.2026.5.7,0x88e6a0c2ddd26feeb64f039a2c41296fcb3f5640,optimized-low-runs,uniswapv3-swap,0xdac17f958d2ee523a2206206994597c13d831ec7,0x6be4a3a1db72c2857f39712ccf07fd67bf3b6aa64d1de0802b5b26256efcce4e,0x000000000000000000000000000000000000000000000000000008bedac8ea97,0x000000000000000000000000000000000000000000000000000008bedac8ea97,true
solc-0.8.36-develop.2026.5.7,solc-0.8.36-develop.2026.5.7,0x88e6a0c2ddd26feeb64f039a2c41296fcb3f5640,optimized-low-runs,uniswapv3-swap,0xdac17f958d2ee523a2206206994597c13d831ec7,0x7398bc983c4259d6f47c9b3b6c6afc05fa43c68cf621b713dda76c7877344958,0x0000000000000000000000000000000000000000000000000000000000000000,0x0000000000000000000000000000000000000000000000000000000000000000,true
solc-0.8.36-develop.2026.5.7,solc-0.8.36-develop.2026.5.7,0x88e6a0c2ddd26feeb64f039a2c41296fcb3f5640,optimized-low-runs,uniswapv3-swap,0xdac17f958d2ee523a2206206994597c13d831ec7,0x7a464961c125fc990109c53fc6324f805cc788adf74934778792f1f7cfd292ba,0x0000000000000000000000000000000000000000000000000000000000000000,0x0000000000000000000000000000000000000000000000000000000000000000,true
solc-0.8.36-develop.2026.5.7,solc-0.8.36-develop.2026.5.7,0x88e6a0c2ddd26feeb64f039a2c41296fcb3f5640,optimized-low-runs,uniswapv3-swap,0xdac17f958d2ee523a2206206994597c13d831ec7,0x81579e7a5455cd7eef5ce102af6f0c3c6aad085eb5a018f0c2a01d3277503f3b,0x00000000000000000000000000000000000000000000000000003704f7261e8d,0x00000000000000000000000000000000000000000000000000003704f7261e8d,true
solc-0.8.36-develop.2026.5.7,solc-0.8.36-develop.2026.5.7,0x88e6a0c2ddd26feeb64f039a2c41296fcb3f5640,optimized-low-runs,uniswapv3-swap,0xdac17f958d2ee523a2206206994597c13d831ec7,0xa4a5df4250c3f90482efa66a230d62b4bb21b7ca04cd6ae1b8ded6d1ce2407a3,0x0000000000000000000000000000000000000000000000000000004126dae1af,0x0000000000000000000000000000000000000000000000000000004126dae1af,true
solc-0.8.36-develop.2026.5.7,solc-0.8.36-develop.2026.5.7,0x88e6a0c2ddd26feeb64f039a2c41296fcb3f5640,optimized-low-runs,uniswapv3-swap,0xdac17f958d2ee523a2206206994597c13d831ec7,0xb3eb08f8908b50793538019be1a1d12936600f3a4243ae0d6e12252bb716f802,0x0000000000000000000000000000000000000000000000000000000000000000,0x0000000000000000000000000000000000000000000000000000000000000000,true
solc-0.8.36-develop.2026.5.7,solc-0.8.36-develop.2026.5.7,0x88e6a0c2ddd26feeb64f039a2c41296fcb3f5640,optimized-low-runs,uniswapv3-swap,0xdac17f958d2ee523a2206206994597c13d831ec7,0xd06ef82a07326a6e964ce1700825547c428fbc96deb2e33e7e20498001080d7d,0x000000000000000000000000000000000000000000000000000001a5edb77f06,0x000000000000000000000000000000000000000000000000000001a5edb77f06,true
solc-0.8.36-develop.2026.5.7,solc-0.8.36-develop.2026.5.7,0x88e6a0c2ddd26feeb64f039a2c41296fcb3f5640,via-ir,uniswapv3-swap,0x000000000004444c5dc75cb358380d2e3de08a90,0x00d8c01a24673e0ad0b0dd6d266a56423dedc90100e8c10f24d454317871695b,0xffd2000000004000000000000000000000000000000000000000000000000000,0xffd2000000004000000000000000000000000000000000000000000000000000,true
solc-0.8.36-develop.2026.5.7,solc-0.8.36-develop.2026.5.7,0x88e6a0c2ddd26feeb64f039a2c41296fcb3f5640,via-ir,uniswapv3-swap,0x000000000004444c5dc75cb358380d2e3de08a90,0x401bb267f2fde7f72773380a358a126068d2275374680dac039c05559162a496,0x111030c10003301c8094804bee20885029100010092064041da456a517522282,0x111030c10003301c8094804bee20885029100010092064041da456a517522282,true
solc-0.8.36-develop.2026.5.7,solc-0.8.36-develop.2026.5.7,0x88e6a0c2ddd26feeb64f039a2c41296fcb3f5640,via-ir,uniswapv3-swap,0x000000000004444c5dc75cb358380d2e3de08a90,0x8977f7a7ba33f89c913a4d63cb879a2e0934df8eb67f1d0f6b7479f5b5aac76e,0x0000000001f4000000fbf1d5000000000000000000001c6fcfd2d991d7a609dd,0x0000000001f4000000fbf1d5000000000000000000001c6fcfd2d991d7a609dd,true
solc-0.8.36-develop.2026.5.7,solc-0.8.36-develop.2026.5.7,0x88e6a0c2ddd26feeb64f039a2c41296fcb3f5640,via-ir,uniswapv3-swap,0x000000000004444c5dc75cb358380d2e3de08a90,0x8977f7a7ba33f89c913a4d63cb879a2e0934df8eb67f1d0f6b7479f5b5aac770,0x000000000000000000000000000000000000009c701f673c1a4626f01f6eb4b6,0x000000000000000000000000000000000000009c701f673c1a4626f01f6eb4b6,true
solc-0.8.36-develop.2026.5.7,solc-0.8.36-develop.2026.5.7,0x88e6a0c2ddd26feeb64f039a2c41296fcb3f5640,via-ir,uniswapv3-swap,0x000000000004444c5dc75cb358380d2e3de08a90,0x8977f7a7ba33f89c913a4d63cb879a2e0934df8eb67f1d0f6b7479f5b5aac771,0x00000000000000000000000000000000000000000000000000828f3f024c1483,0x00000000000000000000000000000000000000000000000000828f3f024c1483,true
solc-0.8.36-develop.2026.5.7,solc-0.8.36-develop.2026.5.7,0x88e6a0c2ddd26feeb64f039a2c41296fcb3f5640,via-ir,uniswapv3-swap,0x000000000004444c5dc75cb358380d2e3de08a90,0xa3956299d319260eb10f48966f68e111e3bd1aa5923ec94aea9bbed15b86bb82,0x000000000007000000ffffff0000000000000000fffed18ed628618d67956297,0x000000000007000000ffffff0000000000000000fffed18ed628618d67956297,true
solc-0.8.36-develop.2026.5.7,solc-0.8.36-develop.2026.5.7,0x88e6a0c2ddd26feeb64f039a2c41296fcb3f5640,via-ir,uniswapv3-swap,0x000000000004444c5dc75cb358380d2e3de08a90,0xa3956299d319260eb10f48966f68e111e3bd1aa5923ec94aea9bbed15b86bb83,0x0000000000000000000000000000000000b11fc785b5120db488bfa430b9a782,0x0000000000000000000000000000000000b11fc785b5120db488bfa430b9a782,true
solc-0.8.36-develop.2026.5.7,solc-0.8.36-develop.2026.5.7,0x88e6a0c2ddd26feeb64f039a2c41296fcb3f5640,via-ir,uniswapv3-swap,0x000000000004444c5dc75cb358380d2e3de08a90,0xa3956299d319260eb10f48966f68e111e3bd1aa5923ec94aea9bbed15b86bb85,0x00000000000000000000000000000000000000000000000000ce8b24b54c77e4,0x00000000000000000000000000000000000000000000000000ce8b24b54c77e4,true
solc-0.8.36-develop.2026.5.7,solc-0.8.36-develop.2026.5.7,0x88e6a0c2ddd26feeb64f039a2c41296fcb3f5640,via-ir,uniswapv3-swap,0x000000000004444c5dc75cb358380d2e3de08a90,0xd5dfa7f7750ae5d3dbe5206f5d0d3632e021d96d6982d639d032ca2a9ce61f78,0x0000000000000000000000000000000000000001000000000000000000000000,0x0000000000000000000000000000000000000001000000000000000000000000,true
solc-0.8.36-develop.2026.5.7,solc-0.8.36-develop.2026.5.7,0x88e6a0c2ddd26feeb64f039a2c41296fcb3f5640,via-ir,uniswapv3-swap,0x000000000004444c5dc75cb358380d2e3de08a90,0xd5dfa7f7750ae5d3dbe5206f5d0d3632e021d96d6982d639d032ca2a9ce61f7b,0x0000000000000000000000000000000000000000000000000000000000000000,0x0000000000000000000000000000000000000000000000000000000000000000,true
solc-0.8.36-develop.2026.5.7,solc-0.8.36-develop.2026.5.7,0x88e6a0c2ddd26feeb64f039a2c41296fcb3f5640,via-ir,uniswapv3-swap,0x000000000022d473030f116ddee9f6b43ac78ba3,0xedf1cbc11719701560583eb217463ae9b47d69cbba5f05d0616c2b6cc3ee52e3,0x00000000000100006a247f3f0000000000000000000000000000000000000000,0x00000000000100006a247f3f0000000000000000000000000000000000000000,true
solc-0.8.36-develop.2026.5.7,solc-0.8.36-develop.2026.5.7,0x88e6a0c2ddd26feeb64f039a2c41296fcb3f5640,via-ir,uniswapv3-swap,0x2260fac5e5542a773aa44fbcfedf7c193bc2c599,0x0000000000000000000000000000000000000000000000000000000000000005,0x0000000000000000000000ca06411bd7a7296d7dbdd0050dfc846e95febeb708,0x0000000000000000000000ca06411bd7a7296d7dbdd0050dfc846e95febeb708,true
solc-0.8.36-develop.2026.5.7,solc-0.8.36-develop.2026.5.7,0x88e6a0c2ddd26feeb64f039a2c41296fcb3f5640,via-ir,uniswapv3-swap,0x2260fac5e5542a773aa44fbcfedf7c193bc2c599,0x11fd237061433ba9f221f703bed587e7636b11fbe3815abba27443968931d654,0x00000000000000000000000000000000000000000000000000000019dfa0c9d5,0x00000000000000000000000000000000000000000000000000000019dfa0c9d5,true
solc-0.8.36-develop.2026.5.7,solc-0.8.36-develop.2026.5.7,0x88e6a0c2ddd26feeb64f039a2c41296fcb3f5640,via-ir,uniswapv3-swap,0x2260fac5e5542a773aa44fbcfedf7c193bc2c599,0x4d9dce43f1f7944156fad314cb2ab864a7110c0f260a1a641a7c10c43ae6d03e,0x0000000000000000000000000000000000000000000000000000000000000000,0x0000000000000000000000000000000000000000000000000000000000000000,true
solc-0.8.36-develop.2026.5.7,solc-0.8.36-develop.2026.5.7,0x88e6a0c2ddd26feeb64f039a2c41296fcb3f5640,via-ir,uniswapv3-swap,0x2260fac5e5542a773aa44fbcfedf7c193bc2c599,0x8641bb179b9aa9ed8dee118e2d357643a656a679df1d0d9f26c18bd21be43bc6,0x00000000000000000000000000000000000000000000000000000002cb964aef,0x00000000000000000000000000000000000000000000000000000002cb964aef,true
solc-0.8.36-develop.2026.5.7,solc-0.8.36-develop.2026.5.7,0x88e6a0c2ddd26feeb64f039a2c41296fcb3f5640,via-ir,uniswapv3-swap,0x2260fac5e5542a773aa44fbcfedf7c193bc2c599,0xdc276a4f120117ad5ae6415d1c724b4f3a0e81f0ee6466e1392ca121b63123f2,0x000000000000000000000000000000000000000000000000000000053eac7892,0x000000000000000000000000000000000000000000000000000000053eac7892,true
solc-0.8.36-develop.2026.5.7,solc-0.8.36-develop.2026.5.7,0x88e6a0c2ddd26feeb64f039a2c41296fcb3f5640,via-ir,uniswapv3-swap,0x2260fac5e5542a773aa44fbcfedf7c193bc2c599,0xe3b1de349965f47d7ab49c108672c88f4d36a56c931cbc7eb2130bcc572d2a41,0x000000000000000000000000000000000000000000000000000000000600120d,0x000000000000000000000000000000000000000000000000000000000600120d,true
solc-0.8.36-develop.2026.5.7,solc-0.8.36-develop.2026.5.7,0x88e6a0c2ddd26feeb64f039a2c41296fcb3f5640,via-ir,uniswapv3-swap,0x4585fe77225b41b697c938b018e2ac67ac5a20c0,0x0000000000000000000000000000000000000000000000000000000000000000,0x000144012c012c00e1040e29000000000009009211212e6e7c0c4523082adbcb,0x000144012c012c00e1040e29000000000009009211212e6e7c0c4523082adbcb,true
solc-0.8.36-develop.2026.5.7,solc-0.8.36-develop.2026.5.7,0x88e6a0c2ddd26feeb64f039a2c41296fcb3f5640,via-ir,uniswapv3-swap,0x4585fe77225b41b697c938b018e2ac67ac5a20c0,0x0000000000000000000000000000000000000000000000000000000000000001,0x00000000000000000000000000000000000002fda0921592a7a6229097bf0254,0x00000000000000000000000000000000000002fda0921592a7a6229097bf0254,true
solc-0.8.36-develop.2026.5.7,solc-0.8.36-develop.2026.5.7,0x88e6a0c2ddd26feeb64f039a2c41296fcb3f5640,via-ir,uniswapv3-swap,0x4585fe77225b41b697c938b018e2ac67ac5a20c0,0x0000000000000000000000000000000000000000000000000000000000000002,0x00000000000000000000000000009a6c13550e118829c1ae44633d890c5ac377,0x00000000000000000000000000009a6c13550e118829c1ae44633d890c5ac377,true
solc-0.8.36-develop.2026.5.7,solc-0.8.36-develop.2026.5.7,0x88e6a0c2ddd26feeb64f039a2c41296fcb3f5640,via-ir,uniswapv3-swap,0x4585fe77225b41b697c938b018e2ac67ac5a20c0,0x0000000000000000000000000000000000000000000000000000000000000003,0x00000000000000000042fd3c343ea69900000000000000000000000000011127,0x00000000000000000042fd3c343ea69900000000000000000000000000011127,true
solc-0.8.36-develop.2026.5.7,solc-0.8.36-develop.2026.5.7,0x88e6a0c2ddd26feeb64f039a2c41296fcb3f5640,via-ir,uniswapv3-swap,0x4585fe77225b41b697c938b018e2ac67ac5a20c0,0x0000000000000000000000000000000000000000000000000000000000000004,0x0000000000000000000000000000000000000000000000000311aa06d698e86e,0x0000000000000000000000000000000000000000000000000311aa06d698e86e,true
solc-0.8.36-develop.2026.5.7,solc-0.8.36-develop.2026.5.7,0x88e6a0c2ddd26feeb64f039a2c41296fcb3f5640,via-ir,uniswapv3-swap,0x4585fe77225b41b697c938b018e2ac67ac5a20c0,0x00000000000000000000000000000000000000000000000000000000000000e8,0x010000000000000bfe02a57cb697b81e9e54ee1783002560fc81e88c69fcf353,0x010000000000000bfe02a57cb697b81e9e54ee1783002560fc81e88c69fcf353,true
solc-0.8.36-develop.2026.5.7,solc-0.8.36-develop.2026.5.7,0x88e6a0c2ddd26feeb64f039a2c41296fcb3f5640,via-ir,uniswapv3-swap,0x4585fe77225b41b697c938b018e2ac67ac5a20c0,0x00000000000000000000000000000000000000000000000000000000000000e9,0x010000000000000bfe02a590aa97628d17217d98d6002560fd753aa069fcf38f,0x010000000000000bfe02a590aa97628d17217d98d6002560fd753aa069fcf38f,true
solc-0.8.36-develop.2026.5.7,solc-0.8.36-develop.2026.5.7,0x88e6a0c2ddd26feeb64f039a2c41296fcb3f5640,via-ir,uniswapv3-swap,0x4585fe77225b41b697c938b018e2ac67ac5a20c0,0x42eaf377e852cb7e2313a5bb7f5652a57d77d0cd41c4754d201e61f98c0870b7,0xfffffffffffffffffff023e7fca5a9d90000000000000000000fdc18035a5627,0xfffffffffffffffffff023e7fca5a9d90000000000000000000fdc18035a5627,true
solc-0.8.36-develop.2026.5.7,solc-0.8.36-develop.2026.5.7,0x88e6a0c2ddd26feeb64f039a2c41296fcb3f5640,via-ir,uniswapv3-swap,0x4585fe77225b41b697c938b018e2ac67ac5a20c0,0x42eaf377e852cb7e2313a5bb7f5652a57d77d0cd41c4754d201e61f98c0870b8,0x000000000000000000000000000000000000000002cde2448630c495f7329090,0x000000000000000000000000000000000000000002cde2448630c495f7329090,true
solc-0.8.36-develop.2026.5.7,solc-0.8.36-develop.2026.5.7,0x88e6a0c2ddd26feeb64f039a2c41296fcb3f5640,via-ir,uniswapv3-swap,0x4585fe77225b41b697c938b018e2ac67ac5a20c0,0x42eaf377e852cb7e2313a5bb7f5652a57d77d0cd41c4754d201e61f98c0870b9,0x00000000000000000000000000000000e354a7c6ed6caa96a082a5c225bbb526,0x00000000000000000000000000000000e354a7c6ed6caa96a082a5c225bbb526,true
solc-0.8.36-develop.2026.5.7,solc-0.8.36-develop.2026.5.7,0x88e6a0c2ddd26feeb64f039a2c41296fcb3f5640,via-ir,uniswapv3-swap,0x4585fe77225b41b697c938b018e2ac67ac5a20c0,0x42eaf377e852cb7e2313a5bb7f5652a57d77d0cd41c4754d201e61f98c0870ba,0x0100002a480000000000000000000f8d0155704e06ff84831d000000ab77c328,0x0100002a480000000000000000000f8d0155704e06ff84831d000000ab77c328,true
solc-0.8.36-develop.2026.5.7,solc-0.8.36-develop.2026.5.7,0x88e6a0c2ddd26feeb64f039a2c41296fcb3f5640,via-ir,uniswapv3-swap,0x4585fe77225b41b697c938b018e2ac67ac5a20c0,0x62552337360b040ac00905130c40c0e814a32ae1bf4d7c7b02730b479e5eef98,0x9aeb7ffffeffdf6d7ffedaf07ad7fffffcffbfb7fe7ef6d1f5f01f7b44729a3b,0x9aeb7ffffeffdf6d7ffedaf07ad7fffffcffbfb7fe7ef6d1f5f01f7b44729a3b,true
solc-0.8.36-develop.2026.5.7,solc-0.8.36-develop.2026.5.7,0x88e6a0c2ddd26feeb64f039a2c41296fcb3f5640,via-ir,uniswapv3-swap,0x56534741cd8b152df6d48adf7ac51f75169a83b2,0x0000000000000000000000000000000000000000000000000000000000000000,0x000144003800380019010510000000000000001c42b937af82ecfa8a3ebfa020,0x000144003800380019010510000000000000001c42b937af82ecfa8a3ebfa020,true
solc-0.8.36-develop.2026.5.7,solc-0.8.36-develop.2026.5.7,0x88e6a0c2ddd26feeb64f039a2c41296fcb3f5640,via-ir,uniswapv3-swap,0x56534741cd8b152df6d48adf7ac51f75169a83b2,0x0000000000000000000000000000000000000000000000000000000000000001,0x0000000000000000000000000000000000ae133dea1e25fdd33003a1dc0e2769,0x0000000000000000000000000000000000ae133dea1e25fdd33003a1dc0e2769,true
solc-0.8.36-develop.2026.5.7,solc-0.8.36-develop.2026.5.7,0x88e6a0c2ddd26feeb64f039a2c41296fcb3f5640,via-ir,uniswapv3-swap,0x56534741cd8b152df6d48adf7ac51f75169a83b2,0x0000000000000000000000000000000000000000000000000000000000000003,0x00000000000000000000000002b9ec170000000000000000000000000000dc7c,0x00000000000000000000000002b9ec170000000000000000000000000000dc7c,true
solc-0.8.36-develop.2026.5.7,solc-0.8.36-develop.2026.5.7,0x88e6a0c2ddd26feeb64f039a2c41296fcb3f5640,via-ir,uniswapv3-swap,0x56534741cd8b152df6d48adf7ac51f75169a83b2,0x0000000000000000000000000000000000000000000000000000000000000004,0x000000000000000000000000000000000000000000000000000004708aa553f9,0x000000000000000000000000000000000000000000000000000004708aa553f9,true
solc-0.8.36-develop.2026.5.7,solc-0.8.36-develop.2026.5.7,0x88e6a0c2ddd26feeb64f039a2c41296fcb3f5640,via-ir,uniswapv3-swap,0x56534741cd8b152df6d48adf7ac51f75169a83b2,0x0000000000000000000000000000000000000000000000000000000000000020,0x0102f2939520b2c643ca3d7a4b8013cf5c45d064420008b6f23a940f69fcf30b,0x0102f2939520b2c643ca3d7a4b8013cf5c45d064420008b6f23a940f69fcf30b,true
solc-0.8.36-develop.2026.5.7,solc-0.8.36-develop.2026.5.7,0x88e6a0c2ddd26feeb64f039a2c41296fcb3f5640,via-ir,uniswapv3-swap,0x56534741cd8b152df6d48adf7ac51f75169a83b2,0x0000000000000000000000000000000000000000000000000000000000000021,0x0102f2939520b2c643e7f8f293113f972a8f318bb80008b6f2c133eb69fcf38f,0x0102f2939520b2c643e7f8f293113f972a8f318bb80008b6f2c133eb69fcf38f,true
solc-0.8.36-develop.2026.5.7,solc-0.8.36-develop.2026.5.7,0x88e6a0c2ddd26feeb64f039a2c41296fcb3f5640,via-ir,uniswapv3-swap,0x56534741cd8b152df6d48adf7ac51f75169a83b2,0x2d88733daa8d83575c1c435b1a4140007e667f8dfbe2e5678ffec947a513e5cd,0x300c3d20224b5f90c00d1204885e674f1ca3a07ebdde6af7fdfdffcdbf7f3dfc,0x300c3d20224b5f90c00d1204885e674f1ca3a07ebdde6af7fdfdffcdbf7f3dfc,true
solc-0.8.36-develop.2026.5.7,solc-0.8.36-develop.2026.5.7,0x88e6a0c2ddd26feeb64f039a2c41296fcb3f5640,via-ir,uniswapv3-swap,0x88e6a0c2ddd26feeb64f039a2c41296fcb3f5640,0x0000000000000000000000000000000000000000000000000000000000000000,0x00014402d302d300d0030918000000000000518bd74914397f4152319c28cc4e,0x00014402d302d300d0030918000000000000518bd74914397f4152319c28cc4e,true
solc-0.8.36-develop.2026.5.7,solc-0.8.36-develop.2026.5.7,0x88e6a0c2ddd26feeb64f039a2c41296fcb3f5640,via-ir,uniswapv3-swap,0x88e6a0c2ddd26feeb64f039a2c41296fcb3f5640,0x0000000000000000000000000000000000000000000000000000000000000002,0x000000000000000000000000000016fbc3b5c77cad61846af3d48b9cb4196751,0x000000000000000000000000000016fbc3b5c77cad61846af3d48b9cb4196751,true
solc-0.8.36-develop.2026.5.7,solc-0.8.36-develop.2026.5.7,0x88e6a0c2ddd26feeb64f039a2c41296fcb3f5640,via-ir,uniswapv3-swap,0x88e6a0c2ddd26feeb64f039a2c41296fcb3f5640,0x0000000000000000000000000000000000000000000000000000000000000003,0x0000000000000000009d8b8f5cacef4d00000000000000000000000006c77846,0x0000000000000000009d8b8f5cacef4d00000000000000000000000006c77846,true
solc-0.8.36-develop.2026.5.7,solc-0.8.36-develop.2026.5.7,0x88e6a0c2ddd26feeb64f039a2c41296fcb3f5640,via-ir,uniswapv3-swap,0x88e6a0c2ddd26feeb64f039a2c41296fcb3f5640,0x0000000000000000000000000000000000000000000000000000000000000004,0x00000000000000000000000000000000000000000000000033fa272b6f19d4ab,0x00000000000000000000000000000000000000000000000033fa272b6f19d4ab,true
solc-0.8.36-develop.2026.5.7,solc-0.8.36-develop.2026.5.7,0x88e6a0c2ddd26feeb64f039a2c41296fcb3f5640,via-ir,uniswapv3-swap,0x88e6a0c2ddd26feeb64f039a2c41296fcb3f5640,0x00000000000000000000000000000000000000000000000000000000000000d7,0x010000000000000001fffb22cfa94ce43419f4b3c4001c7faa62ae1769fcf383,0x010000000000000001fffb22cfa94ce43419f4b3c4001c7faa62ae1769fcf383,true
solc-0.8.36-develop.2026.5.7,solc-0.8.36-develop.2026.5.7,0x88e6a0c2ddd26feeb64f039a2c41296fcb3f5640,via-ir,uniswapv3-swap,0x88e6a0c2ddd26feeb64f039a2c41296fcb3f5640,0x00000000000000000000000000000000000000000000000000000000000000d8,0x010000000000000001fffb230ac3a36910f2aa867e001c7faa871b1369fcf38f,0x010000000000000001fffb230ac3a36910f2aa867e001c7faa871b1369fcf38f,true
solc-0.8.36-develop.2026.5.7,solc-0.8.36-develop.2026.5.7,0x88e6a0c2ddd26feeb64f039a2c41296fcb3f5640,via-ir,uniswapv3-swap,0x88e6a0c2ddd26feeb64f039a2c41296fcb3f5640,0x1988775e6c6f4b25d912ae5577f9b19952e8e16a59481301121feafa0d673092,0xfffd7ffffffffffffffffffffffffffffffffffffffffffffffffffffffeffff,0xfffd7ffffffffffffffffffffffffffffffffffffffffffffffffffffffeffff,true
solc-0.8.36-develop.2026.5.7,solc-0.8.36-develop.2026.5.7,0x88e6a0c2ddd26feeb64f039a2c41296fcb3f5640,via-ir,uniswapv3-swap,0xa0b86991c6218b36c1d19d4a2e9eb0ce3606eb48,0x0000000000000000000000000000000000000000000000000000000000000001,0x0000000000000000000000004914f61d25e5c567143774b76edbf4d5109a8566,0x0000000000000000000000004914f61d25e5c567143774b76edbf4d5109a8566,true
solc-0.8.36-develop.2026.5.7,solc-0.8.36-develop.2026.5.7,0x88e6a0c2ddd26feeb64f039a2c41296fcb3f5640,via-ir,uniswapv3-swap,0xa0b86991c6218b36c1d19d4a2e9eb0ce3606eb48,0x10d6a54a4754c8869d6886b5f5d7fbfa5b4522237ea5c60d11bc4e7a1ff9390b,0x000000000000000000000000807a96288a1a408dbc13de2b1d087d10356395d2,0x000000000000000000000000807a96288a1a408dbc13de2b1d087d10356395d2,true
solc-0.8.36-develop.2026.5.7,solc-0.8.36-develop.2026.5.7,0x88e6a0c2ddd26feeb64f039a2c41296fcb3f5640,via-ir,uniswapv3-swap,0xa0b86991c6218b36c1d19d4a2e9eb0ce3606eb48,0x1f21a62c4538bacf2aabeca410f0fe63151869f172e03c0e00357ba26a341eff,0x000000000000000000000000000000000000000000000000000041bde7a6952d,0x000000000000000000000000000000000000000000000000000041bde7a6952d,true
solc-0.8.36-develop.2026.5.7,solc-0.8.36-develop.2026.5.7,0x88e6a0c2ddd26feeb64f039a2c41296fcb3f5640,via-ir,uniswapv3-swap,0xa0b86991c6218b36c1d19d4a2e9eb0ce3606eb48,0x3c2304a4bd8ffa93cccd3b8e4c28dbcd5c94236b1a7b40e3dc80ba6953b4cc7a,0x000000000000000000000000000000000000000000000000000058338375c939,0x000000000000000000000000000000000000000000000000000058338375c939,true
solc-0.8.36-develop.2026.5.7,solc-0.8.36-develop.2026.5.7,0x88e6a0c2ddd26feeb64f039a2c41296fcb3f5640,via-ir,uniswapv3-swap,0xa0b86991c6218b36c1d19d4a2e9eb0ce3606eb48,0x4d2c6926676a95578f1f83fc7206c731f15ec7c5dbd8d975202dea6c79518b66,0x0000000000000000000000000000000000000000000000000000000000000000,0x0000000000000000000000000000000000000000000000000000000000000000,true
solc-0.8.36-develop.2026.5.7,solc-0.8.36-develop.2026.5.7,0x88e6a0c2ddd26feeb64f039a2c41296fcb3f5640,via-ir,uniswapv3-swap,0xa0b86991c6218b36c1d19d4a2e9eb0ce3606eb48,0x7050c9e0f4ca769c69bd3a8ef740bc37934f8e2c036e5a723fd8ee048ed3f8c3,0x00000000000000000000000043506849d7c04f9138d1a2050bbf3a0c054402dd,0x00000000000000000000000043506849d7c04f9138d1a2050bbf3a0c054402dd,true
solc-0.8.36-develop.2026.5.7,solc-0.8.36-develop.2026.5.7,0x88e6a0c2ddd26feeb64f039a2c41296fcb3f5640,via-ir,uniswapv3-swap,0xc02aaa39b223fe8d0a0e5c4f27ead9083c756cc2,0x1a2d1c6ecf58e1d6eaffdb48b06f8a1a56defa61c7446d13af9bb1097cbd713a,0x00000000000000000000000000000000000000000000007f94ac1af9027cc652,0x00000000000000000000000000000000000000000000007f94ac1af9027cc652,true
solc-0.8.36-develop.2026.5.7,solc-0.8.36-develop.2026.5.7,0x88e6a0c2ddd26feeb64f039a2c41296fcb3f5640,via-ir,uniswapv3-swap,0xc02aaa39b223fe8d0a0e5c4f27ead9083c756cc2,0x2a306d7595987ab10375e6e054d7489cc80c1cf5351587e21ffbd126573f06c6,0x00000000000000000000000000000000000000000000005cb10aca78275bb34d,0x00000000000000000000000000000000000000000000005cb10aca78275bb34d,true
solc-0.8.36-develop.2026.5.7,solc-0.8.36-develop.2026.5.7,0x88e6a0c2ddd26feeb64f039a2c41296fcb3f5640,via-ir,uniswapv3-swap,0xc02aaa39b223fe8d0a0e5c4f27ead9083c756cc2,0x390f6178407c9b8e95802b8659e6df8e34c1e3d4f8d6a49e6132bbcdd937b63a,0x0000000000000000000000000000000000000000000002b7547382f6fb65c913,0x0000000000000000000000000000000000000000000002b7547382f6fb65c913,true
solc-0.8.36-develop.2026.5.7,solc-0.8.36-develop.2026.5.7,0x88e6a0c2ddd26feeb64f039a2c41296fcb3f5640,via-ir,uniswapv3-swap,0xc02aaa39b223fe8d0a0e5c4f27ead9083c756cc2,0x9ede93be0d8fc6a5eb9cf1c7345a85b7519d8487a727aef0c2f00ab966aa7716,0x0000000000000000000000000000000000000000000003720375b456235de679,0x0000000000000000000000000000000000000000000003720375b456235de679,true
solc-0.8.36-develop.2026.5.7,solc-0.8.36-develop.2026.5.7,0x88e6a0c2ddd26feeb64f039a2c41296fcb3f5640,via-ir,uniswapv3-swap,0xc02aaa39b223fe8d0a0e5c4f27ead9083c756cc2,0xfb437cb06df854b0e9a5f9c071f54ee63d1407c751de4e81c7cb3a621a923fa3,0x0000000000000000000000000000000000000000000000000000000000000000,0x0000000000000000000000000000000000000000000000000000000000000000,true
solc-0.8.36-develop.2026.5.7,solc-0.8.36-develop.2026.5.7,0x88e6a0c2ddd26feeb64f039a2c41296fcb3f5640,via-ir,uniswapv3-swap,0xc7bbec68d12a0d1830360f8ec58fa599ba1b0e9b,0x0000000000000000000000000000000000000000000000000000000000000000,0x000144003300330018fcf6e20000000000000000000323805fb1cb5b5d1ec1f2,0x000144003300330018fcf6e20000000000000000000323805fb1cb5b5d1ec1f2,true
solc-0.8.36-develop.2026.5.7,solc-0.8.36-develop.2026.5.7,0x88e6a0c2ddd26feeb64f039a2c41296fcb3f5640,via-ir,uniswapv3-swap,0xc7bbec68d12a0d1830360f8ec58fa599ba1b0e9b,0x0000000000000000000000000000000000000000000000000000000000000001,0x00000000000000000000000000000dd1950fdc46318e4108ac63a51b9f9d2688,0x00000000000000000000000000000dd1950fdc46318e4108ac63a51b9f9d2688,true
solc-0.8.36-develop.2026.5.7,solc-0.8.36-develop.2026.5.7,0x88e6a0c2ddd26feeb64f039a2c41296fcb3f5640,via-ir,uniswapv3-swap,0xc7bbec68d12a0d1830360f8ec58fa599ba1b0e9b,0x0000000000000000000000000000000000000000000000000000000000000003,0x00000000000000000000000000ab541500000000000000000010cbbea9250823,0x00000000000000000000000000ab541500000000000000000010cbbea9250823,true
solc-0.8.36-develop.2026.5.7,solc-0.8.36-develop.2026.5.7,0x88e6a0c2ddd26feeb64f039a2c41296fcb3f5640,via-ir,uniswapv3-swap,0xc7bbec68d12a0d1830360f8ec58fa599ba1b0e9b,0x0000000000000000000000000000000000000000000000000000000000000004,0x00000000000000000000000000000000000000000000000005d863c8f2cea9fd,0x00000000000000000000000000000000000000000000000005d863c8f2cea9fd,true
solc-0.8.36-develop.2026.5.7,solc-0.8.36-develop.2026.5.7,0x88e6a0c2ddd26feeb64f039a2c41296fcb3f5640,via-ir,uniswapv3-swap,0xc7bbec68d12a0d1830360f8ec58fa599ba1b0e9b,0x000000000000000000000000000000000000000000000000000000000000001f,0x010065520c000028edcfe69d0ed50f7f92dd1daaacffecd98742cfc469fcf377,0x010065520c000028edcfe69d0ed50f7f92dd1daaacffecd98742cfc469fcf377,true
solc-0.8.36-develop.2026.5.7,solc-0.8.36-develop.2026.5.7,0x88e6a0c2ddd26feeb64f039a2c41296fcb3f5640,via-ir,uniswapv3-swap,0xc7bbec68d12a0d1830360f8ec58fa599ba1b0e9b,0x0000000000000000000000000000000000000000000000000000000000000020,0x010065520c000028edcfe6a129f025fe3d2e993416ffecd986f9f55469fcf38f,0x010065520c000028edcfe6a129f025fe3d2e993416ffecd986f9f55469fcf38f,true
solc-0.8.36-develop.2026.5.7,solc-0.8.36-develop.2026.5.7,0x88e6a0c2ddd26feeb64f039a2c41296fcb3f5640,via-ir,uniswapv3-swap,0xc7bbec68d12a0d1830360f8ec58fa599ba1b0e9b,0x25707baf82e67644f561143c0c5d84ea5c79f78b215bcf1c03200995a55d0882,0x4000000000800000000008000020040008000001010000400040001000000000,0x4000000000800000000008000020040008000001010000400040001000000000,true
solc-0.8.36-develop.2026.5.7,solc-0.8.36-develop.2026.5.7,0x88e6a0c2ddd26feeb64f039a2c41296fcb3f5640,via-ir,uniswapv3-swap,0xdac17f958d2ee523a2206206994597c13d831ec7,0x0000000000000000000000000000000000000000000000000000000000000000,0x000000000000000000000000c6cde7c39eb2f0f0095f41570af89efc2c1ea828,0x000000000000000000000000c6cde7c39eb2f0f0095f41570af89efc2c1ea828,true
solc-0.8.36-develop.2026.5.7,solc-0.8.36-develop.2026.5.7,0x88e6a0c2ddd26feeb64f039a2c41296fcb3f5640,via-ir,uniswapv3-swap,0xdac17f958d2ee523a2206206994597c13d831ec7,0x0000000000000000000000000000000000000000000000000000000000000003,0x0000000000000000000000000000000000000000000000000000000000000000,0x0000000000000000000000000000000000000000000000000000000000000000,true
solc-0.8.36-develop.2026.5.7,solc-0.8.36-develop.2026.5.7,0x88e6a0c2ddd26feeb64f039a2c41296fcb3f5640,via-ir,uniswapv3-swap,0xdac17f958d2ee523a2206206994597c13d831ec7,0x0000000000000000000000000000000000000000000000000000000000000004,0x0000000000000000000000000000000000000000000000000000000000000000,0x0000000000000000000000000000000000000000000000000000000000000000,true
solc-0.8.36-develop.2026.5.7,solc-0.8.36-develop.2026.5.7,0x88e6a0c2ddd26feeb64f039a2c41296fcb3f5640,via-ir,uniswapv3-swap,0xdac17f958d2ee523a2206206994597c13d831ec7,0x000000000000000000000000000000000000000000000000000000000000000a,0x0000000000000000000000000000000000000000000000000000000000000000,0x0000000000000000000000000000000000000000000000000000000000000000,true
solc-0.8.36-develop.2026.5.7,solc-0.8.36-develop.2026.5.7,0x88e6a0c2ddd26feeb64f039a2c41296fcb3f5640,via-ir,uniswapv3-swap,0xdac17f958d2ee523a2206206994597c13d831ec7,0x4ef6edfc3160644a4ba4315dc3bcea155402722b84386f7045d135dacbc8ce16,0x0000000000000000000000000000000000000000000000000000000000000000,0x0000000000000000000000000000000000000000000000000000000000000000,true
solc-0.8.36-develop.2026.5.7,solc-0.8.36-develop.2026.5.7,0x88e6a0c2ddd26feeb64f039a2c41296fcb3f5640,via-ir,uniswapv3-swap,0xdac17f958d2ee523a2206206994597c13d831ec7,0x5a78295ac94dacfc557f7106ea064b1acc0ac048c9e355c345613ff42cd4ff66,0x0000000000000000000000000000000000000000000000000000000000000000,0x0000000000000000000000000000000000000000000000000000000000000000,true
solc-0.8.36-develop.2026.5.7,solc-0.8.36-develop.2026.5.7,0x88e6a0c2ddd26feeb64f039a2c41296fcb3f5640,via-ir,uniswapv3-swap,0xdac17f958d2ee523a2206206994597c13d831ec7,0x6be4a3a1db72c2857f39712ccf07fd67bf3b6aa64d1de0802b5b26256efcce4e,0x000000000000000000000000000000000000000000000000000008bedac8ea97,0x000000000000000000000000000000000000000000000000000008bedac8ea97,true
solc-0.8.36-develop.2026.5.7,solc-0.8.36-develop.2026.5.7,0x88e6a0c2ddd26feeb64f039a2c41296fcb3f5640,via-ir,uniswapv3-swap,0xdac17f958d2ee523a2206206994597c13d831ec7,0x7398bc983c4259d6f47c9b3b6c6afc05fa43c68cf621b713dda76c7877344958,0x0000000000000000000000000000000000000000000000000000000000000000,0x0000000000000000000000000000000000000000000000000000000000000000,true
solc-0.8.36-develop.2026.5.7,solc-0.8.36-develop.2026.5.7,0x88e6a0c2ddd26feeb64f039a2c41296fcb3f5640,via-ir,uniswapv3-swap,0xdac17f958d2ee523a2206206994597c13d831ec7,0x7a464961c125fc990109c53fc6324f805cc788adf74934778792f1f7cfd292ba,0x0000000000000000000000000000000000000000000000000000000000000000,0x0000000000000000000000000000000000000000000000000000000000000000,true
solc-0.8.36-develop.2026.5.7,solc-0.8.36-develop.2026.5.7,0x88e6a0c2ddd26feeb64f039a2c41296fcb3f5640,via-ir,uniswapv3-swap,0xdac17f958d2ee523a2206206994597c13d831ec7,0x81579e7a5455cd7eef5ce102af6f0c3c6aad085eb5a018f0c2a01d3277503f3b,0x00000000000000000000000000000000000000000000000000003704f7261e8d,0x00000000000000000000000000000000000000000000000000003704f7261e8d,true
solc-0.8.36-develop.2026.5.7,solc-0.8.36-develop.2026.5.7,0x88e6a0c2ddd26feeb64f039a2c41296fcb3f5640,via-ir,uniswapv3-swap,0xdac17f958d2ee523a2206206994597c13d831ec7,0xa4a5df4250c3f90482efa66a230d62b4bb21b7ca04cd6ae1b8ded6d1ce2407a3,0x0000000000000000000000000000000000000000000000000000004126dae1af,0x0000000000000000000000000000000000000000000000000000004126dae1af,true
solc-0.8.36-develop.2026.5.7,solc-0.8.36-develop.2026.5.7,0x88e6a0c2ddd26feeb64f039a2c41296fcb3f5640,via-ir,uniswapv3-swap,0xdac17f958d2ee523a2206206994597c13d831ec7,0xb3eb08f8908b50793538019be1a1d12936600f3a4243ae0d6e12252bb716f802,0x0000000000000000000000000000000000000000000000000000000000000000,0x0000000000000000000000000000000000000000000000000000000000000000,true
solc-0.8.36-develop.2026.5.7,solc-0.8.36-develop.2026.5.7,0x88e6a0c2ddd26feeb64f039a2c41296fcb3f5640,via-ir,uniswapv3-swap,0xdac17f958d2ee523a2206206994597c13d831ec7,0xd06ef82a07326a6e964ce1700825547c428fbc96deb2e33e7e20498001080d7d,0x000000000000000000000000000000000000000000000000000001a5edb77f06,0x000000000000000000000000000000000000000000000000000001a5edb77f06,true
solc-0.8.36-develop.2026.5.7,solc-0.8.36-develop.2026.5.7,0x88e6a0c2ddd26feeb64f039a2c41296fcb3f5640,via-ir-high-runs,uniswapv3-swap,0x000000000004444c5dc75cb358380d2e3de08a90,0x00d8c01a24673e0ad0b0dd6d266a56423dedc90100e8c10f24d454317871695b,0xffd2000000004000000000000000000000000000000000000000000000000000,0xffd2000000004000000000000000000000000000000000000000000000000000,true
solc-0.8.36-develop.2026.5.7,solc-0.8.36-develop.2026.5.7,0x88e6a0c2ddd26feeb64f039a2c41296fcb3f5640,via-ir-high-runs,uniswapv3-swap,0x000000000004444c5dc75cb358380d2e3de08a90,0x401bb267f2fde7f72773380a358a126068d2275374680dac039c05559162a496,0x111030c10003301c8094804bee20885029100010092064041da456a517522282,0x111030c10003301c8094804bee20885029100010092064041da456a517522282,true
solc-0.8.36-develop.2026.5.7,solc-0.8.36-develop.2026.5.7,0x88e6a0c2ddd26feeb64f039a2c41296fcb3f5640,via-ir-high-runs,uniswapv3-swap,0x000000000004444c5dc75cb358380d2e3de08a90,0x8977f7a7ba33f89c913a4d63cb879a2e0934df8eb67f1d0f6b7479f5b5aac76e,0x0000000001f4000000fbf1d5000000000000000000001c6fcfd2d991d7a609dd,0x0000000001f4000000fbf1d5000000000000000000001c6fcfd2d991d7a609dd,true
solc-0.8.36-develop.2026.5.7,solc-0.8.36-develop.2026.5.7,0x88e6a0c2ddd26feeb64f039a2c41296fcb3f5640,via-ir-high-runs,uniswapv3-swap,0x000000000004444c5dc75cb358380d2e3de08a90,0x8977f7a7ba33f89c913a4d63cb879a2e0934df8eb67f1d0f6b7479f5b5aac770,0x000000000000000000000000000000000000009c701f673c1a4626f01f6eb4b6,0x000000000000000000000000000000000000009c701f673c1a4626f01f6eb4b6,true
solc-0.8.36-develop.2026.5.7,solc-0.8.36-develop.2026.5.7,0x88e6a0c2ddd26feeb64f039a2c41296fcb3f5640,via-ir-high-runs,uniswapv3-swap,0x000000000004444c5dc75cb358380d2e3de08a90,0x8977f7a7ba33f89c913a4d63cb879a2e0934df8eb67f1d0f6b7479f5b5aac771,0x00000000000000000000000000000000000000000000000000828f3f024c1483,0x00000000000000000000000000000000000000000000000000828f3f024c1483,true
solc-0.8.36-develop.2026.5.7,solc-0.8.36-develop.2026.5.7,0x88e6a0c2ddd26feeb64f039a2c41296fcb3f5640,via-ir-high-runs,uniswapv3-swap,0x000000000004444c5dc75cb358380d2e3de08a90,0xa3956299d319260eb10f48966f68e111e3bd1aa5923ec94aea9bbed15b86bb82,0x000000000007000000ffffff0000000000000000fffed18ed628618d67956297,0x000000000007000000ffffff0000000000000000fffed18ed628618d67956297,true
solc-0.8.36-develop.2026.5.7,solc-0.8.36-develop.2026.5.7,0x88e6a0c2ddd26feeb64f039a2c41296fcb3f5640,via-ir-high-runs,uniswapv3-swap,0x000000000004444c5dc75cb358380d2e3de08a90,0xa3956299d319260eb10f48966f68e111e3bd1aa5923ec94aea9bbed15b86bb83,0x0000000000000000000000000000000000b11fc785b5120db488bfa430b9a782,0x0000000000000000000000000000000000b11fc785b5120db488bfa430b9a782,true
solc-0.8.36-develop.2026.5.7,solc-0.8.36-develop.2026.5.7,0x88e6a0c2ddd26feeb64f039a2c41296fcb3f5640,via-ir-high-runs,uniswapv3-swap,0x000000000004444c5dc75cb358380d2e3de08a90,0xa3956299d319260eb10f48966f68e111e3bd1aa5923ec94aea9bbed15b86bb85,0x00000000000000000000000000000000000000000000000000ce8b24b54c77e4,0x00000000000000000000000000000000000000000000000000ce8b24b54c77e4,true
solc-0.8.36-develop.2026.5.7,solc-0.8.36-develop.2026.5.7,0x88e6a0c2ddd26feeb64f039a2c41296fcb3f5640,via-ir-high-runs,uniswapv3-swap,0x000000000004444c5dc75cb358380d2e3de08a90,0xd5dfa7f7750ae5d3dbe5206f5d0d3632e021d96d6982d639d032ca2a9ce61f78,0x0000000000000000000000000000000000000001000000000000000000000000,0x0000000000000000000000000000000000000001000000000000000000000000,true
solc-0.8.36-develop.2026.5.7,solc-0.8.36-develop.2026.5.7,0x88e6a0c2ddd26feeb64f039a2c41296fcb3f5640,via-ir-high-runs,uniswapv3-swap,0x000000000004444c5dc75cb358380d2e3de08a90,0xd5dfa7f7750ae5d3dbe5206f5d0d3632e021d96d6982d639d032ca2a9ce61f7b,0x0000000000000000000000000000000000000000000000000000000000000000,0x0000000000000000000000000000000000000000000000000000000000000000,true
solc-0.8.36-develop.2026.5.7,solc-0.8.36-develop.2026.5.7,0x88e6a0c2ddd26feeb64f039a2c41296fcb3f5640,via-ir-high-runs,uniswapv3-swap,0x000000000022d473030f116ddee9f6b43ac78ba3,0xedf1cbc11719701560583eb217463ae9b47d69cbba5f05d0616c2b6cc3ee52e3,0x00000000000100006a247f3f0000000000000000000000000000000000000000,0x00000000000100006a247f3f0000000000000000000000000000000000000000,true
solc-0.8.36-develop.2026.5.7,solc-0.8.36-develop.2026.5.7,0x88e6a0c2ddd26feeb64f039a2c41296fcb3f5640,via-ir-high-runs,uniswapv3-swap,0x2260fac5e5542a773aa44fbcfedf7c193bc2c599,0x0000000000000000000000000000000000000000000000000000000000000005,0x0000000000000000000000ca06411bd7a7296d7dbdd0050dfc846e95febeb708,0x0000000000000000000000ca06411bd7a7296d7dbdd0050dfc846e95febeb708,true
solc-0.8.36-develop.2026.5.7,solc-0.8.36-develop.2026.5.7,0x88e6a0c2ddd26feeb64f039a2c41296fcb3f5640,via-ir-high-runs,uniswapv3-swap,0x2260fac5e5542a773aa44fbcfedf7c193bc2c599,0x11fd237061433ba9f221f703bed587e7636b11fbe3815abba27443968931d654,0x00000000000000000000000000000000000000000000000000000019dfa0c9d5,0x00000000000000000000000000000000000000000000000000000019dfa0c9d5,true
solc-0.8.36-develop.2026.5.7,solc-0.8.36-develop.2026.5.7,0x88e6a0c2ddd26feeb64f039a2c41296fcb3f5640,via-ir-high-runs,uniswapv3-swap,0x2260fac5e5542a773aa44fbcfedf7c193bc2c599,0x4d9dce43f1f7944156fad314cb2ab864a7110c0f260a1a641a7c10c43ae6d03e,0x0000000000000000000000000000000000000000000000000000000000000000,0x0000000000000000000000000000000000000000000000000000000000000000,true
solc-0.8.36-develop.2026.5.7,solc-0.8.36-develop.2026.5.7,0x88e6a0c2ddd26feeb64f039a2c41296fcb3f5640,via-ir-high-runs,uniswapv3-swap,0x2260fac5e5542a773aa44fbcfedf7c193bc2c599,0x8641bb179b9aa9ed8dee118e2d357643a656a679df1d0d9f26c18bd21be43bc6,0x00000000000000000000000000000000000000000000000000000002cb964aef,0x00000000000000000000000000000000000000000000000000000002cb964aef,true
solc-0.8.36-develop.2026.5.7,solc-0.8.36-develop.2026.5.7,0x88e6a0c2ddd26feeb64f039a2c41296fcb3f5640,via-ir-high-runs,uniswapv3-swap,0x2260fac5e5542a773aa44fbcfedf7c193bc2c599,0xdc276a4f120117ad5ae6415d1c724b4f3a0e81f0ee6466e1392ca121b63123f2,0x000000000000000000000000000000000000000000000000000000053eac7892,0x000000000000000000000000000000000000000000000000000000053eac7892,true
solc-0.8.36-develop.2026.5.7,solc-0.8.36-develop.2026.5.7,0x88e6a0c2ddd26feeb64f039a2c41296fcb3f5640,via-ir-high-runs,uniswapv3-swap,0x2260fac5e5542a773aa44fbcfedf7c193bc2c599,0xe3b1de349965f47d7ab49c108672c88f4d36a56c931cbc7eb2130bcc572d2a41,0x000000000000000000000000000000000000000000000000000000000600120d,0x000000000000000000000000000000000000000000000000000000000600120d,true
solc-0.8.36-develop.2026.5.7,solc-0.8.36-develop.2026.5.7,0x88e6a0c2ddd26feeb64f039a2c41296fcb3f5640,via-ir-high-runs,uniswapv3-swap,0x4585fe77225b41b697c938b018e2ac67ac5a20c0,0x0000000000000000000000000000000000000000000000000000000000000000,0x000144012c012c00e1040e29000000000009009211212e6e7c0c4523082adbcb,0x000144012c012c00e1040e29000000000009009211212e6e7c0c4523082adbcb,true
solc-0.8.36-develop.2026.5.7,solc-0.8.36-develop.2026.5.7,0x88e6a0c2ddd26feeb64f039a2c41296fcb3f5640,via-ir-high-runs,uniswapv3-swap,0x4585fe77225b41b697c938b018e2ac67ac5a20c0,0x0000000000000000000000000000000000000000000000000000000000000001,0x00000000000000000000000000000000000002fda0921592a7a6229097bf0254,0x00000000000000000000000000000000000002fda0921592a7a6229097bf0254,true
solc-0.8.36-develop.2026.5.7,solc-0.8.36-develop.2026.5.7,0x88e6a0c2ddd26feeb64f039a2c41296fcb3f5640,via-ir-high-runs,uniswapv3-swap,0x4585fe77225b41b697c938b018e2ac67ac5a20c0,0x0000000000000000000000000000000000000000000000000000000000000002,0x00000000000000000000000000009a6c13550e118829c1ae44633d890c5ac377,0x00000000000000000000000000009a6c13550e118829c1ae44633d890c5ac377,true
solc-0.8.36-develop.2026.5.7,solc-0.8.36-develop.2026.5.7,0x88e6a0c2ddd26feeb64f039a2c41296fcb3f5640,via-ir-high-runs,uniswapv3-swap,0x4585fe77225b41b697c938b018e2ac67ac5a20c0,0x0000000000000000000000000000000000000000000000000000000000000003,0x00000000000000000042fd3c343ea69900000000000000000000000000011127,0x00000000000000000042fd3c343ea69900000000000000000000000000011127,true
solc-0.8.36-develop.2026.5.7,solc-0.8.36-develop.2026.5.7,0x88e6a0c2ddd26feeb64f039a2c41296fcb3f5640,via-ir-high-runs,uniswapv3-swap,0x4585fe77225b41b697c938b018e2ac67ac5a20c0,0x0000000000000000000000000000000000000000000000000000000000000004,0x0000000000000000000000000000000000000000000000000311aa06d698e86e,0x0000000000000000000000000000000000000000000000000311aa06d698e86e,true
solc-0.8.36-develop.2026.5.7,solc-0.8.36-develop.2026.5.7,0x88e6a0c2ddd26feeb64f039a2c41296fcb3f5640,via-ir-high-runs,uniswapv3-swap,0x4585fe77225b41b697c938b018e2ac67ac5a20c0,0x00000000000000000000000000000000000000000000000000000000000000e8,0x010000000000000bfe02a57cb697b81e9e54ee1783002560fc81e88c69fcf353,0x010000000000000bfe02a57cb697b81e9e54ee1783002560fc81e88c69fcf353,true
solc-0.8.36-develop.2026.5.7,solc-0.8.36-develop.2026.5.7,0x88e6a0c2ddd26feeb64f039a2c41296fcb3f5640,via-ir-high-runs,uniswapv3-swap,0x4585fe77225b41b697c938b018e2ac67ac5a20c0,0x00000000000000000000000000000000000000000000000000000000000000e9,0x010000000000000bfe02a590aa97628d17217d98d6002560fd753aa069fcf38f,0x010000000000000bfe02a590aa97628d17217d98d6002560fd753aa069fcf38f,true
solc-0.8.36-develop.2026.5.7,solc-0.8.36-develop.2026.5.7,0x88e6a0c2ddd26feeb64f039a2c41296fcb3f5640,via-ir-high-runs,uniswapv3-swap,0x4585fe77225b41b697c938b018e2ac67ac5a20c0,0x42eaf377e852cb7e2313a5bb7f5652a57d77d0cd41c4754d201e61f98c0870b7,0xfffffffffffffffffff023e7fca5a9d90000000000000000000fdc18035a5627,0xfffffffffffffffffff023e7fca5a9d90000000000000000000fdc18035a5627,true
solc-0.8.36-develop.2026.5.7,solc-0.8.36-develop.2026.5.7,0x88e6a0c2ddd26feeb64f039a2c41296fcb3f5640,via-ir-high-runs,uniswapv3-swap,0x4585fe77225b41b697c938b018e2ac67ac5a20c0,0x42eaf377e852cb7e2313a5bb7f5652a57d77d0cd41c4754d201e61f98c0870b8,0x000000000000000000000000000000000000000002cde2448630c495f7329090,0x000000000000000000000000000000000000000002cde2448630c495f7329090,true
solc-0.8.36-develop.2026.5.7,solc-0.8.36-develop.2026.5.7,0x88e6a0c2ddd26feeb64f039a2c41296fcb3f5640,via-ir-high-runs,uniswapv3-swap,0x4585fe77225b41b697c938b018e2ac67ac5a20c0,0x42eaf377e852cb7e2313a5bb7f5652a57d77d0cd41c4754d201e61f98c0870b9,0x00000000000000000000000000000000e354a7c6ed6caa96a082a5c225bbb526,0x00000000000000000000000000000000e354a7c6ed6caa96a082a5c225bbb526,true
solc-0.8.36-develop.2026.5.7,solc-0.8.36-develop.2026.5.7,0x88e6a0c2ddd26feeb64f039a2c41296fcb3f5640,via-ir-high-runs,uniswapv3-swap,0x4585fe77225b41b697c938b018e2ac67ac5a20c0,0x42eaf377e852cb7e2313a5bb7f5652a57d77d0cd41c4754d201e61f98c0870ba,0x0100002a480000000000000000000f8d0155704e06ff84831d000000ab77c328,0x0100002a480000000000000000000f8d0155704e06ff84831d000000ab77c328,true
solc-0.8.36-develop.2026.5.7,solc-0.8.36-develop.2026.5.7,0x88e6a0c2ddd26feeb64f039a2c41296fcb3f5640,via-ir-high-runs,uniswapv3-swap,0x4585fe77225b41b697c938b018e2ac67ac5a20c0,0x62552337360b040ac00905130c40c0e814a32ae1bf4d7c7b02730b479e5eef98,0x9aeb7ffffeffdf6d7ffedaf07ad7fffffcffbfb7fe7ef6d1f5f01f7b44729a3b,0x9aeb7ffffeffdf6d7ffedaf07ad7fffffcffbfb7fe7ef6d1f5f01f7b44729a3b,true
solc-0.8.36-develop.2026.5.7,solc-0.8.36-develop.2026.5.7,0x88e6a0c2ddd26feeb64f039a2c41296fcb3f5640,via-ir-high-runs,uniswapv3-swap,0x56534741cd8b152df6d48adf7ac51f75169a83b2,0x0000000000000000000000000000000000000000000000000000000000000000,0x000144003800380019010510000000000000001c42b937af82ecfa8a3ebfa020,0x000144003800380019010510000000000000001c42b937af82ecfa8a3ebfa020,true
solc-0.8.36-develop.2026.5.7,solc-0.8.36-develop.2026.5.7,0x88e6a0c2ddd26feeb64f039a2c41296fcb3f5640,via-ir-high-runs,uniswapv3-swap,0x56534741cd8b152df6d48adf7ac51f75169a83b2,0x0000000000000000000000000000000000000000000000000000000000000001,0x0000000000000000000000000000000000ae133dea1e25fdd33003a1dc0e2769,0x0000000000000000000000000000000000ae133dea1e25fdd33003a1dc0e2769,true
solc-0.8.36-develop.2026.5.7,solc-0.8.36-develop.2026.5.7,0x88e6a0c2ddd26feeb64f039a2c41296fcb3f5640,via-ir-high-runs,uniswapv3-swap,0x56534741cd8b152df6d48adf7ac51f75169a83b2,0x0000000000000000000000000000000000000000000000000000000000000003,0x00000000000000000000000002b9ec170000000000000000000000000000dc7c,0x00000000000000000000000002b9ec170000000000000000000000000000dc7c,true
solc-0.8.36-develop.2026.5.7,solc-0.8.36-develop.2026.5.7,0x88e6a0c2ddd26feeb64f039a2c41296fcb3f5640,via-ir-high-runs,uniswapv3-swap,0x56534741cd8b152df6d48adf7ac51f75169a83b2,0x0000000000000000000000000000000000000000000000000000000000000004,0x000000000000000000000000000000000000000000000000000004708aa553f9,0x000000000000000000000000000000000000000000000000000004708aa553f9,true
solc-0.8.36-develop.2026.5.7,solc-0.8.36-develop.2026.5.7,0x88e6a0c2ddd26feeb64f039a2c41296fcb3f5640,via-ir-high-runs,uniswapv3-swap,0x56534741cd8b152df6d48adf7ac51f75169a83b2,0x0000000000000000000000000000000000000000000000000000000000000020,0x0102f2939520b2c643ca3d7a4b8013cf5c45d064420008b6f23a940f69fcf30b,0x0102f2939520b2c643ca3d7a4b8013cf5c45d064420008b6f23a940f69fcf30b,true
solc-0.8.36-develop.2026.5.7,solc-0.8.36-develop.2026.5.7,0x88e6a0c2ddd26feeb64f039a2c41296fcb3f5640,via-ir-high-runs,uniswapv3-swap,0x56534741cd8b152df6d48adf7ac51f75169a83b2,0x0000000000000000000000000000000000000000000000000000000000000021,0x0102f2939520b2c643e7f8f293113f972a8f318bb80008b6f2c133eb69fcf38f,0x0102f2939520b2c643e7f8f293113f972a8f318bb80008b6f2c133eb69fcf38f,true
solc-0.8.36-develop.2026.5.7,solc-0.8.36-develop.2026.5.7,0x88e6a0c2ddd26feeb64f039a2c41296fcb3f5640,via-ir-high-runs,uniswapv3-swap,0x56534741cd8b152df6d48adf7ac51f75169a83b2,0x2d88733daa8d83575c1c435b1a4140007e667f8dfbe2e5678ffec947a513e5cd,0x300c3d20224b5f90c00d1204885e674f1ca3a07ebdde6af7fdfdffcdbf7f3dfc,0x300c3d20224b5f90c00d1204885e674f1ca3a07ebdde6af7fdfdffcdbf7f3dfc,true
solc-0.8.36-develop.2026.5.7,solc-0.8.36-develop.2026.5.7,0x88e6a0c2ddd26feeb64f039a2c41296fcb3f5640,via-ir-high-runs,uniswapv3-swap,0x88e6a0c2ddd26feeb64f039a2c41296fcb3f5640,0x0000000000000000000000000000000000000000000000000000000000000000,0x00014402d302d300d0030918000000000000518bd74914397f4152319c28cc4e,0x00014402d302d300d0030918000000000000518bd74914397f4152319c28cc4e,true
solc-0.8.36-develop.2026.5.7,solc-0.8.36-develop.2026.5.7,0x88e6a0c2ddd26feeb64f039a2c41296fcb3f5640,via-ir-high-runs,uniswapv3-swap,0x88e6a0c2ddd26feeb64f039a2c41296fcb3f5640,0x0000000000000000000000000000000000000000000000000000000000000002,0x000000000000000000000000000016fbc3b5c77cad61846af3d48b9cb4196751,0x000000000000000000000000000016fbc3b5c77cad61846af3d48b9cb4196751,true
solc-0.8.36-develop.2026.5.7,solc-0.8.36-develop.2026.5.7,0x88e6a0c2ddd26feeb64f039a2c41296fcb3f5640,via-ir-high-runs,uniswapv3-swap,0x88e6a0c2ddd26feeb64f039a2c41296fcb3f5640,0x0000000000000000000000000000000000000000000000000000000000000003,0x0000000000000000009d8b8f5cacef4d00000000000000000000000006c77846,0x0000000000000000009d8b8f5cacef4d00000000000000000000000006c77846,true
solc-0.8.36-develop.2026.5.7,solc-0.8.36-develop.2026.5.7,0x88e6a0c2ddd26feeb64f039a2c41296fcb3f5640,via-ir-high-runs,uniswapv3-swap,0x88e6a0c2ddd26feeb64f039a2c41296fcb3f5640,0x0000000000000000000000000000000000000000000000000000000000000004,0x00000000000000000000000000000000000000000000000033fa272b6f19d4ab,0x00000000000000000000000000000000000000000000000033fa272b6f19d4ab,true
solc-0.8.36-develop.2026.5.7,solc-0.8.36-develop.2026.5.7,0x88e6a0c2ddd26feeb64f039a2c41296fcb3f5640,via-ir-high-runs,uniswapv3-swap,0x88e6a0c2ddd26feeb64f039a2c41296fcb3f5640,0x00000000000000000000000000000000000000000000000000000000000000d7,0x010000000000000001fffb22cfa94ce43419f4b3c4001c7faa62ae1769fcf383,0x010000000000000001fffb22cfa94ce43419f4b3c4001c7faa62ae1769fcf383,true
solc-0.8.36-develop.2026.5.7,solc-0.8.36-develop.2026.5.7,0x88e6a0c2ddd26feeb64f039a2c41296fcb3f5640,via-ir-high-runs,uniswapv3-swap,0x88e6a0c2ddd26feeb64f039a2c41296fcb3f5640,0x00000000000000000000000000000000000000000000000000000000000000d8,0x010000000000000001fffb230ac3a36910f2aa867e001c7faa871b1369fcf38f,0x010000000000000001fffb230ac3a36910f2aa867e001c7faa871b1369fcf38f,true
solc-0.8.36-develop.2026.5.7,solc-0.8.36-develop.2026.5.7,0x88e6a0c2ddd26feeb64f039a2c41296fcb3f5640,via-ir-high-runs,uniswapv3-swap,0x88e6a0c2ddd26feeb64f039a2c41296fcb3f5640,0x1988775e6c6f4b25d912ae5577f9b19952e8e16a59481301121feafa0d673092,0xfffd7ffffffffffffffffffffffffffffffffffffffffffffffffffffffeffff,0xfffd7ffffffffffffffffffffffffffffffffffffffffffffffffffffffeffff,true
solc-0.8.36-develop.2026.5.7,solc-0.8.36-develop.2026.5.7,0x88e6a0c2ddd26feeb64f039a2c41296fcb3f5640,via-ir-high-runs,uniswapv3-swap,0xa0b86991c6218b36c1d19d4a2e9eb0ce3606eb48,0x0000000000000000000000000000000000000000000000000000000000000001,0x0000000000000000000000004914f61d25e5c567143774b76edbf4d5109a8566,0x0000000000000000000000004914f61d25e5c567143774b76edbf4d5109a8566,true
solc-0.8.36-develop.2026.5.7,solc-0.8.36-develop.2026.5.7,0x88e6a0c2ddd26feeb64f039a2c41296fcb3f5640,via-ir-high-runs,uniswapv3-swap,0xa0b86991c6218b36c1d19d4a2e9eb0ce3606eb48,0x10d6a54a4754c8869d6886b5f5d7fbfa5b4522237ea5c60d11bc4e7a1ff9390b,0x000000000000000000000000807a96288a1a408dbc13de2b1d087d10356395d2,0x000000000000000000000000807a96288a1a408dbc13de2b1d087d10356395d2,true
solc-0.8.36-develop.2026.5.7,solc-0.8.36-develop.2026.5.7,0x88e6a0c2ddd26feeb64f039a2c41296fcb3f5640,via-ir-high-runs,uniswapv3-swap,0xa0b86991c6218b36c1d19d4a2e9eb0ce3606eb48,0x1f21a62c4538bacf2aabeca410f0fe63151869f172e03c0e00357ba26a341eff,0x000000000000000000000000000000000000000000000000000041bde7a6952d,0x000000000000000000000000000000000000000000000000000041bde7a6952d,true
solc-0.8.36-develop.2026.5.7,solc-0.8.36-develop.2026.5.7,0x88e6a0c2ddd26feeb64f039a2c41296fcb3f5640,via-ir-high-runs,uniswapv3-swap,0xa0b86991c6218b36c1d19d4a2e9eb0ce3606eb48,0x3c2304a4bd8ffa93cccd3b8e4c28dbcd5c94236b1a7b40e3dc80ba6953b4cc7a,0x000000000000000000000000000000000000000000000000000058338375c939,0x000000000000000000000000000000000000000000000000000058338375c939,true
solc-0.8.36-develop.2026.5.7,solc-0.8.36-develop.2026.5.7,0x88e6a0c2ddd26feeb64f039a2c41296fcb3f5640,via-ir-high-runs,uniswapv3-swap,0xa0b86991c6218b36c1d19d4a2e9eb0ce3606eb48,0x4d2c6926676a95578f1f83fc7206c731f15ec7c5dbd8d975202dea6c79518b66,0x0000000000000000000000000000000000000000000000000000000000000000,0x0000000000000000000000000000000000000000000000000000000000000000,true
solc-0.8.36-develop.2026.5.7,solc-0.8.36-develop.2026.5.7,0x88e6a0c2ddd26feeb64f039a2c41296fcb3f5640,via-ir-high-runs,uniswapv3-swap,0xa0b86991c6218b36c1d19d4a2e9eb0ce3606eb48,0x7050c9e0f4ca769c69bd3a8ef740bc37934f8e2c036e5a723fd8ee048ed3f8c3,0x00000000000000000000000043506849d7c04f9138d1a2050bbf3a0c054402dd,0x00000000000000000000000043506849d7c04f9138d1a2050bbf3a0c054402dd,true
solc-0.8.36-develop.2026.5.7,solc-0.8.36-develop.2026.5.7,0x88e6a0c2ddd26feeb64f039a2c41296fcb3f5640,via-ir-high-runs,uniswapv3-swap,0xc02aaa39b223fe8d0a0e5c4f27ead9083c756cc2,0x1a2d1c6ecf58e1d6eaffdb48b06f8a1a56defa61c7446d13af9bb1097cbd713a,0x00000000000000000000000000000000000000000000007f94ac1af9027cc652,0x00000000000000000000000000000000000000000000007f94ac1af9027cc652,true
solc-0.8.36-develop.2026.5.7,solc-0.8.36-develop.2026.5.7,0x88e6a0c2ddd26feeb64f039a2c41296fcb3f5640,via-ir-high-runs,uniswapv3-swap,0xc02aaa39b223fe8d0a0e5c4f27ead9083c756cc2,0x2a306d7595987ab10375e6e054d7489cc80c1cf5351587e21ffbd126573f06c6,0x00000000000000000000000000000000000000000000005cb10aca78275bb34d,0x00000000000000000000000000000000000000000000005cb10aca78275bb34d,true
solc-0.8.36-develop.2026.5.7,solc-0.8.36-develop.2026.5.7,0x88e6a0c2ddd26feeb64f039a2c41296fcb3f5640,via-ir-high-runs,uniswapv3-swap,0xc02aaa39b223fe8d0a0e5c4f27ead9083c756cc2,0x390f6178407c9b8e95802b8659e6df8e34c1e3d4f8d6a49e6132bbcdd937b63a,0x0000000000000000000000000000000000000000000002b7547382f6fb65c913,0x0000000000000000000000000000000000000000000002b7547382f6fb65c913,true
solc-0.8.36-develop.2026.5.7,solc-0.8.36-develop.2026.5.7,0x88e6a0c2ddd26feeb64f039a2c41296fcb3f5640,via-ir-high-runs,uniswapv3-swap,0xc02aaa39b223fe8d0a0e5c4f27ead9083c756cc2,0x9ede93be0d8fc6a5eb9cf1c7345a85b7519d8487a727aef0c2f00ab966aa7716,0x0000000000000000000000000000000000000000000003720375b456235de679,0x0000000000000000000000000000000000000000000003720375b456235de679,true
solc-0.8.36-develop.2026.5.7,solc-0.8.36-develop.2026.5.7,0x88e6a0c2ddd26feeb64f039a2c41296fcb3f5640,via-ir-high-runs,uniswapv3-swap,0xc02aaa39b223fe8d0a0e5c4f27ead9083c756cc2,0xfb437cb06df854b0e9a5f9c071f54ee63d1407c751de4e81c7cb3a621a923fa3,0x0000000000000000000000000000000000000000000000000000000000000000,0x0000000000000000000000000000000000000000000000000000000000000000,true
solc-0.8.36-develop.2026.5.7,solc-0.8.36-develop.2026.5.7,0x88e6a0c2ddd26feeb64f039a2c41296fcb3f5640,via-ir-high-runs,uniswapv3-swap,0xc7bbec68d12a0d1830360f8ec58fa599ba1b0e9b,0x0000000000000000000000000000000000000000000000000000000000000000,0x000144003300330018fcf6e20000000000000000000323805fb1cb5b5d1ec1f2,0x000144003300330018fcf6e20000000000000000000323805fb1cb5b5d1ec1f2,true
solc-0.8.36-develop.2026.5.7,solc-0.8.36-develop.2026.5.7,0x88e6a0c2ddd26feeb64f039a2c41296fcb3f5640,via-ir-high-runs,uniswapv3-swap,0xc7bbec68d12a0d1830360f8ec58fa599ba1b0e9b,0x0000000000000000000000000000000000000000000000000000000000000001,0x00000000000000000000000000000dd1950fdc46318e4108ac63a51b9f9d2688,0x00000000000000000000000000000dd1950fdc46318e4108ac63a51b9f9d2688,true
solc-0.8.36-develop.2026.5.7,solc-0.8.36-develop.2026.5.7,0x88e6a0c2ddd26feeb64f039a2c41296fcb3f5640,via-ir-high-runs,uniswapv3-swap,0xc7bbec68d12a0d1830360f8ec58fa599ba1b0e9b,0x0000000000000000000000000000000000000000000000000000000000000003,0x00000000000000000000000000ab541500000000000000000010cbbea9250823,0x00000000000000000000000000ab541500000000000000000010cbbea9250823,true
solc-0.8.36-develop.2026.5.7,solc-0.8.36-develop.2026.5.7,0x88e6a0c2ddd26feeb64f039a2c41296fcb3f5640,via-ir-high-runs,uniswapv3-swap,0xc7bbec68d12a0d1830360f8ec58fa599ba1b0e9b,0x0000000000000000000000000000000000000000000000000000000000000004,0x00000000000000000000000000000000000000000000000005d863c8f2cea9fd,0x00000000000000000000000000000000000000000000000005d863c8f2cea9fd,true
solc-0.8.36-develop.2026.5.7,solc-0.8.36-develop.2026.5.7,0x88e6a0c2ddd26feeb64f039a2c41296fcb3f5640,via-ir-high-runs,uniswapv3-swap,0xc7bbec68d12a0d1830360f8ec58fa599ba1b0e9b,0x000000000000000000000000000000000000000000000000000000000000001f,0x010065520c000028edcfe69d0ed50f7f92dd1daaacffecd98742cfc469fcf377,0x010065520c000028edcfe69d0ed50f7f92dd1daaacffecd98742cfc469fcf377,true
solc-0.8.36-develop.2026.5.7,solc-0.8.36-develop.2026.5.7,0x88e6a0c2ddd26feeb64f039a2c41296fcb3f5640,via-ir-high-runs,uniswapv3-swap,0xc7bbec68d12a0d1830360f8ec58fa599ba1b0e9b,0x0000000000000000000000000000000000000000000000000000000000000020,0x010065520c000028edcfe6a129f025fe3d2e993416ffecd986f9f55469fcf38f,0x010065520c000028edcfe6a129f025fe3d2e993416ffecd986f9f55469fcf38f,true
solc-0.8.36-develop.2026.5.7,solc-0.8.36-develop.2026.5.7,0x88e6a0c2ddd26feeb64f039a2c41296fcb3f5640,via-ir-high-runs,uniswapv3-swap,0xc7bbec68d12a0d1830360f8ec58fa599ba1b0e9b,0x25707baf82e67644f561143c0c5d84ea5c79f78b215bcf1c03200995a55d0882,0x4000000000800000000008000020040008000001010000400040001000000000,0x4000000000800000000008000020040008000001010000400040001000000000,true
solc-0.8.36-develop.2026.5.7,solc-0.8.36-develop.2026.5.7,0x88e6a0c2ddd26feeb64f039a2c41296fcb3f5640,via-ir-high-runs,uniswapv3-swap,0xdac17f958d2ee523a2206206994597c13d831ec7,0x0000000000000000000000000000000000000000000000000000000000000000,0x000000000000000000000000c6cde7c39eb2f0f0095f41570af89efc2c1ea828,0x000000000000000000000000c6cde7c39eb2f0f0095f41570af89efc2c1ea828,true
solc-0.8.36-develop.2026.5.7,solc-0.8.36-develop.2026.5.7,0x88e6a0c2ddd26feeb64f039a2c41296fcb3f5640,via-ir-high-runs,uniswapv3-swap,0xdac17f958d2ee523a2206206994597c13d831ec7,0x0000000000000000000000000000000000000000000000000000000000000003,0x0000000000000000000000000000000000000000000000000000000000000000,0x0000000000000000000000000000000000000000000000000000000000000000,true
solc-0.8.36-develop.2026.5.7,solc-0.8.36-develop.2026.5.7,0x88e6a0c2ddd26feeb64f039a2c41296fcb3f5640,via-ir-high-runs,uniswapv3-swap,0xdac17f958d2ee523a2206206994597c13d831ec7,0x0000000000000000000000000000000000000000000000000000000000000004,0x0000000000000000000000000000000000000000000000000000000000000000,0x0000000000000000000000000000000000000000000000000000000000000000,true
solc-0.8.36-develop.2026.5.7,solc-0.8.36-develop.2026.5.7,0x88e6a0c2ddd26feeb64f039a2c41296fcb3f5640,via-ir-high-runs,uniswapv3-swap,0xdac17f958d2ee523a2206206994597c13d831ec7,0x000000000000000000000000000000000000000000000000000000000000000a,0x0000000000000000000000000000000000000000000000000000000000000000,0x0000000000000000000000000000000000000000000000000000000000000000,true
solc-0.8.36-develop.2026.5.7,solc-0.8.36-develop.2026.5.7,0x88e6a0c2ddd26feeb64f039a2c41296fcb3f5640,via-ir-high-runs,uniswapv3-swap,0xdac17f958d2ee523a2206206994597c13d831ec7,0x4ef6edfc3160644a4ba4315dc3bcea155402722b84386f7045d135dacbc8ce16,0x0000000000000000000000000000000000000000000000000000000000000000,0x0000000000000000000000000000000000000000000000000000000000000000,true
solc-0.8.36-develop.2026.5.7,solc-0.8.36-develop.2026.5.7,0x88e6a0c2ddd26feeb64f039a2c41296fcb3f5640,via-ir-high-runs,uniswapv3-swap,0xdac17f958d2ee523a2206206994597c13d831ec7,0x5a78295ac94dacfc557f7106ea064b1acc0ac048c9e355c345613ff42cd4ff66,0x0000000000000000000000000000000000000000000000000000000000000000,0x0000000000000000000000000000000000000000000000000000000000000000,true
solc-0.8.36-develop.2026.5.7,solc-0.8.36-develop.2026.5.7,0x88e6a0c2ddd26feeb64f039a2c41296fcb3f5640,via-ir-high-runs,uniswapv3-swap,0xdac17f958d2ee523a2206206994597c13d831ec7,0x6be4a3a1db72c2857f39712ccf07fd67bf3b6aa64d1de0802b5b26256efcce4e,0x000000000000000000000000000000000000000000000000000008bedac8ea97,0x000000000000000000000000000000000000000000000000000008bedac8ea97,true
solc-0.8.36-develop.2026.5.7,solc-0.8.36-develop.2026.5.7,0x88e6a0c2ddd26feeb64f039a2c41296fcb3f5640,via-ir-high-runs,uniswapv3-swap,0xdac17f958d2ee523a2206206994597c13d831ec7,0x7398bc983c4259d6f47c9b3b6c6afc05fa43c68cf621b713dda76c7877344958,0x0000000000000000000000000000000000000000000000000000000000000000,0x0000000000000000000000000000000000000000000000000000000000000000,true
solc-0.8.36-develop.2026.5.7,solc-0.8.36-develop.2026.5.7,0x88e6a0c2ddd26feeb64f039a2c41296fcb3f5640,via-ir-high-runs,uniswapv3-swap,0xdac17f958d2ee523a2206206994597c13d831ec7,0x7a464961c125fc990109c53fc6324f805cc788adf74934778792f1f7cfd292ba,0x0000000000000000000000000000000000000000000000000000000000000000,0x0000000000000000000000000000000000000000000000000000000000000000,true
solc-0.8.36-develop.2026.5.7,solc-0.8.36-develop.2026.5.7,0x88e6a0c2ddd26feeb64f039a2c41296fcb3f5640,via-ir-high-runs,uniswapv3-swap,0xdac17f958d2ee523a2206206994597c13d831ec7,0x81579e7a5455cd7eef5ce102af6f0c3c6aad085eb5a018f0c2a01d3277503f3b,0x00000000000000000000000000000000000000000000000000003704f7261e8d,0x00000000000000000000000000000000000000000000000000003704f7261e8d,true
solc-0.8.36-develop.2026.5.7,solc-0.8.36-develop.2026.5.7,0x88e6a0c2ddd26feeb64f039a2c41296fcb3f5640,via-ir-high-runs,uniswapv3-swap,0xdac17f958d2ee523a2206206994597c13d831ec7,0xa4a5df4250c3f90482efa66a230d62b4bb21b7ca04cd6ae1b8ded6d1ce2407a3,0x0000000000000000000000000000000000000000000000000000004126dae1af,0x0000000000000000000000000000000000000000000000000000004126dae1af,true
solc-0.8.36-develop.2026.5.7,solc-0.8.36-develop.2026.5.7,0x88e6a0c2ddd26feeb64f039a2c41296fcb3f5640,via-ir-high-runs,uniswapv3-swap,0xdac17f958d2ee523a2206206994597c13d831ec7,0xb3eb08f8908b50793538019be1a1d12936600f3a4243ae0d6e12252bb716f802,0x0000000000000000000000000000000000000000000000000000000000000000,0x0000000000000000000000000000000000000000000000000000000000000000,true
solc-0.8.36-develop.2026.5.7,solc-0.8.36-develop.2026.5.7,0x88e6a0c2ddd26feeb64f039a2c41296fcb3f5640,via-ir-high-runs,uniswapv3-swap,0xdac17f958d2ee523a2206206994597c13d831ec7,0xd06ef82a07326a6e964ce1700825547c428fbc96deb2e33e7e20498001080d7d,0x000000000000000000000000000000000000000000000000000001a5edb77f06,0x000000000000000000000000000000000000000000000000000001a5edb77f06,true
solc-0.8.36-develop.2026.5.7,solc-0.8.36-develop.2026.5.7,0x88e6a0c2ddd26feeb64f039a2c41296fcb3f5640,via-ir-low-runs,uniswapv3-swap,0x000000000004444c5dc75cb358380d2e3de08a90,0x00d8c01a24673e0ad0b0dd6d266a56423dedc90100e8c10f24d454317871695b,0xffd2000000004000000000000000000000000000000000000000000000000000,0xffd2000000004000000000000000000000000000000000000000000000000000,true
solc-0.8.36-develop.2026.5.7,solc-0.8.36-develop.2026.5.7,0x88e6a0c2ddd26feeb64f039a2c41296fcb3f5640,via-ir-low-runs,uniswapv3-swap,0x000000000004444c5dc75cb358380d2e3de08a90,0x401bb267f2fde7f72773380a358a126068d2275374680dac039c05559162a496,0x111030c10003301c8094804bee20885029100010092064041da456a517522282,0x111030c10003301c8094804bee20885029100010092064041da456a517522282,true
solc-0.8.36-develop.2026.5.7,solc-0.8.36-develop.2026.5.7,0x88e6a0c2ddd26feeb64f039a2c41296fcb3f5640,via-ir-low-runs,uniswapv3-swap,0x000000000004444c5dc75cb358380d2e3de08a90,0x8977f7a7ba33f89c913a4d63cb879a2e0934df8eb67f1d0f6b7479f5b5aac76e,0x0000000001f4000000fbf1d5000000000000000000001c6fcfd2d991d7a609dd,0x0000000001f4000000fbf1d5000000000000000000001c6fcfd2d991d7a609dd,true
solc-0.8.36-develop.2026.5.7,solc-0.8.36-develop.2026.5.7,0x88e6a0c2ddd26feeb64f039a2c41296fcb3f5640,via-ir-low-runs,uniswapv3-swap,0x000000000004444c5dc75cb358380d2e3de08a90,0x8977f7a7ba33f89c913a4d63cb879a2e0934df8eb67f1d0f6b7479f5b5aac770,0x000000000000000000000000000000000000009c701f673c1a4626f01f6eb4b6,0x000000000000000000000000000000000000009c701f673c1a4626f01f6eb4b6,true
solc-0.8.36-develop.2026.5.7,solc-0.8.36-develop.2026.5.7,0x88e6a0c2ddd26feeb64f039a2c41296fcb3f5640,via-ir-low-runs,uniswapv3-swap,0x000000000004444c5dc75cb358380d2e3de08a90,0x8977f7a7ba33f89c913a4d63cb879a2e0934df8eb67f1d0f6b7479f5b5aac771,0x00000000000000000000000000000000000000000000000000828f3f024c1483,0x00000000000000000000000000000000000000000000000000828f3f024c1483,true
solc-0.8.36-develop.2026.5.7,solc-0.8.36-develop.2026.5.7,0x88e6a0c2ddd26feeb64f039a2c41296fcb3f5640,via-ir-low-runs,uniswapv3-swap,0x000000000004444c5dc75cb358380d2e3de08a90,0xa3956299d319260eb10f48966f68e111e3bd1aa5923ec94aea9bbed15b86bb82,0x000000000007000000ffffff0000000000000000fffed18ed628618d67956297,0x000000000007000000ffffff0000000000000000fffed18ed628618d67956297,true
solc-0.8.36-develop.2026.5.7,solc-0.8.36-develop.2026.5.7,0x88e6a0c2ddd26feeb64f039a2c41296fcb3f5640,via-ir-low-runs,uniswapv3-swap,0x000000000004444c5dc75cb358380d2e3de08a90,0xa3956299d319260eb10f48966f68e111e3bd1aa5923ec94aea9bbed15b86bb83,0x0000000000000000000000000000000000b11fc785b5120db488bfa430b9a782,0x0000000000000000000000000000000000b11fc785b5120db488bfa430b9a782,true
solc-0.8.36-develop.2026.5.7,solc-0.8.36-develop.2026.5.7,0x88e6a0c2ddd26feeb64f039a2c41296fcb3f5640,via-ir-low-runs,uniswapv3-swap,0x000000000004444c5dc75cb358380d2e3de08a90,0xa3956299d319260eb10f48966f68e111e3bd1aa5923ec94aea9bbed15b86bb85,0x00000000000000000000000000000000000000000000000000ce8b24b54c77e4,0x00000000000000000000000000000000000000000000000000ce8b24b54c77e4,true
solc-0.8.36-develop.2026.5.7,solc-0.8.36-develop.2026.5.7,0x88e6a0c2ddd26feeb64f039a2c41296fcb3f5640,via-ir-low-runs,uniswapv3-swap,0x000000000004444c5dc75cb358380d2e3de08a90,0xd5dfa7f7750ae5d3dbe5206f5d0d3632e021d96d6982d639d032ca2a9ce61f78,0x0000000000000000000000000000000000000001000000000000000000000000,0x0000000000000000000000000000000000000001000000000000000000000000,true
solc-0.8.36-develop.2026.5.7,solc-0.8.36-develop.2026.5.7,0x88e6a0c2ddd26feeb64f039a2c41296fcb3f5640,via-ir-low-runs,uniswapv3-swap,0x000000000004444c5dc75cb358380d2e3de08a90,0xd5dfa7f7750ae5d3dbe5206f5d0d3632e021d96d6982d639d032ca2a9ce61f7b,0x0000000000000000000000000000000000000000000000000000000000000000,0x0000000000000000000000000000000000000000000000000000000000000000,true
solc-0.8.36-develop.2026.5.7,solc-0.8.36-develop.2026.5.7,0x88e6a0c2ddd26feeb64f039a2c41296fcb3f5640,via-ir-low-runs,uniswapv3-swap,0x000000000022d473030f116ddee9f6b43ac78ba3,0xedf1cbc11719701560583eb217463ae9b47d69cbba5f05d0616c2b6cc3ee52e3,0x00000000000100006a247f3f0000000000000000000000000000000000000000,0x00000000000100006a247f3f0000000000000000000000000000000000000000,true
solc-0.8.36-develop.2026.5.7,solc-0.8.36-develop.2026.5.7,0x88e6a0c2ddd26feeb64f039a2c41296fcb3f5640,via-ir-low-runs,uniswapv3-swap,0x2260fac5e5542a773aa44fbcfedf7c193bc2c599,0x0000000000000000000000000000000000000000000000000000000000000005,0x0000000000000000000000ca06411bd7a7296d7dbdd0050dfc846e95febeb708,0x0000000000000000000000ca06411bd7a7296d7dbdd0050dfc846e95febeb708,true
solc-0.8.36-develop.2026.5.7,solc-0.8.36-develop.2026.5.7,0x88e6a0c2ddd26feeb64f039a2c41296fcb3f5640,via-ir-low-runs,uniswapv3-swap,0x2260fac5e5542a773aa44fbcfedf7c193bc2c599,0x11fd237061433ba9f221f703bed587e7636b11fbe3815abba27443968931d654,0x00000000000000000000000000000000000000000000000000000019dfa0c9d5,0x00000000000000000000000000000000000000000000000000000019dfa0c9d5,true
solc-0.8.36-develop.2026.5.7,solc-0.8.36-develop.2026.5.7,0x88e6a0c2ddd26feeb64f039a2c41296fcb3f5640,via-ir-low-runs,uniswapv3-swap,0x2260fac5e5542a773aa44fbcfedf7c193bc2c599,0x4d9dce43f1f7944156fad314cb2ab864a7110c0f260a1a641a7c10c43ae6d03e,0x0000000000000000000000000000000000000000000000000000000000000000,0x0000000000000000000000000000000000000000000000000000000000000000,true
solc-0.8.36-develop.2026.5.7,solc-0.8.36-develop.2026.5.7,0x88e6a0c2ddd26feeb64f039a2c41296fcb3f5640,via-ir-low-runs,uniswapv3-swap,0x2260fac5e5542a773aa44fbcfedf7c193bc2c599,0x8641bb179b9aa9ed8dee118e2d357643a656a679df1d0d9f26c18bd21be43bc6,0x00000000000000000000000000000000000000000000000000000002cb964aef,0x00000000000000000000000000000000000000000000000000000002cb964aef,true
solc-0.8.36-develop.2026.5.7,solc-0.8.36-develop.2026.5.7,0x88e6a0c2ddd26feeb64f039a2c41296fcb3f5640,via-ir-low-runs,uniswapv3-swap,0x2260fac5e5542a773aa44fbcfedf7c193bc2c599,0xdc276a4f120117ad5ae6415d1c724b4f3a0e81f0ee6466e1392ca121b63123f2,0x000000000000000000000000000000000000000000000000000000053eac7892,0x000000000000000000000000000000000000000000000000000000053eac7892,true
solc-0.8.36-develop.2026.5.7,solc-0.8.36-develop.2026.5.7,0x88e6a0c2ddd26feeb64f039a2c41296fcb3f5640,via-ir-low-runs,uniswapv3-swap,0x2260fac5e5542a773aa44fbcfedf7c193bc2c599,0xe3b1de349965f47d7ab49c108672c88f4d36a56c931cbc7eb2130bcc572d2a41,0x000000000000000000000000000000000000000000000000000000000600120d,0x000000000000000000000000000000000000000000000000000000000600120d,true
solc-0.8.36-develop.2026.5.7,solc-0.8.36-develop.2026.5.7,0x88e6a0c2ddd26feeb64f039a2c41296fcb3f5640,via-ir-low-runs,uniswapv3-swap,0x4585fe77225b41b697c938b018e2ac67ac5a20c0,0x0000000000000000000000000000000000000000000000000000000000000000,0x000144012c012c00e1040e29000000000009009211212e6e7c0c4523082adbcb,0x000144012c012c00e1040e29000000000009009211212e6e7c0c4523082adbcb,true
solc-0.8.36-develop.2026.5.7,solc-0.8.36-develop.2026.5.7,0x88e6a0c2ddd26feeb64f039a2c41296fcb3f5640,via-ir-low-runs,uniswapv3-swap,0x4585fe77225b41b697c938b018e2ac67ac5a20c0,0x0000000000000000000000000000000000000000000000000000000000000001,0x00000000000000000000000000000000000002fda0921592a7a6229097bf0254,0x00000000000000000000000000000000000002fda0921592a7a6229097bf0254,true
solc-0.8.36-develop.2026.5.7,solc-0.8.36-develop.2026.5.7,0x88e6a0c2ddd26feeb64f039a2c41296fcb3f5640,via-ir-low-runs,uniswapv3-swap,0x4585fe77225b41b697c938b018e2ac67ac5a20c0,0x0000000000000000000000000000000000000000000000000000000000000002,0x00000000000000000000000000009a6c13550e118829c1ae44633d890c5ac377,0x00000000000000000000000000009a6c13550e118829c1ae44633d890c5ac377,true
solc-0.8.36-develop.2026.5.7,solc-0.8.36-develop.2026.5.7,0x88e6a0c2ddd26feeb64f039a2c41296fcb3f5640,via-ir-low-runs,uniswapv3-swap,0x4585fe77225b41b697c938b018e2ac67ac5a20c0,0x0000000000000000000000000000000000000000000000000000000000000003,0x00000000000000000042fd3c343ea69900000000000000000000000000011127,0x00000000000000000042fd3c343ea69900000000000000000000000000011127,true
solc-0.8.36-develop.2026.5.7,solc-0.8.36-develop.2026.5.7,0x88e6a0c2ddd26feeb64f039a2c41296fcb3f5640,via-ir-low-runs,uniswapv3-swap,0x4585fe77225b41b697c938b018e2ac67ac5a20c0,0x0000000000000000000000000000000000000000000000000000000000000004,0x0000000000000000000000000000000000000000000000000311aa06d698e86e,0x0000000000000000000000000000000000000000000000000311aa06d698e86e,true
solc-0.8.36-develop.2026.5.7,solc-0.8.36-develop.2026.5.7,0x88e6a0c2ddd26feeb64f039a2c41296fcb3f5640,via-ir-low-runs,uniswapv3-swap,0x4585fe77225b41b697c938b018e2ac67ac5a20c0,0x00000000000000000000000000000000000000000000000000000000000000e8,0x010000000000000bfe02a57cb697b81e9e54ee1783002560fc81e88c69fcf353,0x010000000000000bfe02a57cb697b81e9e54ee1783002560fc81e88c69fcf353,true
solc-0.8.36-develop.2026.5.7,solc-0.8.36-develop.2026.5.7,0x88e6a0c2ddd26feeb64f039a2c41296fcb3f5640,via-ir-low-runs,uniswapv3-swap,0x4585fe77225b41b697c938b018e2ac67ac5a20c0,0x00000000000000000000000000000000000000000000000000000000000000e9,0x010000000000000bfe02a590aa97628d17217d98d6002560fd753aa069fcf38f,0x010000000000000bfe02a590aa97628d17217d98d6002560fd753aa069fcf38f,true
solc-0.8.36-develop.2026.5.7,solc-0.8.36-develop.2026.5.7,0x88e6a0c2ddd26feeb64f039a2c41296fcb3f5640,via-ir-low-runs,uniswapv3-swap,0x4585fe77225b41b697c938b018e2ac67ac5a20c0,0x42eaf377e852cb7e2313a5bb7f5652a57d77d0cd41c4754d201e61f98c0870b7,0xfffffffffffffffffff023e7fca5a9d90000000000000000000fdc18035a5627,0xfffffffffffffffffff023e7fca5a9d90000000000000000000fdc18035a5627,true
solc-0.8.36-develop.2026.5.7,solc-0.8.36-develop.2026.5.7,0x88e6a0c2ddd26feeb64f039a2c41296fcb3f5640,via-ir-low-runs,uniswapv3-swap,0x4585fe77225b41b697c938b018e2ac67ac5a20c0,0x42eaf377e852cb7e2313a5bb7f5652a57d77d0cd41c4754d201e61f98c0870b8,0x000000000000000000000000000000000000000002cde2448630c495f7329090,0x000000000000000000000000000000000000000002cde2448630c495f7329090,true
solc-0.8.36-develop.2026.5.7,solc-0.8.36-develop.2026.5.7,0x88e6a0c2ddd26feeb64f039a2c41296fcb3f5640,via-ir-low-runs,uniswapv3-swap,0x4585fe77225b41b697c938b018e2ac67ac5a20c0,0x42eaf377e852cb7e2313a5bb7f5652a57d77d0cd41c4754d201e61f98c0870b9,0x00000000000000000000000000000000e354a7c6ed6caa96a082a5c225bbb526,0x00000000000000000000000000000000e354a7c6ed6caa96a082a5c225bbb526,true
solc-0.8.36-develop.2026.5.7,solc-0.8.36-develop.2026.5.7,0x88e6a0c2ddd26feeb64f039a2c41296fcb3f5640,via-ir-low-runs,uniswapv3-swap,0x4585fe77225b41b697c938b018e2ac67ac5a20c0,0x42eaf377e852cb7e2313a5bb7f5652a57d77d0cd41c4754d201e61f98c0870ba,0x0100002a480000000000000000000f8d0155704e06ff84831d000000ab77c328,0x0100002a480000000000000000000f8d0155704e06ff84831d000000ab77c328,true
solc-0.8.36-develop.2026.5.7,solc-0.8.36-develop.2026.5.7,0x88e6a0c2ddd26feeb64f039a2c41296fcb3f5640,via-ir-low-runs,uniswapv3-swap,0x4585fe77225b41b697c938b018e2ac67ac5a20c0,0x62552337360b040ac00905130c40c0e814a32ae1bf4d7c7b02730b479e5eef98,0x9aeb7ffffeffdf6d7ffedaf07ad7fffffcffbfb7fe7ef6d1f5f01f7b44729a3b,0x9aeb7ffffeffdf6d7ffedaf07ad7fffffcffbfb7fe7ef6d1f5f01f7b44729a3b,true
solc-0.8.36-develop.2026.5.7,solc-0.8.36-develop.2026.5.7,0x88e6a0c2ddd26feeb64f039a2c41296fcb3f5640,via-ir-low-runs,uniswapv3-swap,0x56534741cd8b152df6d48adf7ac51f75169a83b2,0x0000000000000000000000000000000000000000000000000000000000000000,0x000144003800380019010510000000000000001c42b937af82ecfa8a3ebfa020,0x000144003800380019010510000000000000001c42b937af82ecfa8a3ebfa020,true
solc-0.8.36-develop.2026.5.7,solc-0.8.36-develop.2026.5.7,0x88e6a0c2ddd26feeb64f039a2c41296fcb3f5640,via-ir-low-runs,uniswapv3-swap,0x56534741cd8b152df6d48adf7ac51f75169a83b2,0x0000000000000000000000000000000000000000000000000000000000000001,0x0000000000000000000000000000000000ae133dea1e25fdd33003a1dc0e2769,0x0000000000000000000000000000000000ae133dea1e25fdd33003a1dc0e2769,true
solc-0.8.36-develop.2026.5.7,solc-0.8.36-develop.2026.5.7,0x88e6a0c2ddd26feeb64f039a2c41296fcb3f5640,via-ir-low-runs,uniswapv3-swap,0x56534741cd8b152df6d48adf7ac51f75169a83b2,0x0000000000000000000000000000000000000000000000000000000000000003,0x00000000000000000000000002b9ec170000000000000000000000000000dc7c,0x00000000000000000000000002b9ec170000000000000000000000000000dc7c,true
solc-0.8.36-develop.2026.5.7,solc-0.8.36-develop.2026.5.7,0x88e6a0c2ddd26feeb64f039a2c41296fcb3f5640,via-ir-low-runs,uniswapv3-swap,0x56534741cd8b152df6d48adf7ac51f75169a83b2,0x0000000000000000000000000000000000000000000000000000000000000004,0x000000000000000000000000000000000000000000000000000004708aa553f9,0x000000000000000000000000000000000000000000000000000004708aa553f9,true
solc-0.8.36-develop.2026.5.7,solc-0.8.36-develop.2026.5.7,0x88e6a0c2ddd26feeb64f039a2c41296fcb3f5640,via-ir-low-runs,uniswapv3-swap,0x56534741cd8b152df6d48adf7ac51f75169a83b2,0x0000000000000000000000000000000000000000000000000000000000000020,0x0102f2939520b2c643ca3d7a4b8013cf5c45d064420008b6f23a940f69fcf30b,0x0102f2939520b2c643ca3d7a4b8013cf5c45d064420008b6f23a940f69fcf30b,true
solc-0.8.36-develop.2026.5.7,solc-0.8.36-develop.2026.5.7,0x88e6a0c2ddd26feeb64f039a2c41296fcb3f5640,via-ir-low-runs,uniswapv3-swap,0x56534741cd8b152df6d48adf7ac51f75169a83b2,0x0000000000000000000000000000000000000000000000000000000000000021,0x0102f2939520b2c643e7f8f293113f972a8f318bb80008b6f2c133eb69fcf38f,0x0102f2939520b2c643e7f8f293113f972a8f318bb80008b6f2c133eb69fcf38f,true
solc-0.8.36-develop.2026.5.7,solc-0.8.36-develop.2026.5.7,0x88e6a0c2ddd26feeb64f039a2c41296fcb3f5640,via-ir-low-runs,uniswapv3-swap,0x56534741cd8b152df6d48adf7ac51f75169a83b2,0x2d88733daa8d83575c1c435b1a4140007e667f8dfbe2e5678ffec947a513e5cd,0x300c3d20224b5f90c00d1204885e674f1ca3a07ebdde6af7fdfdffcdbf7f3dfc,0x300c3d20224b5f90c00d1204885e674f1ca3a07ebdde6af7fdfdffcdbf7f3dfc,true
solc-0.8.36-develop.2026.5.7,solc-0.8.36-develop.2026.5.7,0x88e6a0c2ddd26feeb64f039a2c41296fcb3f5640,via-ir-low-runs,uniswapv3-swap,0x88e6a0c2ddd26feeb64f039a2c41296fcb3f5640,0x0000000000000000000000000000000000000000000000000000000000000000,0x00014402d302d300d0030918000000000000518bd74914397f4152319c28cc4e,0x00014402d302d300d0030918000000000000518bd74914397f4152319c28cc4e,true
solc-0.8.36-develop.2026.5.7,solc-0.8.36-develop.2026.5.7,0x88e6a0c2ddd26feeb64f039a2c41296fcb3f5640,via-ir-low-runs,uniswapv3-swap,0x88e6a0c2ddd26feeb64f039a2c41296fcb3f5640,0x0000000000000000000000000000000000000000000000000000000000000002,0x000000000000000000000000000016fbc3b5c77cad61846af3d48b9cb4196751,0x000000000000000000000000000016fbc3b5c77cad61846af3d48b9cb4196751,true
solc-0.8.36-develop.2026.5.7,solc-0.8.36-develop.2026.5.7,0x88e6a0c2ddd26feeb64f039a2c41296fcb3f5640,via-ir-low-runs,uniswapv3-swap,0x88e6a0c2ddd26feeb64f039a2c41296fcb3f5640,0x0000000000000000000000000000000000000000000000000000000000000003,0x0000000000000000009d8b8f5cacef4d00000000000000000000000006c77846,0x0000000000000000009d8b8f5cacef4d00000000000000000000000006c77846,true
solc-0.8.36-develop.2026.5.7,solc-0.8.36-develop.2026.5.7,0x88e6a0c2ddd26feeb64f039a2c41296fcb3f5640,via-ir-low-runs,uniswapv3-swap,0x88e6a0c2ddd26feeb64f039a2c41296fcb3f5640,0x0000000000000000000000000000000000000000000000000000000000000004,0x00000000000000000000000000000000000000000000000033fa272b6f19d4ab,0x00000000000000000000000000000000000000000000000033fa272b6f19d4ab,true
solc-0.8.36-develop.2026.5.7,solc-0.8.36-develop.2026.5.7,0x88e6a0c2ddd26feeb64f039a2c41296fcb3f5640,via-ir-low-runs,uniswapv3-swap,0x88e6a0c2ddd26feeb64f039a2c41296fcb3f5640,0x00000000000000000000000000000000000000000000000000000000000000d7,0x010000000000000001fffb22cfa94ce43419f4b3c4001c7faa62ae1769fcf383,0x010000000000000001fffb22cfa94ce43419f4b3c4001c7faa62ae1769fcf383,true
solc-0.8.36-develop.2026.5.7,solc-0.8.36-develop.2026.5.7,0x88e6a0c2ddd26feeb64f039a2c41296fcb3f5640,via-ir-low-runs,uniswapv3-swap,0x88e6a0c2ddd26feeb64f039a2c41296fcb3f5640,0x00000000000000000000000000000000000000000000000000000000000000d8,0x010000000000000001fffb230ac3a36910f2aa867e001c7faa871b1369fcf38f,0x010000000000000001fffb230ac3a36910f2aa867e001c7faa871b1369fcf38f,true
solc-0.8.36-develop.2026.5.7,solc-0.8.36-develop.2026.5.7,0x88e6a0c2ddd26feeb64f039a2c41296fcb3f5640,via-ir-low-runs,uniswapv3-swap,0x88e6a0c2ddd26feeb64f039a2c41296fcb3f5640,0x1988775e6c6f4b25d912ae5577f9b19952e8e16a59481301121feafa0d673092,0xfffd7ffffffffffffffffffffffffffffffffffffffffffffffffffffffeffff,0xfffd7ffffffffffffffffffffffffffffffffffffffffffffffffffffffeffff,true
solc-0.8.36-develop.2026.5.7,solc-0.8.36-develop.2026.5.7,0x88e6a0c2ddd26feeb64f039a2c41296fcb3f5640,via-ir-low-runs,uniswapv3-swap,0xa0b86991c6218b36c1d19d4a2e9eb0ce3606eb48,0x0000000000000000000000000000000000000000000000000000000000000001,0x0000000000000000000000004914f61d25e5c567143774b76edbf4d5109a8566,0x0000000000000000000000004914f61d25e5c567143774b76edbf4d5109a8566,true
solc-0.8.36-develop.2026.5.7,solc-0.8.36-develop.2026.5.7,0x88e6a0c2ddd26feeb64f039a2c41296fcb3f5640,via-ir-low-runs,uniswapv3-swap,0xa0b86991c6218b36c1d19d4a2e9eb0ce3606eb48,0x10d6a54a4754c8869d6886b5f5d7fbfa5b4522237ea5c60d11bc4e7a1ff9390b,0x000000000000000000000000807a96288a1a408dbc13de2b1d087d10356395d2,0x000000000000000000000000807a96288a1a408dbc13de2b1d087d10356395d2,true
solc-0.8.36-develop.2026.5.7,solc-0.8.36-develop.2026.5.7,0x88e6a0c2ddd26feeb64f039a2c41296fcb3f5640,via-ir-low-runs,uniswapv3-swap,0xa0b86991c6218b36c1d19d4a2e9eb0ce3606eb48,0x1f21a62c4538bacf2aabeca410f0fe63151869f172e03c0e00357ba26a341eff,0x000000000000000000000000000000000000000000000000000041bde7a6952d,0x000000000000000000000000000000000000000000000000000041bde7a6952d,true
solc-0.8.36-develop.2026.5.7,solc-0.8.36-develop.2026.5.7,0x88e6a0c2ddd26feeb64f039a2c41296fcb3f5640,via-ir-low-runs,uniswapv3-swap,0xa0b86991c6218b36c1d19d4a2e9eb0ce3606eb48,0x3c2304a4bd8ffa93cccd3b8e4c28dbcd5c94236b1a7b40e3dc80ba6953b4cc7a,0x000000000000000000000000000000000000000000000000000058338375c939,0x000000000000000000000000000000000000000000000000000058338375c939,true
solc-0.8.36-develop.2026.5.7,solc-0.8.36-develop.2026.5.7,0x88e6a0c2ddd26feeb64f039a2c41296fcb3f5640,via-ir-low-runs,uniswapv3-swap,0xa0b86991c6218b36c1d19d4a2e9eb0ce3606eb48,0x4d2c6926676a95578f1f83fc7206c731f15ec7c5dbd8d975202dea6c79518b66,0x0000000000000000000000000000000000000000000000000000000000000000,0x0000000000000000000000000000000000000000000000000000000000000000,true
solc-0.8.36-develop.2026.5.7,solc-0.8.36-develop.2026.5.7,0x88e6a0c2ddd26feeb64f039a2c41296fcb3f5640,via-ir-low-runs,uniswapv3-swap,0xa0b86991c6218b36c1d19d4a2e9eb0ce3606eb48,0x7050c9e0f4ca769c69bd3a8ef740bc37934f8e2c036e5a723fd8ee048ed3f8c3,0x00000000000000000000000043506849d7c04f9138d1a2050bbf3a0c054402dd,0x00000000000000000000000043506849d7c04f9138d1a2050bbf3a0c054402dd,true
solc-0.8.36-develop.2026.5.7,solc-0.8.36-develop.2026.5.7,0x88e6a0c2ddd26feeb64f039a2c41296fcb3f5640,via-ir-low-runs,uniswapv3-swap,0xc02aaa39b223fe8d0a0e5c4f27ead9083c756cc2,0x1a2d1c6ecf58e1d6eaffdb48b06f8a1a56defa61c7446d13af9bb1097cbd713a,0x00000000000000000000000000000000000000000000007f94ac1af9027cc652,0x00000000000000000000000000000000000000000000007f94ac1af9027cc652,true
solc-0.8.36-develop.2026.5.7,solc-0.8.36-develop.2026.5.7,0x88e6a0c2ddd26feeb64f039a2c41296fcb3f5640,via-ir-low-runs,uniswapv3-swap,0xc02aaa39b223fe8d0a0e5c4f27ead9083c756cc2,0x2a306d7595987ab10375e6e054d7489cc80c1cf5351587e21ffbd126573f06c6,0x00000000000000000000000000000000000000000000005cb10aca78275bb34d,0x00000000000000000000000000000000000000000000005cb10aca78275bb34d,true
solc-0.8.36-develop.2026.5.7,solc-0.8.36-develop.2026.5.7,0x88e6a0c2ddd26feeb64f039a2c41296fcb3f5640,via-ir-low-runs,uniswapv3-swap,0xc02aaa39b223fe8d0a0e5c4f27ead9083c756cc2,0x390f6178407c9b8e95802b8659e6df8e34c1e3d4f8d6a49e6132bbcdd937b63a,0x0000000000000000000000000000000000000000000002b7547382f6fb65c913,0x0000000000000000000000000000000000000000000002b7547382f6fb65c913,true
solc-0.8.36-develop.2026.5.7,solc-0.8.36-develop.2026.5.7,0x88e6a0c2ddd26feeb64f039a2c41296fcb3f5640,via-ir-low-runs,uniswapv3-swap,0xc02aaa39b223fe8d0a0e5c4f27ead9083c756cc2,0x9ede93be0d8fc6a5eb9cf1c7345a85b7519d8487a727aef0c2f00ab966aa7716,0x0000000000000000000000000000000000000000000003720375b456235de679,0x0000000000000000000000000000000000000000000003720375b456235de679,true
solc-0.8.36-develop.2026.5.7,solc-0.8.36-develop.2026.5.7,0x88e6a0c2ddd26feeb64f039a2c41296fcb3f5640,via-ir-low-runs,uniswapv3-swap,0xc02aaa39b223fe8d0a0e5c4f27ead9083c756cc2,0xfb437cb06df854b0e9a5f9c071f54ee63d1407c751de4e81c7cb3a621a923fa3,0x0000000000000000000000000000000000000000000000000000000000000000,0x0000000000000000000000000000000000000000000000000000000000000000,true
solc-0.8.36-develop.2026.5.7,solc-0.8.36-develop.2026.5.7,0x88e6a0c2ddd26feeb64f039a2c41296fcb3f5640,via-ir-low-runs,uniswapv3-swap,0xc7bbec68d12a0d1830360f8ec58fa599ba1b0e9b,0x0000000000000000000000000000000000000000000000000000000000000000,0x000144003300330018fcf6e20000000000000000000323805fb1cb5b5d1ec1f2,0x000144003300330018fcf6e20000000000000000000323805fb1cb5b5d1ec1f2,true
solc-0.8.36-develop.2026.5.7,solc-0.8.36-develop.2026.5.7,0x88e6a0c2ddd26feeb64f039a2c41296fcb3f5640,via-ir-low-runs,uniswapv3-swap,0xc7bbec68d12a0d1830360f8ec58fa599ba1b0e9b,0x0000000000000000000000000000000000000000000000000000000000000001,0x00000000000000000000000000000dd1950fdc46318e4108ac63a51b9f9d2688,0x00000000000000000000000000000dd1950fdc46318e4108ac63a51b9f9d2688,true
solc-0.8.36-develop.2026.5.7,solc-0.8.36-develop.2026.5.7,0x88e6a0c2ddd26feeb64f039a2c41296fcb3f5640,via-ir-low-runs,uniswapv3-swap,0xc7bbec68d12a0d1830360f8ec58fa599ba1b0e9b,0x0000000000000000000000000000000000000000000000000000000000000003,0x00000000000000000000000000ab541500000000000000000010cbbea9250823,0x00000000000000000000000000ab541500000000000000000010cbbea9250823,true
solc-0.8.36-develop.2026.5.7,solc-0.8.36-develop.2026.5.7,0x88e6a0c2ddd26feeb64f039a2c41296fcb3f5640,via-ir-low-runs,uniswapv3-swap,0xc7bbec68d12a0d1830360f8ec58fa599ba1b0e9b,0x0000000000000000000000000000000000000000000000000000000000000004,0x00000000000000000000000000000000000000000000000005d863c8f2cea9fd,0x00000000000000000000000000000000000000000000000005d863c8f2cea9fd,true
solc-0.8.36-develop.2026.5.7,solc-0.8.36-develop.2026.5.7,0x88e6a0c2ddd26feeb64f039a2c41296fcb3f5640,via-ir-low-runs,uniswapv3-swap,0xc7bbec68d12a0d1830360f8ec58fa599ba1b0e9b,0x000000000000000000000000000000000000000000000000000000000000001f,0x010065520c000028edcfe69d0ed50f7f92dd1daaacffecd98742cfc469fcf377,0x010065520c000028edcfe69d0ed50f7f92dd1daaacffecd98742cfc469fcf377,true
solc-0.8.36-develop.2026.5.7,solc-0.8.36-develop.2026.5.7,0x88e6a0c2ddd26feeb64f039a2c41296fcb3f5640,via-ir-low-runs,uniswapv3-swap,0xc7bbec68d12a0d1830360f8ec58fa599ba1b0e9b,0x0000000000000000000000000000000000000000000000000000000000000020,0x010065520c000028edcfe6a129f025fe3d2e993416ffecd986f9f55469fcf38f,0x010065520c000028edcfe6a129f025fe3d2e993416ffecd986f9f55469fcf38f,true
solc-0.8.36-develop.2026.5.7,solc-0.8.36-develop.2026.5.7,0x88e6a0c2ddd26feeb64f039a2c41296fcb3f5640,via-ir-low-runs,uniswapv3-swap,0xc7bbec68d12a0d1830360f8ec58fa599ba1b0e9b,0x25707baf82e67644f561143c0c5d84ea5c79f78b215bcf1c03200995a55d0882,0x4000000000800000000008000020040008000001010000400040001000000000,0x4000000000800000000008000020040008000001010000400040001000000000,true
solc-0.8.36-develop.2026.5.7,solc-0.8.36-develop.2026.5.7,0x88e6a0c2ddd26feeb64f039a2c41296fcb3f5640,via-ir-low-runs,uniswapv3-swap,0xdac17f958d2ee523a2206206994597c13d831ec7,0x0000000000000000000000000000000000000000000000000000000000000000,0x000000000000000000000000c6cde7c39eb2f0f0095f41570af89efc2c1ea828,0x000000000000000000000000c6cde7c39eb2f0f0095f41570af89efc2c1ea828,true
solc-0.8.36-develop.2026.5.7,solc-0.8.36-develop.2026.5.7,0x88e6a0c2ddd26feeb64f039a2c41296fcb3f5640,via-ir-low-runs,uniswapv3-swap,0xdac17f958d2ee523a2206206994597c13d831ec7,0x0000000000000000000000000000000000000000000000000000000000000003,0x0000000000000000000000000000000000000000000000000000000000000000,0x0000000000000000000000000000000000000000000000000000000000000000,true
solc-0.8.36-develop.2026.5.7,solc-0.8.36-develop.2026.5.7,0x88e6a0c2ddd26feeb64f039a2c41296fcb3f5640,via-ir-low-runs,uniswapv3-swap,0xdac17f958d2ee523a2206206994597c13d831ec7,0x0000000000000000000000000000000000000000000000000000000000000004,0x0000000000000000000000000000000000000000000000000000000000000000,0x0000000000000000000000000000000000000000000000000000000000000000,true
solc-0.8.36-develop.2026.5.7,solc-0.8.36-develop.2026.5.7,0x88e6a0c2ddd26feeb64f039a2c41296fcb3f5640,via-ir-low-runs,uniswapv3-swap,0xdac17f958d2ee523a2206206994597c13d831ec7,0x000000000000000000000000000000000000000000000000000000000000000a,0x0000000000000000000000000000000000000000000000000000000000000000,0x0000000000000000000000000000000000000000000000000000000000000000,true
solc-0.8.36-develop.2026.5.7,solc-0.8.36-develop.2026.5.7,0x88e6a0c2ddd26feeb64f039a2c41296fcb3f5640,via-ir-low-runs,uniswapv3-swap,0xdac17f958d2ee523a2206206994597c13d831ec7,0x4ef6edfc3160644a4ba4315dc3bcea155402722b84386f7045d135dacbc8ce16,0x0000000000000000000000000000000000000000000000000000000000000000,0x0000000000000000000000000000000000000000000000000000000000000000,true
solc-0.8.36-develop.2026.5.7,solc-0.8.36-develop.2026.5.7,0x88e6a0c2ddd26feeb64f039a2c41296fcb3f5640,via-ir-low-runs,uniswapv3-swap,0xdac17f958d2ee523a2206206994597c13d831ec7,0x5a78295ac94dacfc557f7106ea064b1acc0ac048c9e355c345613ff42cd4ff66,0x0000000000000000000000000000000000000000000000000000000000000000,0x0000000000000000000000000000000000000000000000000000000000000000,true
solc-0.8.36-develop.2026.5.7,solc-0.8.36-develop.2026.5.7,0x88e6a0c2ddd26feeb64f039a2c41296fcb3f5640,via-ir-low-runs,uniswapv3-swap,0xdac17f958d2ee523a2206206994597c13d831ec7,0x6be4a3a1db72c2857f39712ccf07fd67bf3b6aa64d1de0802b5b26256efcce4e,0x000000000000000000000000000000000000000000000000000008bedac8ea97,0x000000000000000000000000000000000000000000000000000008bedac8ea97,true
solc-0.8.36-develop.2026.5.7,solc-0.8.36-develop.2026.5.7,0x88e6a0c2ddd26feeb64f039a2c41296fcb3f5640,via-ir-low-runs,uniswapv3-swap,0xdac17f958d2ee523a2206206994597c13d831ec7,0x7398bc983c4259d6f47c9b3b6c6afc05fa43c68cf621b713dda76c7877344958,0x0000000000000000000000000000000000000000000000000000000000000000,0x0000000000000000000000000000000000000000000000000000000000000000,true
solc-0.8.36-develop.2026.5.7,solc-0.8.36-develop.2026.5.7,0x88e6a0c2ddd26feeb64f039a2c41296fcb3f5640,via-ir-low-runs,uniswapv3-swap,0xdac17f958d2ee523a2206206994597c13d831ec7,0x7a464961c125fc990109c53fc6324f805cc788adf74934778792f1f7cfd292ba,0x0000000000000000000000000000000000000000000000000000000000000000,0x0000000000000000000000000000000000000000000000000000000000000000,true
solc-0.8.36-develop.2026.5.7,solc-0.8.36-develop.2026.5.7,0x88e6a0c2ddd26feeb64f039a2c41296fcb3f5640,via-ir-low-runs,uniswapv3-swap,0xdac17f958d2ee523a2206206994597c13d831ec7,0x81579e7a5455cd7eef5ce102af6f0c3c6aad085eb5a018f0c2a01d3277503f3b,0x00000000000000000000000000000000000000000000000000003704f7261e8d,0x00000000000000000000000000000000000000000000000000003704f7261e8d,true
solc-0.8.36-develop.2026.5.7,solc-0.8.36-develop.2026.5.7,0x88e6a0c2ddd26feeb64f039a2c41296fcb3f5640,via-ir-low-runs,uniswapv3-swap,0xdac17f958d2ee523a2206206994597c13d831ec7,0xa4a5df4250c3f90482efa66a230d62b4bb21b7ca04cd6ae1b8ded6d1ce2407a3,0x0000000000000000000000000000000000000000000000000000004126dae1af,0x0000000000000000000000000000000000000000000000000000004126dae1af,true
solc-0.8.36-develop.2026.5.7,solc-0.8.36-develop.2026.5.7,0x88e6a0c2ddd26feeb64f039a2c41296fcb3f5640,via-ir-low-runs,uniswapv3-swap,0xdac17f958d2ee523a2206206994597c13d831ec7,0xb3eb08f8908b50793538019be1a1d12936600f3a4243ae0d6e12252bb716f802,0x0000000000000000000000000000000000000000000000000000000000000000,0x0000000000000000000000000000000000000000000000000000000000000000,true
solc-0.8.36-develop.2026.5.7,solc-0.8.36-develop.2026.5.7,0x88e6a0c2ddd26feeb64f039a2c41296fcb3f5640,via-ir-low-runs,uniswapv3-swap,0xdac17f958d2ee523a2206206994597c13d831ec7,0xd06ef82a07326a6e964ce1700825547c428fbc96deb2e33e7e20498001080d7d,0x000000000000000000000000000000000000000000000000000001a5edb77f06,0x000000000000000000000000000000000000000000000000000001a5edb77f06,true
solc-0.8.36-develop.2026.5.7,solc-0.8.36-develop.2026.5.7,0xc02aaa39b223fe8d0a0e5c4f27ead9083c756cc2,default,weth-deposit,0xc02aaa39b223fe8d0a0e5c4f27ead9083c756cc2,0xdec5827a92ffa4daf20c7589fd52614155b7615ab49e6f77b0d36a4d62dd7407,0x00000000000000000000000000000000000000000000000000354a6ba7a18000,0x00000000000000000000000000000000000000000000000000354a6ba7a18000,true
solc-0.8.36-develop.2026.5.7,solc-0.8.36-develop.2026.5.7,0xc02aaa39b223fe8d0a0e5c4f27ead9083c756cc2,default,weth-transfer,0xc02aaa39b223fe8d0a0e5c4f27ead9083c756cc2,0x99c287c7e9a390544eab8213cfb86e0a9254a9180da4bbf94fb699541bb7e6e9,0x000000000000000000000000000000000000000000000015fad87ed0e213fdf1,0x000000000000000000000000000000000000000000000015fad87ed0e213fdf1,true
solc-0.8.36-develop.2026.5.7,solc-0.8.36-develop.2026.5.7,0xc02aaa39b223fe8d0a0e5c4f27ead9083c756cc2,default,weth-transfer,0xc02aaa39b223fe8d0a0e5c4f27ead9083c756cc2,0xf70ea3be8a3e18d13236b67268954059eabb75547ca9a9044a56ca2c426ac86e,0x000000000000000000000000000000000000000000000017030b2163feec9389,0x000000000000000000000000000000000000000000000017030b2163feec9389,true
solc-0.8.36-develop.2026.5.7,solc-0.8.36-develop.2026.5.7,0xc02aaa39b223fe8d0a0e5c4f27ead9083c756cc2,optimized,weth-deposit,0xc02aaa39b223fe8d0a0e5c4f27ead9083c756cc2,0xdec5827a92ffa4daf20c7589fd52614155b7615ab49e6f77b0d36a4d62dd7407,0x00000000000000000000000000000000000000000000000000354a6ba7a18000,0x00000000000000000000000000000000000000000000000000354a6ba7a18000,true
solc-0.8.36-develop.2026.5.7,solc-0.8.36-develop.2026.5.7,0xc02aaa39b223fe8d0a0e5c4f27ead9083c756cc2,optimized,weth-transfer,0xc02aaa39b223fe8d0a0e5c4f27ead9083c756cc2,0x99c287c7e9a390544eab8213cfb86e0a9254a9180da4bbf94fb699541bb7e6e9,0x000000000000000000000000000000000000000000000015fad87ed0e213fdf1,0x000000000000000000000000000000000000000000000015fad87ed0e213fdf1,true
solc-0.8.36-develop.2026.5.7,solc-0.8.36-develop.2026.5.7,0xc02aaa39b223fe8d0a0e5c4f27ead9083c756cc2,optimized,weth-transfer,0xc02aaa39b223fe8d0a0e5c4f27ead9083c756cc2,0xf70ea3be8a3e18d13236b67268954059eabb75547ca9a9044a56ca2c426ac86e,0x000000000000000000000000000000000000000000000017030b2163feec9389,0x000000000000000000000000000000000000000000000017030b2163feec9389,true
solc-0.8.36-develop.2026.5.7,solc-0.8.36-develop.2026.5.7,0xc02aaa39b223fe8d0a0e5c4f27ead9083c756cc2,optimized-high-runs,weth-deposit,0xc02aaa39b223fe8d0a0e5c4f27ead9083c756cc2,0xdec5827a92ffa4daf20c7589fd52614155b7615ab49e6f77b0d36a4d62dd7407,0x00000000000000000000000000000000000000000000000000354a6ba7a18000,0x00000000000000000000000000000000000000000000000000354a6ba7a18000,true
solc-0.8.36-develop.2026.5.7,solc-0.8.36-develop.2026.5.7,0xc02aaa39b223fe8d0a0e5c4f27ead9083c756cc2,optimized-high-runs,weth-transfer,0xc02aaa39b223fe8d0a0e5c4f27ead9083c756cc2,0x99c287c7e9a390544eab8213cfb86e0a9254a9180da4bbf94fb699541bb7e6e9,0x000000000000000000000000000000000000000000000015fad87ed0e213fdf1,0x000000000000000000000000000000000000000000000015fad87ed0e213fdf1,true
solc-0.8.36-develop.2026.5.7,solc-0.8.36-develop.2026.5.7,0xc02aaa39b223fe8d0a0e5c4f27ead9083c756cc2,optimized-high-runs,weth-transfer,0xc02aaa39b223fe8d0a0e5c4f27ead9083c756cc2,0xf70ea3be8a3e18d13236b67268954059eabb75547ca9a9044a56ca2c426ac86e,0x000000000000000000000000000000000000000000000017030b2163feec9389,0x000000000000000000000000000000000000000000000017030b2163feec9389,true
solc-0.8.36-develop.2026.5.7,solc-0.8.36-develop.2026.5.7,0xc02aaa39b223fe8d0a0e5c4f27ead9083c756cc2,optimized-low-runs,weth-deposit,0xc02aaa39b223fe8d0a0e5c4f27ead9083c756cc2,0xdec5827a92ffa4daf20c7589fd52614155b7615ab49e6f77b0d36a4d62dd7407,0x00000000000000000000000000000000000000000000000000354a6ba7a18000,0x00000000000000000000000000000000000000000000000000354a6ba7a18000,true
solc-0.8.36-develop.2026.5.7,solc-0.8.36-develop.2026.5.7,0xc02aaa39b223fe8d0a0e5c4f27ead9083c756cc2,optimized-low-runs,weth-transfer,0xc02aaa39b223fe8d0a0e5c4f27ead9083c756cc2,0x99c287c7e9a390544eab8213cfb86e0a9254a9180da4bbf94fb699541bb7e6e9,0x000000000000000000000000000000000000000000000015fad87ed0e213fdf1,0x000000000000000000000000000000000000000000000015fad87ed0e213fdf1,true
solc-0.8.36-develop.2026.5.7,solc-0.8.36-develop.2026.5.7,0xc02aaa39b223fe8d0a0e5c4f27ead9083c756cc2,optimized-low-runs,weth-transfer,0xc02aaa39b223fe8d0a0e5c4f27ead9083c756cc2,0xf70ea3be8a3e18d13236b67268954059eabb75547ca9a9044a56ca2c426ac86e,0x000000000000000000000000000000000000000000000017030b2163feec9389,0x000000000000000000000000000000000000000000000017030b2163feec9389,true
solc-0.8.36-develop.2026.5.7,solc-0.8.36-develop.2026.5.7,0xc02aaa39b223fe8d0a0e5c4f27ead9083c756cc2,via-ir,weth-deposit,0xc02aaa39b223fe8d0a0e5c4f27ead9083c756cc2,0xdec5827a92ffa4daf20c7589fd52614155b7615ab49e6f77b0d36a4d62dd7407,0x00000000000000000000000000000000000000000000000000354a6ba7a18000,0x00000000000000000000000000000000000000000000000000354a6ba7a18000,true
solc-0.8.36-develop.2026.5.7,solc-0.8.36-develop.2026.5.7,0xc02aaa39b223fe8d0a0e5c4f27ead9083c756cc2,via-ir,weth-transfer,0xc02aaa39b223fe8d0a0e5c4f27ead9083c756cc2,0x99c287c7e9a390544eab8213cfb86e0a9254a9180da4bbf94fb699541bb7e6e9,0x000000000000000000000000000000000000000000000015fad87ed0e213fdf1,0x000000000000000000000000000000000000000000000015fad87ed0e213fdf1,true
solc-0.8.36-develop.2026.5.7,solc-0.8.36-develop.2026.5.7,0xc02aaa39b223fe8d0a0e5c4f27ead9083c756cc2,via-ir,weth-transfer,0xc02aaa39b223fe8d0a0e5c4f27ead9083c756cc2,0xf70ea3be8a3e18d13236b67268954059eabb75547ca9a9044a56ca2c426ac86e,0x000000000000000000000000000000000000000000000017030b2163feec9389,0x000000000000000000000000000000000000000000000017030b2163feec9389,true
solc-0.8.36-develop.2026.5.7,solc-0.8.36-develop.2026.5.7,0xc02aaa39b223fe8d0a0e5c4f27ead9083c756cc2,via-ir-high-runs,weth-deposit,0xc02aaa39b223fe8d0a0e5c4f27ead9083c756cc2,0xdec5827a92ffa4daf20c7589fd52614155b7615ab49e6f77b0d36a4d62dd7407,0x00000000000000000000000000000000000000000000000000354a6ba7a18000,0x00000000000000000000000000000000000000000000000000354a6ba7a18000,true
solc-0.8.36-develop.2026.5.7,solc-0.8.36-develop.2026.5.7,0xc02aaa39b223fe8d0a0e5c4f27ead9083c756cc2,via-ir-high-runs,weth-transfer,0xc02aaa39b223fe8d0a0e5c4f27ead9083c756cc2,0x99c287c7e9a390544eab8213cfb86e0a9254a9180da4bbf94fb699541bb7e6e9,0x000000000000000000000000000000000000000000000015fad87ed0e213fdf1,0x000000000000000000000000000000000000000000000015fad87ed0e213fdf1,true
solc-0.8.36-develop.2026.5.7,solc-0.8.36-develop.2026.5.7,0xc02aaa39b223fe8d0a0e5c4f27ead9083c756cc2,via-ir-high-runs,weth-transfer,0xc02aaa39b223fe8d0a0e5c4f27ead9083c756cc2,0xf70ea3be8a3e18d13236b67268954059eabb75547ca9a9044a56ca2c426ac86e,0x000000000000000000000000000000000000000000000017030b2163feec9389,0x000000000000000000000000000000000000000000000017030b2163feec9389,true
solc-0.8.36-develop.2026.5.7,solc-0.8.36-develop.2026.5.7,0xc02aaa39b223fe8d0a0e5c4f27ead9083c756cc2,via-ir-low-runs,weth-deposit,0xc02aaa39b223fe8d0a0e5c4f27ead9083c756cc2,0xdec5827a92ffa4daf20c7589fd52614155b7615ab49e6f77b0d36a4d62dd7407,0x00000000000000000000000000000000000000000000000000354a6ba7a18000,0x00000000000000000000000000000000000000000000000000354a6ba7a18000,true
solc-0.8.36-develop.2026.5.7,solc-0.8.36-develop.2026.5.7,0xc02aaa39b223fe8d0a0e5c4f27ead9083c756cc2,via-ir-low-runs,weth-transfer,0xc02aaa39b223fe8d0a0e5c4f27ead9083c756cc2,0x99c287c7e9a390544eab8213cfb86e0a9254a9180da4bbf94fb699541bb7e6e9,0x000000000000000000000000000000000000000000000015fad87ed0e213fdf1,0x000000000000000000000000000000000000000000000015fad87ed0e213fdf1,true
solc-0.8.36-develop.2026.5.7,solc-0.8.36-develop.2026.5.7,0xc02aaa39b223fe8d0a0e5c4f27ead9083c756cc2,via-ir-low-runs,weth-transfer,0xc02aaa39b223fe8d0a0e5c4f27ead9083c756cc2,0xf70ea3be8a3e18d13236b67268954059eabb75547ca9a9044a56ca2c426ac86e,0x000000000000000000000000000000000000000000000017030b2163feec9389,0x000000000000000000000000000000000000000000000017030b2163feec9389,true
solc-0.8.36-develop.2026.5.7,solc-0.8.36-develop.2026.5.7,0xd86756dbb01e75a11aadacb75c8495759ed92033,default,oeth-swap,0x856c4efb76c1d1ae02e20ceb03a2a6a08b0b8dc3,0x000000000000000000000000000000000000000000000000000000000000009e,0x000000000000000000000000000000000000011e37ce23d7266923cb9f192be9,0x000000000000000000000000000000000000011e37ce23d7266923cb9f192be9,true
solc-0.8.36-develop.2026.5.7,solc-0.8.36-develop.2026.5.7,0xd86756dbb01e75a11aadacb75c8495759ed92033,default,oeth-swap,0x856c4efb76c1d1ae02e20ceb03a2a6a08b0b8dc3,0x000000000000000000000000000000000000000000000000000000000000009f,0x000000000000000000000000000000000000000002ca3c57f542ec3fb70f990f,0x000000000000000000000000000000000000000002ca3c57f542ec3fb70f990f,true
solc-0.8.36-develop.2026.5.7,solc-0.8.36-develop.2026.5.7,0xd86756dbb01e75a11aadacb75c8495759ed92033,default,oeth-swap,0x856c4efb76c1d1ae02e20ceb03a2a6a08b0b8dc3,0x00000000000000000000000000000000000000000000000000000000000000a0,0x000000000000000000000000000000000000000000000345bc11c9d057e0de0b,0x000000000000000000000000000000000000000000000345bc11c9d057e0de0b,true
solc-0.8.36-develop.2026.5.7,solc-0.8.36-develop.2026.5.7,0xd86756dbb01e75a11aadacb75c8495759ed92033,default,oeth-swap,0x856c4efb76c1d1ae02e20ceb03a2a6a08b0b8dc3,0x06278d2d79eade39f7d8320bc86b0b7a9610e6d452e2c1b26abb51d5827e25ae,0x0000000000000000000000000000000000000000000000000de0b6b3a7640000,0x0000000000000000000000000000000000000000000000000de0b6b3a7640000,true
solc-0.8.36-develop.2026.5.7,solc-0.8.36-develop.2026.5.7,0xd86756dbb01e75a11aadacb75c8495759ed92033,default,oeth-swap,0x856c4efb76c1d1ae02e20ceb03a2a6a08b0b8dc3,0x0753a0c62503cc26a150e0afff84d410196ec4beb58f19d5071f55ce058a8a28,0x0000000000000000000000000000000000000000000000000de0b6b3a7640000,0x0000000000000000000000000000000000000000000000000de0b6b3a7640000,true
solc-0.8.36-develop.2026.5.7,solc-0.8.36-develop.2026.5.7,0xd86756dbb01e75a11aadacb75c8495759ed92033,default,oeth-swap,0x856c4efb76c1d1ae02e20ceb03a2a6a08b0b8dc3,0x10b6a7d48e7f38b189d2fad5dc7cab931fceddedf897bda26d4e7b2aeef312a0,0x0000000000000000000000000000000000000000000000000000000000000000,0x0000000000000000000000000000000000000000000000000000000000000000,true
solc-0.8.36-develop.2026.5.7,solc-0.8.36-develop.2026.5.7,0xd86756dbb01e75a11aadacb75c8495759ed92033,default,oeth-swap,0x856c4efb76c1d1ae02e20ceb03a2a6a08b0b8dc3,0x360894a13ba1a3210667c828492db98dca3e2076cc3735a920a3ca505d382bbc,0x000000000000000000000000d86756dbb01e75a11aadacb75c8495759ed92033,0x000000000000000000000000d86756dbb01e75a11aadacb75c8495759ed92033,true
solc-0.8.36-develop.2026.5.7,solc-0.8.36-develop.2026.5.7,0xd86756dbb01e75a11aadacb75c8495759ed92033,default,oeth-swap,0x856c4efb76c1d1ae02e20ceb03a2a6a08b0b8dc3,0x407ad37ef964e633985ee0d0dcde2ee75a80d35f43bfd57189c1005b114c318e,0x0000000000000000000000000000000000000000000000000000000000000001,0x0000000000000000000000000000000000000000000000000000000000000001,true
solc-0.8.36-develop.2026.5.7,solc-0.8.36-develop.2026.5.7,0xd86756dbb01e75a11aadacb75c8495759ed92033,default,oeth-swap,0x856c4efb76c1d1ae02e20ceb03a2a6a08b0b8dc3,0x5b1125e5ac4e26944ccee5677b996a0c85f28c06f106668f7804071ccbc9cadb,0x0000000000000000000000000000000000000000000000000000000000000001,0x0000000000000000000000000000000000000000000000000000000000000001,true
solc-0.8.36-develop.2026.5.7,solc-0.8.36-develop.2026.5.7,0xd86756dbb01e75a11aadacb75c8495759ed92033,default,oeth-swap,0x856c4efb76c1d1ae02e20ceb03a2a6a08b0b8dc3,0x7a97d82217dfd568a43d894c25fcf7a225e3a2eb552fb4347520e02c8e167386,0x0000000000000000000000000000000000000000000000000000000000000001,0x0000000000000000000000000000000000000000000000000000000000000001,true
solc-0.8.36-develop.2026.5.7,solc-0.8.36-develop.2026.5.7,0xd86756dbb01e75a11aadacb75c8495759ed92033,default,oeth-swap,0x856c4efb76c1d1ae02e20ceb03a2a6a08b0b8dc3,0x83865c463c2a0fe1207794273db21e1208f4ef7d7c6132aa8738735a6ffe963c,0x0000000000000000000000000000000000000000000000000000000000000000,0x0000000000000000000000000000000000000000000000000000000000000000,true
solc-0.8.36-develop.2026.5.7,solc-0.8.36-develop.2026.5.7,0xd86756dbb01e75a11aadacb75c8495759ed92033,default,oeth-swap,0x856c4efb76c1d1ae02e20ceb03a2a6a08b0b8dc3,0x884e46fccd08917c0958b746290aacf455da9d692adaea281b2660d5c33a847d,0x000000000000000000000000000000000000000000000333d6481e975413db36,0x000000000000000000000000000000000000000000000333d6481e975413db36,true
solc-0.8.36-develop.2026.5.7,solc-0.8.36-develop.2026.5.7,0xd86756dbb01e75a11aadacb75c8495759ed92033,default,oeth-swap,0x856c4efb76c1d1ae02e20ceb03a2a6a08b0b8dc3,0x89222246ce98d6f0b0dad8d6b95e23aa36c135afa3fb88700e2004bd842764c8,0x0000000000000000000000000000000000000000000000000de0b6b3a7640000,0x0000000000000000000000000000000000000000000000000de0b6b3a7640000,true
solc-0.8.36-develop.2026.5.7,solc-0.8.36-develop.2026.5.7,0xd86756dbb01e75a11aadacb75c8495759ed92033,default,oeth-swap,0x856c4efb76c1d1ae02e20ceb03a2a6a08b0b8dc3,0x90d1b89329a5572c9525e70da3876d4d9c4541af9c56fcd9df640e65efe50d2c,0xffffffffffffffffffffffffffffffffffffffffffffffffeea16785bd9b4488,0xffffffffffffffffffffffffffffffffffffffffffffffffeea16785bd9b4488,true
solc-0.8.36-develop.2026.5.7,solc-0.8.36-develop.2026.5.7,0xd86756dbb01e75a11aadacb75c8495759ed92033,default,oeth-swap,0x856c4efb76c1d1ae02e20ceb03a2a6a08b0b8dc3,0x966279186d56a5b80ecf400ef6ffe2248b7f08cd30b5a00b243d542e6e086efb,0xfffffffffffffffffffffffffffffffffffffffffffffffde337b803aab38fb2,0xfffffffffffffffffffffffffffffffffffffffffffffffde337b803aab38fb2,true
solc-0.8.36-develop.2026.5.7,solc-0.8.36-develop.2026.5.7,0xd86756dbb01e75a11aadacb75c8495759ed92033,default,oeth-swap,0x856c4efb76c1d1ae02e20ceb03a2a6a08b0b8dc3,0xdd09e1885ce2b5f231469d437ae7bbd27d656a8875f019b30b5b49f7eb2571b6,0x0000000000000000000000000000000000000000000000000000000000000001,0x0000000000000000000000000000000000000000000000000000000000000001,true
solc-0.8.36-develop.2026.5.7,solc-0.8.36-develop.2026.5.7,0xd86756dbb01e75a11aadacb75c8495759ed92033,default,oeth-swap,0x856c4efb76c1d1ae02e20ceb03a2a6a08b0b8dc3,0xde3b3cc3ddacdbfd15f35016fde63e388b3cc49b32e56fc4a592e10bff0d03c4,0x0000000000000000000000000000000000000000000000000000000000000000,0x0000000000000000000000000000000000000000000000000000000000000000,true
solc-0.8.36-develop.2026.5.7,solc-0.8.36-develop.2026.5.7,0xd86756dbb01e75a11aadacb75c8495759ed92033,default,oeth-swap,0x856c4efb76c1d1ae02e20ceb03a2a6a08b0b8dc3,0xe2a4eba4a02747b9bc37280272662fe2b27011c20a1c9fa70e89e9416625915f,0x0000000000000000000000000000000000000000000000000000000000000000,0x0000000000000000000000000000000000000000000000000000000000000000,true
solc-0.8.36-develop.2026.5.7,solc-0.8.36-develop.2026.5.7,0xd86756dbb01e75a11aadacb75c8495759ed92033,default,oeth-swap,0x8f10b468b06c6fd214b65f87778827f7d113f996,0xba0a5ab76d98f9ac10ca45e75e95f468a2d74cf2262a11f750fdd59b147ea300,0x000000000000000000000000440c1a9786d3c6f09da46b6d42320e0cf2f336a7,0x000000000000000000000000440c1a9786d3c6f09da46b6d42320e0cf2f336a7,true
solc-0.8.36-develop.2026.5.7,solc-0.8.36-develop.2026.5.7,0xd86756dbb01e75a11aadacb75c8495759ed92033,default,oeth-swap,0x8f10b468b06c6fd214b65f87778827f7d113f996,0xba0a5ab76d98f9ac10ca45e75e95f468a2d74cf2262a11f750fdd59b147ea301,0x0000000000000000000000002879df6a88b63893ee62ad3cb7f7231e776d6bd1,0x0000000000000000000000002879df6a88b63893ee62ad3cb7f7231e776d6bd1,true
solc-0.8.36-develop.2026.5.7,solc-0.8.36-develop.2026.5.7,0xd86756dbb01e75a11aadacb75c8495759ed92033,default,oeth-swap,0x8f10b468b06c6fd214b65f87778827f7d113f996,0xffbf986452304d48456c54266f7e48ded559403517f44cb0dfc26d06c5671594,0x0000000000000000000000000000000000000000000000000000000000000001,0x0000000000000000000000000000000000000000000000000000000000000001,true
solc-0.8.36-develop.2026.5.7,solc-0.8.36-develop.2026.5.7,0xd86756dbb01e75a11aadacb75c8495759ed92033,default,oeth-swap,0xa0b86991c6218b36c1d19d4a2e9eb0ce3606eb48,0x0000000000000000000000000000000000000000000000000000000000000001,0x0000000000000000000000004914f61d25e5c567143774b76edbf4d5109a8566,0x0000000000000000000000004914f61d25e5c567143774b76edbf4d5109a8566,true
solc-0.8.36-develop.2026.5.7,solc-0.8.36-develop.2026.5.7,0xd86756dbb01e75a11aadacb75c8495759ed92033,default,oeth-swap,0xa0b86991c6218b36c1d19d4a2e9eb0ce3606eb48,0x0b219ffe427c0ddac81f948f6b040d01a68abc27cc1e2265ffd0be51d22a64e3,0x000000000000000000000000000000000000000000000000000000055a931379,0x000000000000000000000000000000000000000000000000000000055a931379,true
solc-0.8.36-develop.2026.5.7,solc-0.8.36-develop.2026.5.7,0xd86756dbb01e75a11aadacb75c8495759ed92033,default,oeth-swap,0xa0b86991c6218b36c1d19d4a2e9eb0ce3606eb48,0x10d6a54a4754c8869d6886b5f5d7fbfa5b4522237ea5c60d11bc4e7a1ff9390b,0x000000000000000000000000807a96288a1a408dbc13de2b1d087d10356395d2,0x000000000000000000000000807a96288a1a408dbc13de2b1d087d10356395d2,true
solc-0.8.36-develop.2026.5.7,solc-0.8.36-develop.2026.5.7,0xd86756dbb01e75a11aadacb75c8495759ed92033,default,oeth-swap,0xa0b86991c6218b36c1d19d4a2e9eb0ce3606eb48,0x7050c9e0f4ca769c69bd3a8ef740bc37934f8e2c036e5a723fd8ee048ed3f8c3,0x00000000000000000000000043506849d7c04f9138d1a2050bbf3a0c054402dd,0x00000000000000000000000043506849d7c04f9138d1a2050bbf3a0c054402dd,true
solc-0.8.36-develop.2026.5.7,solc-0.8.36-develop.2026.5.7,0xd86756dbb01e75a11aadacb75c8495759ed92033,default,oeth-swap,0xa0b86991c6218b36c1d19d4a2e9eb0ce3606eb48,0x779c9819472c01b1921782a46d81546a773965e75983d1b6fb7ac7d13c565d2a,0x0000000000000000000000000000000000000000000000000000000005e7d4c3,0x0000000000000000000000000000000000000000000000000000000005e7d4c3,true
solc-0.8.36-develop.2026.5.7,solc-0.8.36-develop.2026.5.7,0xd86756dbb01e75a11aadacb75c8495759ed92033,default,oeth-swap,0xa0b86991c6218b36c1d19d4a2e9eb0ce3606eb48,0xab4b104605792035a633b259fbf34bfb26f8897aa4038a46594f56ed9701ba86,0x0000000000000000000000000000000000000000000000000000000000000001,0x0000000000000000000000000000000000000000000000000000000000000001,true
solc-0.8.36-develop.2026.5.7,solc-0.8.36-develop.2026.5.7,0xd86756dbb01e75a11aadacb75c8495759ed92033,default,oeth-swap,0xa0b86991c6218b36c1d19d4a2e9eb0ce3606eb48,0xb9f6591fc52eba3e15c8a35522a85e6d320e9084debe30399ae4770e63f89389,0x000000000000000000000000000000000000000000000000000003149321fd31,0x000000000000000000000000000000000000000000000000000003149321fd31,true
solc-0.8.36-develop.2026.5.7,solc-0.8.36-develop.2026.5.7,0xd86756dbb01e75a11aadacb75c8495759ed92033,default,oeth-swap,0xc02aaa39b223fe8d0a0e5c4f27ead9083c756cc2,0x19b801df7d999cea8e6d7d7f7b2b0bb8ff07cb169b5922c61a5601805d4e5aa6,0x00000000000000000000000000000000000000000000005b020433e6cc71e80d,0x00000000000000000000000000000000000000000000005b020433e6cc71e80d,true
solc-0.8.36-develop.2026.5.7,solc-0.8.36-develop.2026.5.7,0xd86756dbb01e75a11aadacb75c8495759ed92033,default,oeth-swap,0xc02aaa39b223fe8d0a0e5c4f27ead9083c756cc2,0x1f0e0281a6886fcc5970016274fd33e0bc0a86faa20ebb040c92db483b5c6f5c,0x0000000000000000000000000000000000000000000002c259df22e65605a467,0x0000000000000000000000000000000000000000000002c259df22e65605a467,true
solc-0.8.36-develop.2026.5.7,solc-0.8.36-develop.2026.5.7,0xd86756dbb01e75a11aadacb75c8495759ed92033,default,oeth-swap,0xc02aaa39b223fe8d0a0e5c4f27ead9083c756cc2,0x4634fc03da90898d55a2251fce6745540dfdead239ee4086d917d3f2ff6f6716,0x0000000000000000000000000000000000000000000000000000000000000001,0x0000000000000000000000000000000000000000000000000000000000000001,true
solc-0.8.36-develop.2026.5.7,solc-0.8.36-develop.2026.5.7,0xd86756dbb01e75a11aadacb75c8495759ed92033,default,oeth-swap,0xcc7d5785ad5755b6164e21495e07adb0ff11c2a8,0x0000000000000000000000000000000000000000000000000000000000000000,0x0000000000000000000000000000000000000000000000000000000000000003,0x0000000000000000000000000000000000000000000000000000000000000003,true
solc-0.8.36-develop.2026.5.7,solc-0.8.36-develop.2026.5.7,0xd86756dbb01e75a11aadacb75c8495759ed92033,default,oeth-swap,0xcc7d5785ad5755b6164e21495e07adb0ff11c2a8,0x0000000000000000000000000000000000000000000000000000000000000001,0x0000000000000000000000000000000000000000000000000000000000000002,0x0000000000000000000000000000000000000000000000000000000000000002,true
solc-0.8.36-develop.2026.5.7,solc-0.8.36-develop.2026.5.7,0xd86756dbb01e75a11aadacb75c8495759ed92033,default,oeth-swap,0xcc7d5785ad5755b6164e21495e07adb0ff11c2a8,0x0000000000000000000000000000000000000000000000000000000000000002,0x000000000000000000000000000000000000000000000333d6481e975413db36,0x000000000000000000000000000000000000000000000333d6481e975413db36,true
solc-0.8.36-develop.2026.5.7,solc-0.8.36-develop.2026.5.7,0xd86756dbb01e75a11aadacb75c8495759ed92033,default,oeth-swap,0xcc7d5785ad5755b6164e21495e07adb0ff11c2a8,0x0000000000000000000000000000000000000000000000000000000000000003,0x0000000000000000000000000000000000000000000002c259df22e65605a467,0x0000000000000000000000000000000000000000000002c259df22e65605a467,true
solc-0.8.36-develop.2026.5.7,solc-0.8.36-develop.2026.5.7,0xd86756dbb01e75a11aadacb75c8495759ed92033,default,oeth-swap,0xcc7d5785ad5755b6164e21495e07adb0ff11c2a8,0x000000000000000000000000000000000000000000000000000000000000000a,0x00000000000000000000000000000000000000000000000000000000000f4240,0x00000000000000000000000000000000000000000000000000000000000f4240,true
solc-0.8.36-develop.2026.5.7,solc-0.8.36-develop.2026.5.7,0xd86756dbb01e75a11aadacb75c8495759ed92033,default,oeth-swap,0xcc7d5785ad5755b6164e21495e07adb0ff11c2a8,0x000000000000000000000000000000000000000000000000000000000000000b,0x000000000000000000000000000000000000000000000000000000174876e800,0x000000000000000000000000000000000000000000000000000000174876e800,true
solc-0.8.36-develop.2026.5.7,solc-0.8.36-develop.2026.5.7,0xd86756dbb01e75a11aadacb75c8495759ed92033,default,oeth-swap,0xcc7d5785ad5755b6164e21495e07adb0ff11c2a8,0x000000000000000000000000000000000000000000000000000000000000000d,0x00000000000000000000000000000000000000000000000000000000000249f0,0x00000000000000000000000000000000000000000000000000000000000249f0,true
solc-0.8.36-develop.2026.5.7,solc-0.8.36-develop.2026.5.7,0xd86756dbb01e75a11aadacb75c8495759ed92033,default,oeth-swap,0xcc7d5785ad5755b6164e21495e07adb0ff11c2a8,0x000000000000000000000000000000000000000000000000000000000000000f,0x0000000000000000000000000000000000000000000000000000000000000000,0x0000000000000000000000000000000000000000000000000000000000000000,true
solc-0.8.36-develop.2026.5.7,solc-0.8.36-develop.2026.5.7,0xd86756dbb01e75a11aadacb75c8495759ed92033,default,oeth-swap,0xcc7d5785ad5755b6164e21495e07adb0ff11c2a8,0x0000000000000000000000000000000000000000000000000000000000000010,0x0000000000000000000000000000000000000000000000000000000000000002,0x0000000000000000000000000000000000000000000000000000000000000002,true
solc-0.8.36-develop.2026.5.7,solc-0.8.36-develop.2026.5.7,0xd86756dbb01e75a11aadacb75c8495759ed92033,default,oeth-swap,0xcc7d5785ad5755b6164e21495e07adb0ff11c2a8,0x0000000000000000000000000000000000000000000000000000000000000011,0x000000000000000000000000000000000000000000000000001424f2c0d80eb4,0x000000000000000000000000000000000000000000000000001424f2c0d80eb4,true
solc-0.8.36-develop.2026.5.7,solc-0.8.36-develop.2026.5.7,0xd86756dbb01e75a11aadacb75c8495759ed92033,default,oeth-swap,0xcc7d5785ad5755b6164e21495e07adb0ff11c2a8,0x0000000000000000000000000000000000000000000000000000000000000012,0x00000000000000000000000000000000000000000000000000035a32a7341c26,0x00000000000000000000000000000000000000000000000000035a32a7341c26,true
solc-0.8.36-develop.2026.5.7,solc-0.8.36-develop.2026.5.7,0xd86756dbb01e75a11aadacb75c8495759ed92033,default,oeth-swap,0xcc7d5785ad5755b6164e21495e07adb0ff11c2a8,0x0000000000000000000000000000000000000000000000000000000000000019,0x0000000000000000000000000000000000000000000000000000000000000001,0x0000000000000000000000000000000000000000000000000000000000000001,true
solc-0.8.36-develop.2026.5.7,solc-0.8.36-develop.2026.5.7,0xd86756dbb01e75a11aadacb75c8495759ed92033,default,oeth-swap,0xcc7d5785ad5755b6164e21495e07adb0ff11c2a8,0x000000000000000000000000000000000000000000000000000000000000001a,0x00000000000000000de11202337d4f2100000000000000000de111d26f18985b,0x00000000000000000de11202337d4f2100000000000000000de111d26f18985b,true
solc-0.8.36-develop.2026.5.7,solc-0.8.36-develop.2026.5.7,0xd86756dbb01e75a11aadacb75c8495759ed92033,default,oeth-swap,0xcc7d5785ad5755b6164e21495e07adb0ff11c2a8,0x0000000000000000000000000000000000000000000000000000000000000022,0x00000000000005f79b442ad67448495500000000000005f62f567e948bb954c1,0x00000000000005f79b442ad67448495500000000000005f62f567e948bb954c1,true
solc-0.8.36-develop.2026.5.7,solc-0.8.36-develop.2026.5.7,0xd86756dbb01e75a11aadacb75c8495759ed92033,default,oeth-swap,0xcc7d5785ad5755b6164e21495e07adb0ff11c2a8,0x0000000000000000000000000000000000000000000000000000000000000023,0x0000000000000000000000000000000000000000000000000000000000000362,0x0000000000000000000000000000000000000000000000000000000000000362,true
solc-0.8.36-develop.2026.5.7,solc-0.8.36-develop.2026.5.7,0xd86756dbb01e75a11aadacb75c8495759ed92033,default,oeth-swap,0xcc7d5785ad5755b6164e21495e07adb0ff11c2a8,0x0000000000000000000000000000000000000000000000000000000000000024,0x000000000000000000000000000000000000000000000000000000000000f374,0x000000000000000000000000000000000000000000000000000000000000f374,true
solc-0.8.36-develop.2026.5.7,solc-0.8.36-develop.2026.5.7,0xd86756dbb01e75a11aadacb75c8495759ed92033,default,oeth-swap,0xcc7d5785ad5755b6164e21495e07adb0ff11c2a8,0x0000000000000000000000000000000000000000000000000000000000000025,0x00000000000000000000000069fc797f00000000000000000000000069fc797f,0x00000000000000000000000069fc797f00000000000000000000000069fc797f,true
solc-0.8.36-develop.2026.5.7,solc-0.8.36-develop.2026.5.7,0xd86756dbb01e75a11aadacb75c8495759ed92033,default,oeth-swap,0xe0554a476a092703abdb3ef35c80e0d76d32939f,0x0000000000000000000000000000000000000000000000000000000000000000,0x00014420002000111e03088200000000000050efb5b2a60a8cf190fd6f115021,0x00014420002000111e03088200000000000050efb5b2a60a8cf190fd6f115021,true
solc-0.8.36-develop.2026.5.7,solc-0.8.36-develop.2026.5.7,0xd86756dbb01e75a11aadacb75c8495759ed92033,default,oeth-swap,0xe0554a476a092703abdb3ef35c80e0d76d32939f,0x0000000000000000000000000000000000000000000000000000000000000002,0x0000000000000000000000000000193bd94370cb7c58f20388c9cc043964818e,0x0000000000000000000000000000193bd94370cb7c58f20388c9cc043964818e,true
solc-0.8.36-develop.2026.5.7,solc-0.8.36-develop.2026.5.7,0xd86756dbb01e75a11aadacb75c8495759ed92033,default,oeth-swap,0xe0554a476a092703abdb3ef35c80e0d76d32939f,0x0000000000000000000000000000000000000000000000000000000000000003,0x00000000000000000024d9acb81d82a3000000000000000000000000019f2a85,0x00000000000000000024d9acb81d82a3000000000000000000000000019f2a85,true
solc-0.8.36-develop.2026.5.7,solc-0.8.36-develop.2026.5.7,0xd86756dbb01e75a11aadacb75c8495759ed92033,default,oeth-swap,0xe0554a476a092703abdb3ef35c80e0d76d32939f,0x0000000000000000000000000000000000000000000000000000000000000004,0x00000000000000000000000000000000000000000000000014d36b0d9b91bd96,0x00000000000000000000000000000000000000000000000014d36b0d9b91bd96,true
solc-0.8.36-develop.2026.5.7,solc-0.8.36-develop.2026.5.7,0xd86756dbb01e75a11aadacb75c8495759ed92033,default,oeth-swap,0xe0554a476a092703abdb3ef35c80e0d76d32939f,0xdd15b80f06e298dcc59f43b6320b38dd8ec934c5a3bd98112efd3b24491158b2,0x0001000000002200082800000000040000000480000000000000600000000000,0x0001000000002200082800000000040000000480000000000000600000000000,true
solc-0.8.36-develop.2026.5.7,solc-0.8.36-develop.2026.5.7,0xd86756dbb01e75a11aadacb75c8495759ed92033,optimized,oeth-swap,0x856c4efb76c1d1ae02e20ceb03a2a6a08b0b8dc3,0x000000000000000000000000000000000000000000000000000000000000009e,0x000000000000000000000000000000000000011e37ce23d7266923cb9f192be9,0x000000000000000000000000000000000000011e37ce23d7266923cb9f192be9,true
solc-0.8.36-develop.2026.5.7,solc-0.8.36-develop.2026.5.7,0xd86756dbb01e75a11aadacb75c8495759ed92033,optimized,oeth-swap,0x856c4efb76c1d1ae02e20ceb03a2a6a08b0b8dc3,0x000000000000000000000000000000000000000000000000000000000000009f,0x000000000000000000000000000000000000000002ca3c57f542ec3fb70f990f,0x000000000000000000000000000000000000000002ca3c57f542ec3fb70f990f,true
solc-0.8.36-develop.2026.5.7,solc-0.8.36-develop.2026.5.7,0xd86756dbb01e75a11aadacb75c8495759ed92033,optimized,oeth-swap,0x856c4efb76c1d1ae02e20ceb03a2a6a08b0b8dc3,0x00000000000000000000000000000000000000000000000000000000000000a0,0x000000000000000000000000000000000000000000000345bc11c9d057e0de0b,0x000000000000000000000000000000000000000000000345bc11c9d057e0de0b,true
solc-0.8.36-develop.2026.5.7,solc-0.8.36-develop.2026.5.7,0xd86756dbb01e75a11aadacb75c8495759ed92033,optimized,oeth-swap,0x856c4efb76c1d1ae02e20ceb03a2a6a08b0b8dc3,0x06278d2d79eade39f7d8320bc86b0b7a9610e6d452e2c1b26abb51d5827e25ae,0x0000000000000000000000000000000000000000000000000de0b6b3a7640000,0x0000000000000000000000000000000000000000000000000de0b6b3a7640000,true
solc-0.8.36-develop.2026.5.7,solc-0.8.36-develop.2026.5.7,0xd86756dbb01e75a11aadacb75c8495759ed92033,optimized,oeth-swap,0x856c4efb76c1d1ae02e20ceb03a2a6a08b0b8dc3,0x0753a0c62503cc26a150e0afff84d410196ec4beb58f19d5071f55ce058a8a28,0x0000000000000000000000000000000000000000000000000de0b6b3a7640000,0x0000000000000000000000000000000000000000000000000de0b6b3a7640000,true
solc-0.8.36-develop.2026.5.7,solc-0.8.36-develop.2026.5.7,0xd86756dbb01e75a11aadacb75c8495759ed92033,optimized,oeth-swap,0x856c4efb76c1d1ae02e20ceb03a2a6a08b0b8dc3,0x10b6a7d48e7f38b189d2fad5dc7cab931fceddedf897bda26d4e7b2aeef312a0,0x0000000000000000000000000000000000000000000000000000000000000000,0x0000000000000000000000000000000000000000000000000000000000000000,true
solc-0.8.36-develop.2026.5.7,solc-0.8.36-develop.2026.5.7,0xd86756dbb01e75a11aadacb75c8495759ed92033,optimized,oeth-swap,0x856c4efb76c1d1ae02e20ceb03a2a6a08b0b8dc3,0x360894a13ba1a3210667c828492db98dca3e2076cc3735a920a3ca505d382bbc,0x000000000000000000000000d86756dbb01e75a11aadacb75c8495759ed92033,0x000000000000000000000000d86756dbb01e75a11aadacb75c8495759ed92033,true
solc-0.8.36-develop.2026.5.7,solc-0.8.36-develop.2026.5.7,0xd86756dbb01e75a11aadacb75c8495759ed92033,optimized,oeth-swap,0x856c4efb76c1d1ae02e20ceb03a2a6a08b0b8dc3,0x407ad37ef964e633985ee0d0dcde2ee75a80d35f43bfd57189c1005b114c318e,0x0000000000000000000000000000000000000000000000000000000000000001,0x0000000000000000000000000000000000000000000000000000000000000001,true
solc-0.8.36-develop.2026.5.7,solc-0.8.36-develop.2026.5.7,0xd86756dbb01e75a11aadacb75c8495759ed92033,optimized,oeth-swap,0x856c4efb76c1d1ae02e20ceb03a2a6a08b0b8dc3,0x5b1125e5ac4e26944ccee5677b996a0c85f28c06f106668f7804071ccbc9cadb,0x0000000000000000000000000000000000000000000000000000000000000001,0x0000000000000000000000000000000000000000000000000000000000000001,true
solc-0.8.36-develop.2026.5.7,solc-0.8.36-develop.2026.5.7,0xd86756dbb01e75a11aadacb75c8495759ed92033,optimized,oeth-swap,0x856c4efb76c1d1ae02e20ceb03a2a6a08b0b8dc3,0x7a97d82217dfd568a43d894c25fcf7a225e3a2eb552fb4347520e02c8e167386,0x0000000000000000000000000000000000000000000000000000000000000001,0x0000000000000000000000000000000000000000000000000000000000000001,true
solc-0.8.36-develop.2026.5.7,solc-0.8.36-develop.2026.5.7,0xd86756dbb01e75a11aadacb75c8495759ed92033,optimized,oeth-swap,0x856c4efb76c1d1ae02e20ceb03a2a6a08b0b8dc3,0x83865c463c2a0fe1207794273db21e1208f4ef7d7c6132aa8738735a6ffe963c,0x0000000000000000000000000000000000000000000000000000000000000000,0x0000000000000000000000000000000000000000000000000000000000000000,true
solc-0.8.36-develop.2026.5.7,solc-0.8.36-develop.2026.5.7,0xd86756dbb01e75a11aadacb75c8495759ed92033,optimized,oeth-swap,0x856c4efb76c1d1ae02e20ceb03a2a6a08b0b8dc3,0x884e46fccd08917c0958b746290aacf455da9d692adaea281b2660d5c33a847d,0x000000000000000000000000000000000000000000000333d6481e975413db36,0x000000000000000000000000000000000000000000000333d6481e975413db36,true
solc-0.8.36-develop.2026.5.7,solc-0.8.36-develop.2026.5.7,0xd86756dbb01e75a11aadacb75c8495759ed92033,optimized,oeth-swap,0x856c4efb76c1d1ae02e20ceb03a2a6a08b0b8dc3,0x89222246ce98d6f0b0dad8d6b95e23aa36c135afa3fb88700e2004bd842764c8,0x0000000000000000000000000000000000000000000000000de0b6b3a7640000,0x0000000000000000000000000000000000000000000000000de0b6b3a7640000,true
solc-0.8.36-develop.2026.5.7,solc-0.8.36-develop.2026.5.7,0xd86756dbb01e75a11aadacb75c8495759ed92033,optimized,oeth-swap,0x856c4efb76c1d1ae02e20ceb03a2a6a08b0b8dc3,0x90d1b89329a5572c9525e70da3876d4d9c4541af9c56fcd9df640e65efe50d2c,0xffffffffffffffffffffffffffffffffffffffffffffffffeea16785bd9b4488,0xffffffffffffffffffffffffffffffffffffffffffffffffeea16785bd9b4488,true
solc-0.8.36-develop.2026.5.7,solc-0.8.36-develop.2026.5.7,0xd86756dbb01e75a11aadacb75c8495759ed92033,optimized,oeth-swap,0x856c4efb76c1d1ae02e20ceb03a2a6a08b0b8dc3,0x966279186d56a5b80ecf400ef6ffe2248b7f08cd30b5a00b243d542e6e086efb,0xfffffffffffffffffffffffffffffffffffffffffffffffde337b803aab38fb2,0xfffffffffffffffffffffffffffffffffffffffffffffffde337b803aab38fb2,true
solc-0.8.36-develop.2026.5.7,solc-0.8.36-develop.2026.5.7,0xd86756dbb01e75a11aadacb75c8495759ed92033,optimized,oeth-swap,0x856c4efb76c1d1ae02e20ceb03a2a6a08b0b8dc3,0xdd09e1885ce2b5f231469d437ae7bbd27d656a8875f019b30b5b49f7eb2571b6,0x0000000000000000000000000000000000000000000000000000000000000001,0x0000000000000000000000000000000000000000000000000000000000000001,true
solc-0.8.36-develop.2026.5.7,solc-0.8.36-develop.2026.5.7,0xd86756dbb01e75a11aadacb75c8495759ed92033,optimized,oeth-swap,0x856c4efb76c1d1ae02e20ceb03a2a6a08b0b8dc3,0xde3b3cc3ddacdbfd15f35016fde63e388b3cc49b32e56fc4a592e10bff0d03c4,0x0000000000000000000000000000000000000000000000000000000000000000,0x0000000000000000000000000000000000000000000000000000000000000000,true
solc-0.8.36-develop.2026.5.7,solc-0.8.36-develop.2026.5.7,0xd86756dbb01e75a11aadacb75c8495759ed92033,optimized,oeth-swap,0x856c4efb76c1d1ae02e20ceb03a2a6a08b0b8dc3,0xe2a4eba4a02747b9bc37280272662fe2b27011c20a1c9fa70e89e9416625915f,0x0000000000000000000000000000000000000000000000000000000000000000,0x0000000000000000000000000000000000000000000000000000000000000000,true
solc-0.8.36-develop.2026.5.7,solc-0.8.36-develop.2026.5.7,0xd86756dbb01e75a11aadacb75c8495759ed92033,optimized,oeth-swap,0x8f10b468b06c6fd214b65f87778827f7d113f996,0xba0a5ab76d98f9ac10ca45e75e95f468a2d74cf2262a11f750fdd59b147ea300,0x000000000000000000000000440c1a9786d3c6f09da46b6d42320e0cf2f336a7,0x000000000000000000000000440c1a9786d3c6f09da46b6d42320e0cf2f336a7,true
solc-0.8.36-develop.2026.5.7,solc-0.8.36-develop.2026.5.7,0xd86756dbb01e75a11aadacb75c8495759ed92033,optimized,oeth-swap,0x8f10b468b06c6fd214b65f87778827f7d113f996,0xba0a5ab76d98f9ac10ca45e75e95f468a2d74cf2262a11f750fdd59b147ea301,0x0000000000000000000000002879df6a88b63893ee62ad3cb7f7231e776d6bd1,0x0000000000000000000000002879df6a88b63893ee62ad3cb7f7231e776d6bd1,true
solc-0.8.36-develop.2026.5.7,solc-0.8.36-develop.2026.5.7,0xd86756dbb01e75a11aadacb75c8495759ed92033,optimized,oeth-swap,0x8f10b468b06c6fd214b65f87778827f7d113f996,0xffbf986452304d48456c54266f7e48ded559403517f44cb0dfc26d06c5671594,0x0000000000000000000000000000000000000000000000000000000000000001,0x0000000000000000000000000000000000000000000000000000000000000001,true
solc-0.8.36-develop.2026.5.7,solc-0.8.36-develop.2026.5.7,0xd86756dbb01e75a11aadacb75c8495759ed92033,optimized,oeth-swap,0xa0b86991c6218b36c1d19d4a2e9eb0ce3606eb48,0x0000000000000000000000000000000000000000000000000000000000000001,0x0000000000000000000000004914f61d25e5c567143774b76edbf4d5109a8566,0x0000000000000000000000004914f61d25e5c567143774b76edbf4d5109a8566,true
solc-0.8.36-develop.2026.5.7,solc-0.8.36-develop.2026.5.7,0xd86756dbb01e75a11aadacb75c8495759ed92033,optimized,oeth-swap,0xa0b86991c6218b36c1d19d4a2e9eb0ce3606eb48,0x0b219ffe427c0ddac81f948f6b040d01a68abc27cc1e2265ffd0be51d22a64e3,0x000000000000000000000000000000000000000000000000000000055a931379,0x000000000000000000000000000000000000000000000000000000055a931379,true
solc-0.8.36-develop.2026.5.7,solc-0.8.36-develop.2026.5.7,0xd86756dbb01e75a11aadacb75c8495759ed92033,optimized,oeth-swap,0xa0b86991c6218b36c1d19d4a2e9eb0ce3606eb48,0x10d6a54a4754c8869d6886b5f5d7fbfa5b4522237ea5c60d11bc4e7a1ff9390b,0x000000000000000000000000807a96288a1a408dbc13de2b1d087d10356395d2,0x000000000000000000000000807a96288a1a408dbc13de2b1d087d10356395d2,true
solc-0.8.36-develop.2026.5.7,solc-0.8.36-develop.2026.5.7,0xd86756dbb01e75a11aadacb75c8495759ed92033,optimized,oeth-swap,0xa0b86991c6218b36c1d19d4a2e9eb0ce3606eb48,0x7050c9e0f4ca769c69bd3a8ef740bc37934f8e2c036e5a723fd8ee048ed3f8c3,0x00000000000000000000000043506849d7c04f9138d1a2050bbf3a0c054402dd,0x00000000000000000000000043506849d7c04f9138d1a2050bbf3a0c054402dd,true
solc-0.8.36-develop.2026.5.7,solc-0.8.36-develop.2026.5.7,0xd86756dbb01e75a11aadacb75c8495759ed92033,optimized,oeth-swap,0xa0b86991c6218b36c1d19d4a2e9eb0ce3606eb48,0x779c9819472c01b1921782a46d81546a773965e75983d1b6fb7ac7d13c565d2a,0x0000000000000000000000000000000000000000000000000000000005e7d4c3,0x0000000000000000000000000000000000000000000000000000000005e7d4c3,true
solc-0.8.36-develop.2026.5.7,solc-0.8.36-develop.2026.5.7,0xd86756dbb01e75a11aadacb75c8495759ed92033,optimized,oeth-swap,0xa0b86991c6218b36c1d19d4a2e9eb0ce3606eb48,0xab4b104605792035a633b259fbf34bfb26f8897aa4038a46594f56ed9701ba86,0x0000000000000000000000000000000000000000000000000000000000000001,0x0000000000000000000000000000000000000000000000000000000000000001,true
solc-0.8.36-develop.2026.5.7,solc-0.8.36-develop.2026.5.7,0xd86756dbb01e75a11aadacb75c8495759ed92033,optimized,oeth-swap,0xa0b86991c6218b36c1d19d4a2e9eb0ce3606eb48,0xb9f6591fc52eba3e15c8a35522a85e6d320e9084debe30399ae4770e63f89389,0x000000000000000000000000000000000000000000000000000003149321fd31,0x000000000000000000000000000000000000000000000000000003149321fd31,true
solc-0.8.36-develop.2026.5.7,solc-0.8.36-develop.2026.5.7,0xd86756dbb01e75a11aadacb75c8495759ed92033,optimized,oeth-swap,0xc02aaa39b223fe8d0a0e5c4f27ead9083c756cc2,0x19b801df7d999cea8e6d7d7f7b2b0bb8ff07cb169b5922c61a5601805d4e5aa6,0x00000000000000000000000000000000000000000000005b020433e6cc71e80d,0x00000000000000000000000000000000000000000000005b020433e6cc71e80d,true
solc-0.8.36-develop.2026.5.7,solc-0.8.36-develop.2026.5.7,0xd86756dbb01e75a11aadacb75c8495759ed92033,optimized,oeth-swap,0xc02aaa39b223fe8d0a0e5c4f27ead9083c756cc2,0x1f0e0281a6886fcc5970016274fd33e0bc0a86faa20ebb040c92db483b5c6f5c,0x0000000000000000000000000000000000000000000002c259df22e65605a467,0x0000000000000000000000000000000000000000000002c259df22e65605a467,true
solc-0.8.36-develop.2026.5.7,solc-0.8.36-develop.2026.5.7,0xd86756dbb01e75a11aadacb75c8495759ed92033,optimized,oeth-swap,0xc02aaa39b223fe8d0a0e5c4f27ead9083c756cc2,0x4634fc03da90898d55a2251fce6745540dfdead239ee4086d917d3f2ff6f6716,0x0000000000000000000000000000000000000000000000000000000000000001,0x0000000000000000000000000000000000000000000000000000000000000001,true
solc-0.8.36-develop.2026.5.7,solc-0.8.36-develop.2026.5.7,0xd86756dbb01e75a11aadacb75c8495759ed92033,optimized,oeth-swap,0xcc7d5785ad5755b6164e21495e07adb0ff11c2a8,0x0000000000000000000000000000000000000000000000000000000000000000,0x0000000000000000000000000000000000000000000000000000000000000003,0x0000000000000000000000000000000000000000000000000000000000000003,true
solc-0.8.36-develop.2026.5.7,solc-0.8.36-develop.2026.5.7,0xd86756dbb01e75a11aadacb75c8495759ed92033,optimized,oeth-swap,0xcc7d5785ad5755b6164e21495e07adb0ff11c2a8,0x0000000000000000000000000000000000000000000000000000000000000001,0x0000000000000000000000000000000000000000000000000000000000000002,0x0000000000000000000000000000000000000000000000000000000000000002,true
solc-0.8.36-develop.2026.5.7,solc-0.8.36-develop.2026.5.7,0xd86756dbb01e75a11aadacb75c8495759ed92033,optimized,oeth-swap,0xcc7d5785ad5755b6164e21495e07adb0ff11c2a8,0x0000000000000000000000000000000000000000000000000000000000000002,0x000000000000000000000000000000000000000000000333d6481e975413db36,0x000000000000000000000000000000000000000000000333d6481e975413db36,true
solc-0.8.36-develop.2026.5.7,solc-0.8.36-develop.2026.5.7,0xd86756dbb01e75a11aadacb75c8495759ed92033,optimized,oeth-swap,0xcc7d5785ad5755b6164e21495e07adb0ff11c2a8,0x0000000000000000000000000000000000000000000000000000000000000003,0x0000000000000000000000000000000000000000000002c259df22e65605a467,0x0000000000000000000000000000000000000000000002c259df22e65605a467,true
solc-0.8.36-develop.2026.5.7,solc-0.8.36-develop.2026.5.7,0xd86756dbb01e75a11aadacb75c8495759ed92033,optimized,oeth-swap,0xcc7d5785ad5755b6164e21495e07adb0ff11c2a8,0x000000000000000000000000000000000000000000000000000000000000000a,0x00000000000000000000000000000000000000000000000000000000000f4240,0x00000000000000000000000000000000000000000000000000000000000f4240,true
solc-0.8.36-develop.2026.5.7,solc-0.8.36-develop.2026.5.7,0xd86756dbb01e75a11aadacb75c8495759ed92033,optimized,oeth-swap,0xcc7d5785ad5755b6164e21495e07adb0ff11c2a8,0x000000000000000000000000000000000000000000000000000000000000000b,0x000000000000000000000000000000000000000000000000000000174876e800,0x000000000000000000000000000000000000000000000000000000174876e800,true
solc-0.8.36-develop.2026.5.7,solc-0.8.36-develop.2026.5.7,0xd86756dbb01e75a11aadacb75c8495759ed92033,optimized,oeth-swap,0xcc7d5785ad5755b6164e21495e07adb0ff11c2a8,0x000000000000000000000000000000000000000000000000000000000000000d,0x00000000000000000000000000000000000000000000000000000000000249f0,0x00000000000000000000000000000000000000000000000000000000000249f0,true
solc-0.8.36-develop.2026.5.7,solc-0.8.36-develop.2026.5.7,0xd86756dbb01e75a11aadacb75c8495759ed92033,optimized,oeth-swap,0xcc7d5785ad5755b6164e21495e07adb0ff11c2a8,0x000000000000000000000000000000000000000000000000000000000000000f,0x0000000000000000000000000000000000000000000000000000000000000000,0x0000000000000000000000000000000000000000000000000000000000000000,true
solc-0.8.36-develop.2026.5.7,solc-0.8.36-develop.2026.5.7,0xd86756dbb01e75a11aadacb75c8495759ed92033,optimized,oeth-swap,0xcc7d5785ad5755b6164e21495e07adb0ff11c2a8,0x0000000000000000000000000000000000000000000000000000000000000010,0x0000000000000000000000000000000000000000000000000000000000000002,0x0000000000000000000000000000000000000000000000000000000000000002,true
solc-0.8.36-develop.2026.5.7,solc-0.8.36-develop.2026.5.7,0xd86756dbb01e75a11aadacb75c8495759ed92033,optimized,oeth-swap,0xcc7d5785ad5755b6164e21495e07adb0ff11c2a8,0x0000000000000000000000000000000000000000000000000000000000000011,0x000000000000000000000000000000000000000000000000001424f2c0d80eb4,0x000000000000000000000000000000000000000000000000001424f2c0d80eb4,true
solc-0.8.36-develop.2026.5.7,solc-0.8.36-develop.2026.5.7,0xd86756dbb01e75a11aadacb75c8495759ed92033,optimized,oeth-swap,0xcc7d5785ad5755b6164e21495e07adb0ff11c2a8,0x0000000000000000000000000000000000000000000000000000000000000012,0x00000000000000000000000000000000000000000000000000035a32a7341c26,0x00000000000000000000000000000000000000000000000000035a32a7341c26,true
solc-0.8.36-develop.2026.5.7,solc-0.8.36-develop.2026.5.7,0xd86756dbb01e75a11aadacb75c8495759ed92033,optimized,oeth-swap,0xcc7d5785ad5755b6164e21495e07adb0ff11c2a8,0x0000000000000000000000000000000000000000000000000000000000000019,0x0000000000000000000000000000000000000000000000000000000000000001,0x0000000000000000000000000000000000000000000000000000000000000001,true
solc-0.8.36-develop.2026.5.7,solc-0.8.36-develop.2026.5.7,0xd86756dbb01e75a11aadacb75c8495759ed92033,optimized,oeth-swap,0xcc7d5785ad5755b6164e21495e07adb0ff11c2a8,0x000000000000000000000000000000000000000000000000000000000000001a,0x00000000000000000de11202337d4f2100000000000000000de111d26f18985b,0x00000000000000000de11202337d4f2100000000000000000de111d26f18985b,true
solc-0.8.36-develop.2026.5.7,solc-0.8.36-develop.2026.5.7,0xd86756dbb01e75a11aadacb75c8495759ed92033,optimized,oeth-swap,0xcc7d5785ad5755b6164e21495e07adb0ff11c2a8,0x0000000000000000000000000000000000000000000000000000000000000022,0x00000000000005f79b442ad67448495500000000000005f62f567e948bb954c1,0x00000000000005f79b442ad67448495500000000000005f62f567e948bb954c1,true
solc-0.8.36-develop.2026.5.7,solc-0.8.36-develop.2026.5.7,0xd86756dbb01e75a11aadacb75c8495759ed92033,optimized,oeth-swap,0xcc7d5785ad5755b6164e21495e07adb0ff11c2a8,0x0000000000000000000000000000000000000000000000000000000000000023,0x0000000000000000000000000000000000000000000000000000000000000362,0x0000000000000000000000000000000000000000000000000000000000000362,true
solc-0.8.36-develop.2026.5.7,solc-0.8.36-develop.2026.5.7,0xd86756dbb01e75a11aadacb75c8495759ed92033,optimized,oeth-swap,0xcc7d5785ad5755b6164e21495e07adb0ff11c2a8,0x0000000000000000000000000000000000000000000000000000000000000024,0x000000000000000000000000000000000000000000000000000000000000f374,0x000000000000000000000000000000000000000000000000000000000000f374,true
solc-0.8.36-develop.2026.5.7,solc-0.8.36-develop.2026.5.7,0xd86756dbb01e75a11aadacb75c8495759ed92033,optimized,oeth-swap,0xcc7d5785ad5755b6164e21495e07adb0ff11c2a8,0x0000000000000000000000000000000000000000000000000000000000000025,0x00000000000000000000000069fc797f00000000000000000000000069fc797f,0x00000000000000000000000069fc797f00000000000000000000000069fc797f,true
solc-0.8.36-develop.2026.5.7,solc-0.8.36-develop.2026.5.7,0xd86756dbb01e75a11aadacb75c8495759ed92033,optimized,oeth-swap,0xe0554a476a092703abdb3ef35c80e0d76d32939f,0x0000000000000000000000000000000000000000000000000000000000000000,0x00014420002000111e03088200000000000050efb5b2a60a8cf190fd6f115021,0x00014420002000111e03088200000000000050efb5b2a60a8cf190fd6f115021,true
solc-0.8.36-develop.2026.5.7,solc-0.8.36-develop.2026.5.7,0xd86756dbb01e75a11aadacb75c8495759ed92033,optimized,oeth-swap,0xe0554a476a092703abdb3ef35c80e0d76d32939f,0x0000000000000000000000000000000000000000000000000000000000000002,0x0000000000000000000000000000193bd94370cb7c58f20388c9cc043964818e,0x0000000000000000000000000000193bd94370cb7c58f20388c9cc043964818e,true
solc-0.8.36-develop.2026.5.7,solc-0.8.36-develop.2026.5.7,0xd86756dbb01e75a11aadacb75c8495759ed92033,optimized,oeth-swap,0xe0554a476a092703abdb3ef35c80e0d76d32939f,0x0000000000000000000000000000000000000000000000000000000000000003,0x00000000000000000024d9acb81d82a3000000000000000000000000019f2a85,0x00000000000000000024d9acb81d82a3000000000000000000000000019f2a85,true
solc-0.8.36-develop.2026.5.7,solc-0.8.36-develop.2026.5.7,0xd86756dbb01e75a11aadacb75c8495759ed92033,optimized,oeth-swap,0xe0554a476a092703abdb3ef35c80e0d76d32939f,0x0000000000000000000000000000000000000000000000000000000000000004,0x00000000000000000000000000000000000000000000000014d36b0d9b91bd96,0x00000000000000000000000000000000000000000000000014d36b0d9b91bd96,true
solc-0.8.36-develop.2026.5.7,solc-0.8.36-develop.2026.5.7,0xd86756dbb01e75a11aadacb75c8495759ed92033,optimized,oeth-swap,0xe0554a476a092703abdb3ef35c80e0d76d32939f,0xdd15b80f06e298dcc59f43b6320b38dd8ec934c5a3bd98112efd3b24491158b2,0x0001000000002200082800000000040000000480000000000000600000000000,0x0001000000002200082800000000040000000480000000000000600000000000,true
solc-0.8.36-develop.2026.5.7,solc-0.8.36-develop.2026.5.7,0xd86756dbb01e75a11aadacb75c8495759ed92033,optimized-high-runs,oeth-swap,0x856c4efb76c1d1ae02e20ceb03a2a6a08b0b8dc3,0x000000000000000000000000000000000000000000000000000000000000009e,0x000000000000000000000000000000000000011e37ce23d7266923cb9f192be9,0x000000000000000000000000000000000000011e37ce23d7266923cb9f192be9,true
solc-0.8.36-develop.2026.5.7,solc-0.8.36-develop.2026.5.7,0xd86756dbb01e75a11aadacb75c8495759ed92033,optimized-high-runs,oeth-swap,0x856c4efb76c1d1ae02e20ceb03a2a6a08b0b8dc3,0x000000000000000000000000000000000000000000000000000000000000009f,0x000000000000000000000000000000000000000002ca3c57f542ec3fb70f990f,0x000000000000000000000000000000000000000002ca3c57f542ec3fb70f990f,true
solc-0.8.36-develop.2026.5.7,solc-0.8.36-develop.2026.5.7,0xd86756dbb01e75a11aadacb75c8495759ed92033,optimized-high-runs,oeth-swap,0x856c4efb76c1d1ae02e20ceb03a2a6a08b0b8dc3,0x00000000000000000000000000000000000000000000000000000000000000a0,0x000000000000000000000000000000000000000000000345bc11c9d057e0de0b,0x000000000000000000000000000000000000000000000345bc11c9d057e0de0b,true
solc-0.8.36-develop.2026.5.7,solc-0.8.36-develop.2026.5.7,0xd86756dbb01e75a11aadacb75c8495759ed92033,optimized-high-runs,oeth-swap,0x856c4efb76c1d1ae02e20ceb03a2a6a08b0b8dc3,0x06278d2d79eade39f7d8320bc86b0b7a9610e6d452e2c1b26abb51d5827e25ae,0x0000000000000000000000000000000000000000000000000de0b6b3a7640000,0x0000000000000000000000000000000000000000000000000de0b6b3a7640000,true
solc-0.8.36-develop.2026.5.7,solc-0.8.36-develop.2026.5.7,0xd86756dbb01e75a11aadacb75c8495759ed92033,optimized-high-runs,oeth-swap,0x856c4efb76c1d1ae02e20ceb03a2a6a08b0b8dc3,0x0753a0c62503cc26a150e0afff84d410196ec4beb58f19d5071f55ce058a8a28,0x0000000000000000000000000000000000000000000000000de0b6b3a7640000,0x0000000000000000000000000000000000000000000000000de0b6b3a7640000,true
solc-0.8.36-develop.2026.5.7,solc-0.8.36-develop.2026.5.7,0xd86756dbb01e75a11aadacb75c8495759ed92033,optimized-high-runs,oeth-swap,0x856c4efb76c1d1ae02e20ceb03a2a6a08b0b8dc3,0x10b6a7d48e7f38b189d2fad5dc7cab931fceddedf897bda26d4e7b2aeef312a0,0x0000000000000000000000000000000000000000000000000000000000000000,0x0000000000000000000000000000000000000000000000000000000000000000,true
solc-0.8.36-develop.2026.5.7,solc-0.8.36-develop.2026.5.7,0xd86756dbb01e75a11aadacb75c8495759ed92033,optimized-high-runs,oeth-swap,0x856c4efb76c1d1ae02e20ceb03a2a6a08b0b8dc3,0x360894a13ba1a3210667c828492db98dca3e2076cc3735a920a3ca505d382bbc,0x000000000000000000000000d86756dbb01e75a11aadacb75c8495759ed92033,0x000000000000000000000000d86756dbb01e75a11aadacb75c8495759ed92033,true
solc-0.8.36-develop.2026.5.7,solc-0.8.36-develop.2026.5.7,0xd86756dbb01e75a11aadacb75c8495759ed92033,optimized-high-runs,oeth-swap,0x856c4efb76c1d1ae02e20ceb03a2a6a08b0b8dc3,0x407ad37ef964e633985ee0d0dcde2ee75a80d35f43bfd57189c1005b114c318e,0x0000000000000000000000000000000000000000000000000000000000000001,0x0000000000000000000000000000000000000000000000000000000000000001,true
solc-0.8.36-develop.2026.5.7,solc-0.8.36-develop.2026.5.7,0xd86756dbb01e75a11aadacb75c8495759ed92033,optimized-high-runs,oeth-swap,0x856c4efb76c1d1ae02e20ceb03a2a6a08b0b8dc3,0x5b1125e5ac4e26944ccee5677b996a0c85f28c06f106668f7804071ccbc9cadb,0x0000000000000000000000000000000000000000000000000000000000000001,0x0000000000000000000000000000000000000000000000000000000000000001,true
solc-0.8.36-develop.2026.5.7,solc-0.8.36-develop.2026.5.7,0xd86756dbb01e75a11aadacb75c8495759ed92033,optimized-high-runs,oeth-swap,0x856c4efb76c1d1ae02e20ceb03a2a6a08b0b8dc3,0x7a97d82217dfd568a43d894c25fcf7a225e3a2eb552fb4347520e02c8e167386,0x0000000000000000000000000000000000000000000000000000000000000001,0x0000000000000000000000000000000000000000000000000000000000000001,true
solc-0.8.36-develop.2026.5.7,solc-0.8.36-develop.2026.5.7,0xd86756dbb01e75a11aadacb75c8495759ed92033,optimized-high-runs,oeth-swap,0x856c4efb76c1d1ae02e20ceb03a2a6a08b0b8dc3,0x83865c463c2a0fe1207794273db21e1208f4ef7d7c6132aa8738735a6ffe963c,0x0000000000000000000000000000000000000000000000000000000000000000,0x0000000000000000000000000000000000000000000000000000000000000000,true
solc-0.8.36-develop.2026.5.7,solc-0.8.36-develop.2026.5.7,0xd86756dbb01e75a11aadacb75c8495759ed92033,optimized-high-runs,oeth-swap,0x856c4efb76c1d1ae02e20ceb03a2a6a08b0b8dc3,0x884e46fccd08917c0958b746290aacf455da9d692adaea281b2660d5c33a847d,0x000000000000000000000000000000000000000000000333d6481e975413db36,0x000000000000000000000000000000000000000000000333d6481e975413db36,true
solc-0.8.36-develop.2026.5.7,solc-0.8.36-develop.2026.5.7,0xd86756dbb01e75a11aadacb75c8495759ed92033,optimized-high-runs,oeth-swap,0x856c4efb76c1d1ae02e20ceb03a2a6a08b0b8dc3,0x89222246ce98d6f0b0dad8d6b95e23aa36c135afa3fb88700e2004bd842764c8,0x0000000000000000000000000000000000000000000000000de0b6b3a7640000,0x0000000000000000000000000000000000000000000000000de0b6b3a7640000,true
solc-0.8.36-develop.2026.5.7,solc-0.8.36-develop.2026.5.7,0xd86756dbb01e75a11aadacb75c8495759ed92033,optimized-high-runs,oeth-swap,0x856c4efb76c1d1ae02e20ceb03a2a6a08b0b8dc3,0x90d1b89329a5572c9525e70da3876d4d9c4541af9c56fcd9df640e65efe50d2c,0xffffffffffffffffffffffffffffffffffffffffffffffffeea16785bd9b4488,0xffffffffffffffffffffffffffffffffffffffffffffffffeea16785bd9b4488,true
solc-0.8.36-develop.2026.5.7,solc-0.8.36-develop.2026.5.7,0xd86756dbb01e75a11aadacb75c8495759ed92033,optimized-high-runs,oeth-swap,0x856c4efb76c1d1ae02e20ceb03a2a6a08b0b8dc3,0x966279186d56a5b80ecf400ef6ffe2248b7f08cd30b5a00b243d542e6e086efb,0xfffffffffffffffffffffffffffffffffffffffffffffffde337b803aab38fb2,0xfffffffffffffffffffffffffffffffffffffffffffffffde337b803aab38fb2,true
solc-0.8.36-develop.2026.5.7,solc-0.8.36-develop.2026.5.7,0xd86756dbb01e75a11aadacb75c8495759ed92033,optimized-high-runs,oeth-swap,0x856c4efb76c1d1ae02e20ceb03a2a6a08b0b8dc3,0xdd09e1885ce2b5f231469d437ae7bbd27d656a8875f019b30b5b49f7eb2571b6,0x0000000000000000000000000000000000000000000000000000000000000001,0x0000000000000000000000000000000000000000000000000000000000000001,true
solc-0.8.36-develop.2026.5.7,solc-0.8.36-develop.2026.5.7,0xd86756dbb01e75a11aadacb75c8495759ed92033,optimized-high-runs,oeth-swap,0x856c4efb76c1d1ae02e20ceb03a2a6a08b0b8dc3,0xde3b3cc3ddacdbfd15f35016fde63e388b3cc49b32e56fc4a592e10bff0d03c4,0x0000000000000000000000000000000000000000000000000000000000000000,0x0000000000000000000000000000000000000000000000000000000000000000,true
solc-0.8.36-develop.2026.5.7,solc-0.8.36-develop.2026.5.7,0xd86756dbb01e75a11aadacb75c8495759ed92033,optimized-high-runs,oeth-swap,0x856c4efb76c1d1ae02e20ceb03a2a6a08b0b8dc3,0xe2a4eba4a02747b9bc37280272662fe2b27011c20a1c9fa70e89e9416625915f,0x0000000000000000000000000000000000000000000000000000000000000000,0x0000000000000000000000000000000000000000000000000000000000000000,true
solc-0.8.36-develop.2026.5.7,solc-0.8.36-develop.2026.5.7,0xd86756dbb01e75a11aadacb75c8495759ed92033,optimized-high-runs,oeth-swap,0x8f10b468b06c6fd214b65f87778827f7d113f996,0xba0a5ab76d98f9ac10ca45e75e95f468a2d74cf2262a11f750fdd59b147ea300,0x000000000000000000000000440c1a9786d3c6f09da46b6d42320e0cf2f336a7,0x000000000000000000000000440c1a9786d3c6f09da46b6d42320e0cf2f336a7,true
solc-0.8.36-develop.2026.5.7,solc-0.8.36-develop.2026.5.7,0xd86756dbb01e75a11aadacb75c8495759ed92033,optimized-high-runs,oeth-swap,0x8f10b468b06c6fd214b65f87778827f7d113f996,0xba0a5ab76d98f9ac10ca45e75e95f468a2d74cf2262a11f750fdd59b147ea301,0x0000000000000000000000002879df6a88b63893ee62ad3cb7f7231e776d6bd1,0x0000000000000000000000002879df6a88b63893ee62ad3cb7f7231e776d6bd1,true
solc-0.8.36-develop.2026.5.7,solc-0.8.36-develop.2026.5.7,0xd86756dbb01e75a11aadacb75c8495759ed92033,optimized-high-runs,oeth-swap,0x8f10b468b06c6fd214b65f87778827f7d113f996,0xffbf986452304d48456c54266f7e48ded559403517f44cb0dfc26d06c5671594,0x0000000000000000000000000000000000000000000000000000000000000001,0x0000000000000000000000000000000000000000000000000000000000000001,true
solc-0.8.36-develop.2026.5.7,solc-0.8.36-develop.2026.5.7,0xd86756dbb01e75a11aadacb75c8495759ed92033,optimized-high-runs,oeth-swap,0xa0b86991c6218b36c1d19d4a2e9eb0ce3606eb48,0x0000000000000000000000000000000000000000000000000000000000000001,0x0000000000000000000000004914f61d25e5c567143774b76edbf4d5109a8566,0x0000000000000000000000004914f61d25e5c567143774b76edbf4d5109a8566,true
solc-0.8.36-develop.2026.5.7,solc-0.8.36-develop.2026.5.7,0xd86756dbb01e75a11aadacb75c8495759ed92033,optimized-high-runs,oeth-swap,0xa0b86991c6218b36c1d19d4a2e9eb0ce3606eb48,0x0b219ffe427c0ddac81f948f6b040d01a68abc27cc1e2265ffd0be51d22a64e3,0x000000000000000000000000000000000000000000000000000000055a931379,0x000000000000000000000000000000000000000000000000000000055a931379,true
solc-0.8.36-develop.2026.5.7,solc-0.8.36-develop.2026.5.7,0xd86756dbb01e75a11aadacb75c8495759ed92033,optimized-high-runs,oeth-swap,0xa0b86991c6218b36c1d19d4a2e9eb0ce3606eb48,0x10d6a54a4754c8869d6886b5f5d7fbfa5b4522237ea5c60d11bc4e7a1ff9390b,0x000000000000000000000000807a96288a1a408dbc13de2b1d087d10356395d2,0x000000000000000000000000807a96288a1a408dbc13de2b1d087d10356395d2,true
solc-0.8.36-develop.2026.5.7,solc-0.8.36-develop.2026.5.7,0xd86756dbb01e75a11aadacb75c8495759ed92033,optimized-high-runs,oeth-swap,0xa0b86991c6218b36c1d19d4a2e9eb0ce3606eb48,0x7050c9e0f4ca769c69bd3a8ef740bc37934f8e2c036e5a723fd8ee048ed3f8c3,0x00000000000000000000000043506849d7c04f9138d1a2050bbf3a0c054402dd,0x00000000000000000000000043506849d7c04f9138d1a2050bbf3a0c054402dd,true
solc-0.8.36-develop.2026.5.7,solc-0.8.36-develop.2026.5.7,0xd86756dbb01e75a11aadacb75c8495759ed92033,optimized-high-runs,oeth-swap,0xa0b86991c6218b36c1d19d4a2e9eb0ce3606eb48,0x779c9819472c01b1921782a46d81546a773965e75983d1b6fb7ac7d13c565d2a,0x0000000000000000000000000000000000000000000000000000000005e7d4c3,0x0000000000000000000000000000000000000000000000000000000005e7d4c3,true
solc-0.8.36-develop.2026.5.7,solc-0.8.36-develop.2026.5.7,0xd86756dbb01e75a11aadacb75c8495759ed92033,optimized-high-runs,oeth-swap,0xa0b86991c6218b36c1d19d4a2e9eb0ce3606eb48,0xab4b104605792035a633b259fbf34bfb26f8897aa4038a46594f56ed9701ba86,0x0000000000000000000000000000000000000000000000000000000000000001,0x0000000000000000000000000000000000000000000000000000000000000001,true
solc-0.8.36-develop.2026.5.7,solc-0.8.36-develop.2026.5.7,0xd86756dbb01e75a11aadacb75c8495759ed92033,optimized-high-runs,oeth-swap,0xa0b86991c6218b36c1d19d4a2e9eb0ce3606eb48,0xb9f6591fc52eba3e15c8a35522a85e6d320e9084debe30399ae4770e63f89389,0x000000000000000000000000000000000000000000000000000003149321fd31,0x000000000000000000000000000000000000000000000000000003149321fd31,true
solc-0.8.36-develop.2026.5.7,solc-0.8.36-develop.2026.5.7,0xd86756dbb01e75a11aadacb75c8495759ed92033,optimized-high-runs,oeth-swap,0xc02aaa39b223fe8d0a0e5c4f27ead9083c756cc2,0x19b801df7d999cea8e6d7d7f7b2b0bb8ff07cb169b5922c61a5601805d4e5aa6,0x00000000000000000000000000000000000000000000005b020433e6cc71e80d,0x00000000000000000000000000000000000000000000005b020433e6cc71e80d,true
solc-0.8.36-develop.2026.5.7,solc-0.8.36-develop.2026.5.7,0xd86756dbb01e75a11aadacb75c8495759ed92033,optimized-high-runs,oeth-swap,0xc02aaa39b223fe8d0a0e5c4f27ead9083c756cc2,0x1f0e0281a6886fcc5970016274fd33e0bc0a86faa20ebb040c92db483b5c6f5c,0x0000000000000000000000000000000000000000000002c259df22e65605a467,0x0000000000000000000000000000000000000000000002c259df22e65605a467,true
solc-0.8.36-develop.2026.5.7,solc-0.8.36-develop.2026.5.7,0xd86756dbb01e75a11aadacb75c8495759ed92033,optimized-high-runs,oeth-swap,0xc02aaa39b223fe8d0a0e5c4f27ead9083c756cc2,0x4634fc03da90898d55a2251fce6745540dfdead239ee4086d917d3f2ff6f6716,0x0000000000000000000000000000000000000000000000000000000000000001,0x0000000000000000000000000000000000000000000000000000000000000001,true
solc-0.8.36-develop.2026.5.7,solc-0.8.36-develop.2026.5.7,0xd86756dbb01e75a11aadacb75c8495759ed92033,optimized-high-runs,oeth-swap,0xcc7d5785ad5755b6164e21495e07adb0ff11c2a8,0x0000000000000000000000000000000000000000000000000000000000000000,0x0000000000000000000000000000000000000000000000000000000000000003,0x0000000000000000000000000000000000000000000000000000000000000003,true
solc-0.8.36-develop.2026.5.7,solc-0.8.36-develop.2026.5.7,0xd86756dbb01e75a11aadacb75c8495759ed92033,optimized-high-runs,oeth-swap,0xcc7d5785ad5755b6164e21495e07adb0ff11c2a8,0x0000000000000000000000000000000000000000000000000000000000000001,0x0000000000000000000000000000000000000000000000000000000000000002,0x0000000000000000000000000000000000000000000000000000000000000002,true
solc-0.8.36-develop.2026.5.7,solc-0.8.36-develop.2026.5.7,0xd86756dbb01e75a11aadacb75c8495759ed92033,optimized-high-runs,oeth-swap,0xcc7d5785ad5755b6164e21495e07adb0ff11c2a8,0x0000000000000000000000000000000000000000000000000000000000000002,0x000000000000000000000000000000000000000000000333d6481e975413db36,0x000000000000000000000000000000000000000000000333d6481e975413db36,true
solc-0.8.36-develop.2026.5.7,solc-0.8.36-develop.2026.5.7,0xd86756dbb01e75a11aadacb75c8495759ed92033,optimized-high-runs,oeth-swap,0xcc7d5785ad5755b6164e21495e07adb0ff11c2a8,0x0000000000000000000000000000000000000000000000000000000000000003,0x0000000000000000000000000000000000000000000002c259df22e65605a467,0x0000000000000000000000000000000000000000000002c259df22e65605a467,true
solc-0.8.36-develop.2026.5.7,solc-0.8.36-develop.2026.5.7,0xd86756dbb01e75a11aadacb75c8495759ed92033,optimized-high-runs,oeth-swap,0xcc7d5785ad5755b6164e21495e07adb0ff11c2a8,0x000000000000000000000000000000000000000000000000000000000000000a,0x00000000000000000000000000000000000000000000000000000000000f4240,0x00000000000000000000000000000000000000000000000000000000000f4240,true
solc-0.8.36-develop.2026.5.7,solc-0.8.36-develop.2026.5.7,0xd86756dbb01e75a11aadacb75c8495759ed92033,optimized-high-runs,oeth-swap,0xcc7d5785ad5755b6164e21495e07adb0ff11c2a8,0x000000000000000000000000000000000000000000000000000000000000000b,0x000000000000000000000000000000000000000000000000000000174876e800,0x000000000000000000000000000000000000000000000000000000174876e800,true
solc-0.8.36-develop.2026.5.7,solc-0.8.36-develop.2026.5.7,0xd86756dbb01e75a11aadacb75c8495759ed92033,optimized-high-runs,oeth-swap,0xcc7d5785ad5755b6164e21495e07adb0ff11c2a8,0x000000000000000000000000000000000000000000000000000000000000000d,0x00000000000000000000000000000000000000000000000000000000000249f0,0x00000000000000000000000000000000000000000000000000000000000249f0,true
solc-0.8.36-develop.2026.5.7,solc-0.8.36-develop.2026.5.7,0xd86756dbb01e75a11aadacb75c8495759ed92033,optimized-high-runs,oeth-swap,0xcc7d5785ad5755b6164e21495e07adb0ff11c2a8,0x000000000000000000000000000000000000000000000000000000000000000f,0x0000000000000000000000000000000000000000000000000000000000000000,0x0000000000000000000000000000000000000000000000000000000000000000,true
solc-0.8.36-develop.2026.5.7,solc-0.8.36-develop.2026.5.7,0xd86756dbb01e75a11aadacb75c8495759ed92033,optimized-high-runs,oeth-swap,0xcc7d5785ad5755b6164e21495e07adb0ff11c2a8,0x0000000000000000000000000000000000000000000000000000000000000010,0x0000000000000000000000000000000000000000000000000000000000000002,0x0000000000000000000000000000000000000000000000000000000000000002,true
solc-0.8.36-develop.2026.5.7,solc-0.8.36-develop.2026.5.7,0xd86756dbb01e75a11aadacb75c8495759ed92033,optimized-high-runs,oeth-swap,0xcc7d5785ad5755b6164e21495e07adb0ff11c2a8,0x0000000000000000000000000000000000000000000000000000000000000011,0x000000000000000000000000000000000000000000000000001424f2c0d80eb4,0x000000000000000000000000000000000000000000000000001424f2c0d80eb4,true
solc-0.8.36-develop.2026.5.7,solc-0.8.36-develop.2026.5.7,0xd86756dbb01e75a11aadacb75c8495759ed92033,optimized-high-runs,oeth-swap,0xcc7d5785ad5755b6164e21495e07adb0ff11c2a8,0x0000000000000000000000000000000000000000000000000000000000000012,0x00000000000000000000000000000000000000000000000000035a32a7341c26,0x00000000000000000000000000000000000000000000000000035a32a7341c26,true
solc-0.8.36-develop.2026.5.7,solc-0.8.36-develop.2026.5.7,0xd86756dbb01e75a11aadacb75c8495759ed92033,optimized-high-runs,oeth-swap,0xcc7d5785ad5755b6164e21495e07adb0ff11c2a8,0x0000000000000000000000000000000000000000000000000000000000000019,0x0000000000000000000000000000000000000000000000000000000000000001,0x0000000000000000000000000000000000000000000000000000000000000001,true
solc-0.8.36-develop.2026.5.7,solc-0.8.36-develop.2026.5.7,0xd86756dbb01e75a11aadacb75c8495759ed92033,optimized-high-runs,oeth-swap,0xcc7d5785ad5755b6164e21495e07adb0ff11c2a8,0x000000000000000000000000000000000000000000000000000000000000001a,0x00000000000000000de11202337d4f2100000000000000000de111d26f18985b,0x00000000000000000de11202337d4f2100000000000000000de111d26f18985b,true
solc-0.8.36-develop.2026.5.7,solc-0.8.36-develop.2026.5.7,0xd86756dbb01e75a11aadacb75c8495759ed92033,optimized-high-runs,oeth-swap,0xcc7d5785ad5755b6164e21495e07adb0ff11c2a8,0x0000000000000000000000000000000000000000000000000000000000000022,0x00000000000005f79b442ad67448495500000000000005f62f567e948bb954c1,0x00000000000005f79b442ad67448495500000000000005f62f567e948bb954c1,true
solc-0.8.36-develop.2026.5.7,solc-0.8.36-develop.2026.5.7,0xd86756dbb01e75a11aadacb75c8495759ed92033,optimized-high-runs,oeth-swap,0xcc7d5785ad5755b6164e21495e07adb0ff11c2a8,0x0000000000000000000000000000000000000000000000000000000000000023,0x0000000000000000000000000000000000000000000000000000000000000362,0x0000000000000000000000000000000000000000000000000000000000000362,true
solc-0.8.36-develop.2026.5.7,solc-0.8.36-develop.2026.5.7,0xd86756dbb01e75a11aadacb75c8495759ed92033,optimized-high-runs,oeth-swap,0xcc7d5785ad5755b6164e21495e07adb0ff11c2a8,0x0000000000000000000000000000000000000000000000000000000000000024,0x000000000000000000000000000000000000000000000000000000000000f374,0x000000000000000000000000000000000000000000000000000000000000f374,true
solc-0.8.36-develop.2026.5.7,solc-0.8.36-develop.2026.5.7,0xd86756dbb01e75a11aadacb75c8495759ed92033,optimized-high-runs,oeth-swap,0xcc7d5785ad5755b6164e21495e07adb0ff11c2a8,0x0000000000000000000000000000000000000000000000000000000000000025,0x00000000000000000000000069fc797f00000000000000000000000069fc797f,0x00000000000000000000000069fc797f00000000000000000000000069fc797f,true
solc-0.8.36-develop.2026.5.7,solc-0.8.36-develop.2026.5.7,0xd86756dbb01e75a11aadacb75c8495759ed92033,optimized-high-runs,oeth-swap,0xe0554a476a092703abdb3ef35c80e0d76d32939f,0x0000000000000000000000000000000000000000000000000000000000000000,0x00014420002000111e03088200000000000050efb5b2a60a8cf190fd6f115021,0x00014420002000111e03088200000000000050efb5b2a60a8cf190fd6f115021,true
solc-0.8.36-develop.2026.5.7,solc-0.8.36-develop.2026.5.7,0xd86756dbb01e75a11aadacb75c8495759ed92033,optimized-high-runs,oeth-swap,0xe0554a476a092703abdb3ef35c80e0d76d32939f,0x0000000000000000000000000000000000000000000000000000000000000002,0x0000000000000000000000000000193bd94370cb7c58f20388c9cc043964818e,0x0000000000000000000000000000193bd94370cb7c58f20388c9cc043964818e,true
solc-0.8.36-develop.2026.5.7,solc-0.8.36-develop.2026.5.7,0xd86756dbb01e75a11aadacb75c8495759ed92033,optimized-high-runs,oeth-swap,0xe0554a476a092703abdb3ef35c80e0d76d32939f,0x0000000000000000000000000000000000000000000000000000000000000003,0x00000000000000000024d9acb81d82a3000000000000000000000000019f2a85,0x00000000000000000024d9acb81d82a3000000000000000000000000019f2a85,true
solc-0.8.36-develop.2026.5.7,solc-0.8.36-develop.2026.5.7,0xd86756dbb01e75a11aadacb75c8495759ed92033,optimized-high-runs,oeth-swap,0xe0554a476a092703abdb3ef35c80e0d76d32939f,0x0000000000000000000000000000000000000000000000000000000000000004,0x00000000000000000000000000000000000000000000000014d36b0d9b91bd96,0x00000000000000000000000000000000000000000000000014d36b0d9b91bd96,true
solc-0.8.36-develop.2026.5.7,solc-0.8.36-develop.2026.5.7,0xd86756dbb01e75a11aadacb75c8495759ed92033,optimized-high-runs,oeth-swap,0xe0554a476a092703abdb3ef35c80e0d76d32939f,0xdd15b80f06e298dcc59f43b6320b38dd8ec934c5a3bd98112efd3b24491158b2,0x0001000000002200082800000000040000000480000000000000600000000000,0x0001000000002200082800000000040000000480000000000000600000000000,true
solc-0.8.36-develop.2026.5.7,solc-0.8.36-develop.2026.5.7,0xd86756dbb01e75a11aadacb75c8495759ed92033,optimized-low-runs,oeth-swap,0x856c4efb76c1d1ae02e20ceb03a2a6a08b0b8dc3,0x000000000000000000000000000000000000000000000000000000000000009e,0x000000000000000000000000000000000000011e37ce23d7266923cb9f192be9,0x000000000000000000000000000000000000011e37ce23d7266923cb9f192be9,true
solc-0.8.36-develop.2026.5.7,solc-0.8.36-develop.2026.5.7,0xd86756dbb01e75a11aadacb75c8495759ed92033,optimized-low-runs,oeth-swap,0x856c4efb76c1d1ae02e20ceb03a2a6a08b0b8dc3,0x000000000000000000000000000000000000000000000000000000000000009f,0x000000000000000000000000000000000000000002ca3c57f542ec3fb70f990f,0x000000000000000000000000000000000000000002ca3c57f542ec3fb70f990f,true
solc-0.8.36-develop.2026.5.7,solc-0.8.36-develop.2026.5.7,0xd86756dbb01e75a11aadacb75c8495759ed92033,optimized-low-runs,oeth-swap,0x856c4efb76c1d1ae02e20ceb03a2a6a08b0b8dc3,0x00000000000000000000000000000000000000000000000000000000000000a0,0x000000000000000000000000000000000000000000000345bc11c9d057e0de0b,0x000000000000000000000000000000000000000000000345bc11c9d057e0de0b,true
solc-0.8.36-develop.2026.5.7,solc-0.8.36-develop.2026.5.7,0xd86756dbb01e75a11aadacb75c8495759ed92033,optimized-low-runs,oeth-swap,0x856c4efb76c1d1ae02e20ceb03a2a6a08b0b8dc3,0x06278d2d79eade39f7d8320bc86b0b7a9610e6d452e2c1b26abb51d5827e25ae,0x0000000000000000000000000000000000000000000000000de0b6b3a7640000,0x0000000000000000000000000000000000000000000000000de0b6b3a7640000,true
solc-0.8.36-develop.2026.5.7,solc-0.8.36-develop.2026.5.7,0xd86756dbb01e75a11aadacb75c8495759ed92033,optimized-low-runs,oeth-swap,0x856c4efb76c1d1ae02e20ceb03a2a6a08b0b8dc3,0x0753a0c62503cc26a150e0afff84d410196ec4beb58f19d5071f55ce058a8a28,0x0000000000000000000000000000000000000000000000000de0b6b3a7640000,0x0000000000000000000000000000000000000000000000000de0b6b3a7640000,true
solc-0.8.36-develop.2026.5.7,solc-0.8.36-develop.2026.5.7,0xd86756dbb01e75a11aadacb75c8495759ed92033,optimized-low-runs,oeth-swap,0x856c4efb76c1d1ae02e20ceb03a2a6a08b0b8dc3,0x10b6a7d48e7f38b189d2fad5dc7cab931fceddedf897bda26d4e7b2aeef312a0,0x0000000000000000000000000000000000000000000000000000000000000000,0x0000000000000000000000000000000000000000000000000000000000000000,true
solc-0.8.36-develop.2026.5.7,solc-0.8.36-develop.2026.5.7,0xd86756dbb01e75a11aadacb75c8495759ed92033,optimized-low-runs,oeth-swap,0x856c4efb76c1d1ae02e20ceb03a2a6a08b0b8dc3,0x360894a13ba1a3210667c828492db98dca3e2076cc3735a920a3ca505d382bbc,0x000000000000000000000000d86756dbb01e75a11aadacb75c8495759ed92033,0x000000000000000000000000d86756dbb01e75a11aadacb75c8495759ed92033,true
solc-0.8.36-develop.2026.5.7,solc-0.8.36-develop.2026.5.7,0xd86756dbb01e75a11aadacb75c8495759ed92033,optimized-low-runs,oeth-swap,0x856c4efb76c1d1ae02e20ceb03a2a6a08b0b8dc3,0x407ad37ef964e633985ee0d0dcde2ee75a80d35f43bfd57189c1005b114c318e,0x0000000000000000000000000000000000000000000000000000000000000001,0x0000000000000000000000000000000000000000000000000000000000000001,true
solc-0.8.36-develop.2026.5.7,solc-0.8.36-develop.2026.5.7,0xd86756dbb01e75a11aadacb75c8495759ed92033,optimized-low-runs,oeth-swap,0x856c4efb76c1d1ae02e20ceb03a2a6a08b0b8dc3,0x5b1125e5ac4e26944ccee5677b996a0c85f28c06f106668f7804071ccbc9cadb,0x0000000000000000000000000000000000000000000000000000000000000001,0x0000000000000000000000000000000000000000000000000000000000000001,true
solc-0.8.36-develop.2026.5.7,solc-0.8.36-develop.2026.5.7,0xd86756dbb01e75a11aadacb75c8495759ed92033,optimized-low-runs,oeth-swap,0x856c4efb76c1d1ae02e20ceb03a2a6a08b0b8dc3,0x7a97d82217dfd568a43d894c25fcf7a225e3a2eb552fb4347520e02c8e167386,0x0000000000000000000000000000000000000000000000000000000000000001,0x0000000000000000000000000000000000000000000000000000000000000001,true
solc-0.8.36-develop.2026.5.7,solc-0.8.36-develop.2026.5.7,0xd86756dbb01e75a11aadacb75c8495759ed92033,optimized-low-runs,oeth-swap,0x856c4efb76c1d1ae02e20ceb03a2a6a08b0b8dc3,0x83865c463c2a0fe1207794273db21e1208f4ef7d7c6132aa8738735a6ffe963c,0x0000000000000000000000000000000000000000000000000000000000000000,0x0000000000000000000000000000000000000000000000000000000000000000,true
solc-0.8.36-develop.2026.5.7,solc-0.8.36-develop.2026.5.7,0xd86756dbb01e75a11aadacb75c8495759ed92033,optimized-low-runs,oeth-swap,0x856c4efb76c1d1ae02e20ceb03a2a6a08b0b8dc3,0x884e46fccd08917c0958b746290aacf455da9d692adaea281b2660d5c33a847d,0x000000000000000000000000000000000000000000000333d6481e975413db36,0x000000000000000000000000000000000000000000000333d6481e975413db36,true
solc-0.8.36-develop.2026.5.7,solc-0.8.36-develop.2026.5.7,0xd86756dbb01e75a11aadacb75c8495759ed92033,optimized-low-runs,oeth-swap,0x856c4efb76c1d1ae02e20ceb03a2a6a08b0b8dc3,0x89222246ce98d6f0b0dad8d6b95e23aa36c135afa3fb88700e2004bd842764c8,0x0000000000000000000000000000000000000000000000000de0b6b3a7640000,0x0000000000000000000000000000000000000000000000000de0b6b3a7640000,true
solc-0.8.36-develop.2026.5.7,solc-0.8.36-develop.2026.5.7,0xd86756dbb01e75a11aadacb75c8495759ed92033,optimized-low-runs,oeth-swap,0x856c4efb76c1d1ae02e20ceb03a2a6a08b0b8dc3,0x90d1b89329a5572c9525e70da3876d4d9c4541af9c56fcd9df640e65efe50d2c,0xffffffffffffffffffffffffffffffffffffffffffffffffeea16785bd9b4488,0xffffffffffffffffffffffffffffffffffffffffffffffffeea16785bd9b4488,true
solc-0.8.36-develop.2026.5.7,solc-0.8.36-develop.2026.5.7,0xd86756dbb01e75a11aadacb75c8495759ed92033,optimized-low-runs,oeth-swap,0x856c4efb76c1d1ae02e20ceb03a2a6a08b0b8dc3,0x966279186d56a5b80ecf400ef6ffe2248b7f08cd30b5a00b243d542e6e086efb,0xfffffffffffffffffffffffffffffffffffffffffffffffde337b803aab38fb2,0xfffffffffffffffffffffffffffffffffffffffffffffffde337b803aab38fb2,true
solc-0.8.36-develop.2026.5.7,solc-0.8.36-develop.2026.5.7,0xd86756dbb01e75a11aadacb75c8495759ed92033,optimized-low-runs,oeth-swap,0x856c4efb76c1d1ae02e20ceb03a2a6a08b0b8dc3,0xdd09e1885ce2b5f231469d437ae7bbd27d656a8875f019b30b5b49f7eb2571b6,0x0000000000000000000000000000000000000000000000000000000000000001,0x0000000000000000000000000000000000000000000000000000000000000001,true
solc-0.8.36-develop.2026.5.7,solc-0.8.36-develop.2026.5.7,0xd86756dbb01e75a11aadacb75c8495759ed92033,optimized-low-runs,oeth-swap,0x856c4efb76c1d1ae02e20ceb03a2a6a08b0b8dc3,0xde3b3cc3ddacdbfd15f35016fde63e388b3cc49b32e56fc4a592e10bff0d03c4,0x0000000000000000000000000000000000000000000000000000000000000000,0x0000000000000000000000000000000000000000000000000000000000000000,true
solc-0.8.36-develop.2026.5.7,solc-0.8.36-develop.2026.5.7,0xd86756dbb01e75a11aadacb75c8495759ed92033,optimized-low-runs,oeth-swap,0x856c4efb76c1d1ae02e20ceb03a2a6a08b0b8dc3,0xe2a4eba4a02747b9bc37280272662fe2b27011c20a1c9fa70e89e9416625915f,0x0000000000000000000000000000000000000000000000000000000000000000,0x0000000000000000000000000000000000000000000000000000000000000000,true
solc-0.8.36-develop.2026.5.7,solc-0.8.36-develop.2026.5.7,0xd86756dbb01e75a11aadacb75c8495759ed92033,optimized-low-runs,oeth-swap,0x8f10b468b06c6fd214b65f87778827f7d113f996,0xba0a5ab76d98f9ac10ca45e75e95f468a2d74cf2262a11f750fdd59b147ea300,0x000000000000000000000000440c1a9786d3c6f09da46b6d42320e0cf2f336a7,0x000000000000000000000000440c1a9786d3c6f09da46b6d42320e0cf2f336a7,true
solc-0.8.36-develop.2026.5.7,solc-0.8.36-develop.2026.5.7,0xd86756dbb01e75a11aadacb75c8495759ed92033,optimized-low-runs,oeth-swap,0x8f10b468b06c6fd214b65f87778827f7d113f996,0xba0a5ab76d98f9ac10ca45e75e95f468a2d74cf2262a11f750fdd59b147ea301,0x0000000000000000000000002879df6a88b63893ee62ad3cb7f7231e776d6bd1,0x0000000000000000000000002879df6a88b63893ee62ad3cb7f7231e776d6bd1,true
solc-0.8.36-develop.2026.5.7,solc-0.8.36-develop.2026.5.7,0xd86756dbb01e75a11aadacb75c8495759ed92033,optimized-low-runs,oeth-swap,0x8f10b468b06c6fd214b65f87778827f7d113f996,0xffbf986452304d48456c54266f7e48ded559403517f44cb0dfc26d06c5671594,0x0000000000000000000000000000000000000000000000000000000000000001,0x0000000000000000000000000000000000000000000000000000000000000001,true
solc-0.8.36-develop.2026.5.7,solc-0.8.36-develop.2026.5.7,0xd86756dbb01e75a11aadacb75c8495759ed92033,optimized-low-runs,oeth-swap,0xa0b86991c6218b36c1d19d4a2e9eb0ce3606eb48,0x0000000000000000000000000000000000000000000000000000000000000001,0x0000000000000000000000004914f61d25e5c567143774b76edbf4d5109a8566,0x0000000000000000000000004914f61d25e5c567143774b76edbf4d5109a8566,true
solc-0.8.36-develop.2026.5.7,solc-0.8.36-develop.2026.5.7,0xd86756dbb01e75a11aadacb75c8495759ed92033,optimized-low-runs,oeth-swap,0xa0b86991c6218b36c1d19d4a2e9eb0ce3606eb48,0x0b219ffe427c0ddac81f948f6b040d01a68abc27cc1e2265ffd0be51d22a64e3,0x000000000000000000000000000000000000000000000000000000055a931379,0x000000000000000000000000000000000000000000000000000000055a931379,true
solc-0.8.36-develop.2026.5.7,solc-0.8.36-develop.2026.5.7,0xd86756dbb01e75a11aadacb75c8495759ed92033,optimized-low-runs,oeth-swap,0xa0b86991c6218b36c1d19d4a2e9eb0ce3606eb48,0x10d6a54a4754c8869d6886b5f5d7fbfa5b4522237ea5c60d11bc4e7a1ff9390b,0x000000000000000000000000807a96288a1a408dbc13de2b1d087d10356395d2,0x000000000000000000000000807a96288a1a408dbc13de2b1d087d10356395d2,true
solc-0.8.36-develop.2026.5.7,solc-0.8.36-develop.2026.5.7,0xd86756dbb01e75a11aadacb75c8495759ed92033,optimized-low-runs,oeth-swap,0xa0b86991c6218b36c1d19d4a2e9eb0ce3606eb48,0x7050c9e0f4ca769c69bd3a8ef740bc37934f8e2c036e5a723fd8ee048ed3f8c3,0x00000000000000000000000043506849d7c04f9138d1a2050bbf3a0c054402dd,0x00000000000000000000000043506849d7c04f9138d1a2050bbf3a0c054402dd,true
solc-0.8.36-develop.2026.5.7,solc-0.8.36-develop.2026.5.7,0xd86756dbb01e75a11aadacb75c8495759ed92033,optimized-low-runs,oeth-swap,0xa0b86991c6218b36c1d19d4a2e9eb0ce3606eb48,0x779c9819472c01b1921782a46d81546a773965e75983d1b6fb7ac7d13c565d2a,0x0000000000000000000000000000000000000000000000000000000005e7d4c3,0x0000000000000000000000000000000000000000000000000000000005e7d4c3,true
solc-0.8.36-develop.2026.5.7,solc-0.8.36-develop.2026.5.7,0xd86756dbb01e75a11aadacb75c8495759ed92033,optimized-low-runs,oeth-swap,0xa0b86991c6218b36c1d19d4a2e9eb0ce3606eb48,0xab4b104605792035a633b259fbf34bfb26f8897aa4038a46594f56ed9701ba86,0x0000000000000000000000000000000000000000000000000000000000000001,0x0000000000000000000000000000000000000000000000000000000000000001,true
solc-0.8.36-develop.2026.5.7,solc-0.8.36-develop.2026.5.7,0xd86756dbb01e75a11aadacb75c8495759ed92033,optimized-low-runs,oeth-swap,0xa0b86991c6218b36c1d19d4a2e9eb0ce3606eb48,0xb9f6591fc52eba3e15c8a35522a85e6d320e9084debe30399ae4770e63f89389,0x000000000000000000000000000000000000000000000000000003149321fd31,0x000000000000000000000000000000000000000000000000000003149321fd31,true
solc-0.8.36-develop.2026.5.7,solc-0.8.36-develop.2026.5.7,0xd86756dbb01e75a11aadacb75c8495759ed92033,optimized-low-runs,oeth-swap,0xc02aaa39b223fe8d0a0e5c4f27ead9083c756cc2,0x19b801df7d999cea8e6d7d7f7b2b0bb8ff07cb169b5922c61a5601805d4e5aa6,0x00000000000000000000000000000000000000000000005b020433e6cc71e80d,0x00000000000000000000000000000000000000000000005b020433e6cc71e80d,true
solc-0.8.36-develop.2026.5.7,solc-0.8.36-develop.2026.5.7,0xd86756dbb01e75a11aadacb75c8495759ed92033,optimized-low-runs,oeth-swap,0xc02aaa39b223fe8d0a0e5c4f27ead9083c756cc2,0x1f0e0281a6886fcc5970016274fd33e0bc0a86faa20ebb040c92db483b5c6f5c,0x0000000000000000000000000000000000000000000002c259df22e65605a467,0x0000000000000000000000000000000000000000000002c259df22e65605a467,true
solc-0.8.36-develop.2026.5.7,solc-0.8.36-develop.2026.5.7,0xd86756dbb01e75a11aadacb75c8495759ed92033,optimized-low-runs,oeth-swap,0xc02aaa39b223fe8d0a0e5c4f27ead9083c756cc2,0x4634fc03da90898d55a2251fce6745540dfdead239ee4086d917d3f2ff6f6716,0x0000000000000000000000000000000000000000000000000000000000000001,0x0000000000000000000000000000000000000000000000000000000000000001,true
solc-0.8.36-develop.2026.5.7,solc-0.8.36-develop.2026.5.7,0xd86756dbb01e75a11aadacb75c8495759ed92033,optimized-low-runs,oeth-swap,0xcc7d5785ad5755b6164e21495e07adb0ff11c2a8,0x0000000000000000000000000000000000000000000000000000000000000000,0x0000000000000000000000000000000000000000000000000000000000000003,0x0000000000000000000000000000000000000000000000000000000000000003,true
solc-0.8.36-develop.2026.5.7,solc-0.8.36-develop.2026.5.7,0xd86756dbb01e75a11aadacb75c8495759ed92033,optimized-low-runs,oeth-swap,0xcc7d5785ad5755b6164e21495e07adb0ff11c2a8,0x0000000000000000000000000000000000000000000000000000000000000001,0x0000000000000000000000000000000000000000000000000000000000000002,0x0000000000000000000000000000000000000000000000000000000000000002,true
solc-0.8.36-develop.2026.5.7,solc-0.8.36-develop.2026.5.7,0xd86756dbb01e75a11aadacb75c8495759ed92033,optimized-low-runs,oeth-swap,0xcc7d5785ad5755b6164e21495e07adb0ff11c2a8,0x0000000000000000000000000000000000000000000000000000000000000002,0x000000000000000000000000000000000000000000000333d6481e975413db36,0x000000000000000000000000000000000000000000000333d6481e975413db36,true
solc-0.8.36-develop.2026.5.7,solc-0.8.36-develop.2026.5.7,0xd86756dbb01e75a11aadacb75c8495759ed92033,optimized-low-runs,oeth-swap,0xcc7d5785ad5755b6164e21495e07adb0ff11c2a8,0x0000000000000000000000000000000000000000000000000000000000000003,0x0000000000000000000000000000000000000000000002c259df22e65605a467,0x0000000000000000000000000000000000000000000002c259df22e65605a467,true
solc-0.8.36-develop.2026.5.7,solc-0.8.36-develop.2026.5.7,0xd86756dbb01e75a11aadacb75c8495759ed92033,optimized-low-runs,oeth-swap,0xcc7d5785ad5755b6164e21495e07adb0ff11c2a8,0x000000000000000000000000000000000000000000000000000000000000000a,0x00000000000000000000000000000000000000000000000000000000000f4240,0x00000000000000000000000000000000000000000000000000000000000f4240,true
solc-0.8.36-develop.2026.5.7,solc-0.8.36-develop.2026.5.7,0xd86756dbb01e75a11aadacb75c8495759ed92033,optimized-low-runs,oeth-swap,0xcc7d5785ad5755b6164e21495e07adb0ff11c2a8,0x000000000000000000000000000000000000000000000000000000000000000b,0x000000000000000000000000000000000000000000000000000000174876e800,0x000000000000000000000000000000000000000000000000000000174876e800,true
solc-0.8.36-develop.2026.5.7,solc-0.8.36-develop.2026.5.7,0xd86756dbb01e75a11aadacb75c8495759ed92033,optimized-low-runs,oeth-swap,0xcc7d5785ad5755b6164e21495e07adb0ff11c2a8,0x000000000000000000000000000000000000000000000000000000000000000d,0x00000000000000000000000000000000000000000000000000000000000249f0,0x00000000000000000000000000000000000000000000000000000000000249f0,true
solc-0.8.36-develop.2026.5.7,solc-0.8.36-develop.2026.5.7,0xd86756dbb01e75a11aadacb75c8495759ed92033,optimized-low-runs,oeth-swap,0xcc7d5785ad5755b6164e21495e07adb0ff11c2a8,0x000000000000000000000000000000000000000000000000000000000000000f,0x0000000000000000000000000000000000000000000000000000000000000000,0x0000000000000000000000000000000000000000000000000000000000000000,true
solc-0.8.36-develop.2026.5.7,solc-0.8.36-develop.2026.5.7,0xd86756dbb01e75a11aadacb75c8495759ed92033,optimized-low-runs,oeth-swap,0xcc7d5785ad5755b6164e21495e07adb0ff11c2a8,0x0000000000000000000000000000000000000000000000000000000000000010,0x0000000000000000000000000000000000000000000000000000000000000002,0x0000000000000000000000000000000000000000000000000000000000000002,true
solc-0.8.36-develop.2026.5.7,solc-0.8.36-develop.2026.5.7,0xd86756dbb01e75a11aadacb75c8495759ed92033,optimized-low-runs,oeth-swap,0xcc7d5785ad5755b6164e21495e07adb0ff11c2a8,0x0000000000000000000000000000000000000000000000000000000000000011,0x000000000000000000000000000000000000000000000000001424f2c0d80eb4,0x000000000000000000000000000000000000000000000000001424f2c0d80eb4,true
solc-0.8.36-develop.2026.5.7,solc-0.8.36-develop.2026.5.7,0xd86756dbb01e75a11aadacb75c8495759ed92033,optimized-low-runs,oeth-swap,0xcc7d5785ad5755b6164e21495e07adb0ff11c2a8,0x0000000000000000000000000000000000000000000000000000000000000012,0x00000000000000000000000000000000000000000000000000035a32a7341c26,0x00000000000000000000000000000000000000000000000000035a32a7341c26,true
solc-0.8.36-develop.2026.5.7,solc-0.8.36-develop.2026.5.7,0xd86756dbb01e75a11aadacb75c8495759ed92033,optimized-low-runs,oeth-swap,0xcc7d5785ad5755b6164e21495e07adb0ff11c2a8,0x0000000000000000000000000000000000000000000000000000000000000019,0x0000000000000000000000000000000000000000000000000000000000000001,0x0000000000000000000000000000000000000000000000000000000000000001,true
solc-0.8.36-develop.2026.5.7,solc-0.8.36-develop.2026.5.7,0xd86756dbb01e75a11aadacb75c8495759ed92033,optimized-low-runs,oeth-swap,0xcc7d5785ad5755b6164e21495e07adb0ff11c2a8,0x000000000000000000000000000000000000000000000000000000000000001a,0x00000000000000000de11202337d4f2100000000000000000de111d26f18985b,0x00000000000000000de11202337d4f2100000000000000000de111d26f18985b,true
solc-0.8.36-develop.2026.5.7,solc-0.8.36-develop.2026.5.7,0xd86756dbb01e75a11aadacb75c8495759ed92033,optimized-low-runs,oeth-swap,0xcc7d5785ad5755b6164e21495e07adb0ff11c2a8,0x0000000000000000000000000000000000000000000000000000000000000022,0x00000000000005f79b442ad67448495500000000000005f62f567e948bb954c1,0x00000000000005f79b442ad67448495500000000000005f62f567e948bb954c1,true
solc-0.8.36-develop.2026.5.7,solc-0.8.36-develop.2026.5.7,0xd86756dbb01e75a11aadacb75c8495759ed92033,optimized-low-runs,oeth-swap,0xcc7d5785ad5755b6164e21495e07adb0ff11c2a8,0x0000000000000000000000000000000000000000000000000000000000000023,0x0000000000000000000000000000000000000000000000000000000000000362,0x0000000000000000000000000000000000000000000000000000000000000362,true
solc-0.8.36-develop.2026.5.7,solc-0.8.36-develop.2026.5.7,0xd86756dbb01e75a11aadacb75c8495759ed92033,optimized-low-runs,oeth-swap,0xcc7d5785ad5755b6164e21495e07adb0ff11c2a8,0x0000000000000000000000000000000000000000000000000000000000000024,0x000000000000000000000000000000000000000000000000000000000000f374,0x000000000000000000000000000000000000000000000000000000000000f374,true
solc-0.8.36-develop.2026.5.7,solc-0.8.36-develop.2026.5.7,0xd86756dbb01e75a11aadacb75c8495759ed92033,optimized-low-runs,oeth-swap,0xcc7d5785ad5755b6164e21495e07adb0ff11c2a8,0x0000000000000000000000000000000000000000000000000000000000000025,0x00000000000000000000000069fc797f00000000000000000000000069fc797f,0x00000000000000000000000069fc797f00000000000000000000000069fc797f,true
solc-0.8.36-develop.2026.5.7,solc-0.8.36-develop.2026.5.7,0xd86756dbb01e75a11aadacb75c8495759ed92033,optimized-low-runs,oeth-swap,0xe0554a476a092703abdb3ef35c80e0d76d32939f,0x0000000000000000000000000000000000000000000000000000000000000000,0x00014420002000111e03088200000000000050efb5b2a60a8cf190fd6f115021,0x00014420002000111e03088200000000000050efb5b2a60a8cf190fd6f115021,true
solc-0.8.36-develop.2026.5.7,solc-0.8.36-develop.2026.5.7,0xd86756dbb01e75a11aadacb75c8495759ed92033,optimized-low-runs,oeth-swap,0xe0554a476a092703abdb3ef35c80e0d76d32939f,0x0000000000000000000000000000000000000000000000000000000000000002,0x0000000000000000000000000000193bd94370cb7c58f20388c9cc043964818e,0x0000000000000000000000000000193bd94370cb7c58f20388c9cc043964818e,true
solc-0.8.36-develop.2026.5.7,solc-0.8.36-develop.2026.5.7,0xd86756dbb01e75a11aadacb75c8495759ed92033,optimized-low-runs,oeth-swap,0xe0554a476a092703abdb3ef35c80e0d76d32939f,0x0000000000000000000000000000000000000000000000000000000000000003,0x00000000000000000024d9acb81d82a3000000000000000000000000019f2a85,0x00000000000000000024d9acb81d82a3000000000000000000000000019f2a85,true
solc-0.8.36-develop.2026.5.7,solc-0.8.36-develop.2026.5.7,0xd86756dbb01e75a11aadacb75c8495759ed92033,optimized-low-runs,oeth-swap,0xe0554a476a092703abdb3ef35c80e0d76d32939f,0x0000000000000000000000000000000000000000000000000000000000000004,0x00000000000000000000000000000000000000000000000014d36b0d9b91bd96,0x00000000000000000000000000000000000000000000000014d36b0d9b91bd96,true
solc-0.8.36-develop.2026.5.7,solc-0.8.36-develop.2026.5.7,0xd86756dbb01e75a11aadacb75c8495759ed92033,optimized-low-runs,oeth-swap,0xe0554a476a092703abdb3ef35c80e0d76d32939f,0xdd15b80f06e298dcc59f43b6320b38dd8ec934c5a3bd98112efd3b24491158b2,0x0001000000002200082800000000040000000480000000000000600000000000,0x0001000000002200082800000000040000000480000000000000600000000000,true
solc-0.8.36-develop.2026.5.7,solc-0.8.36-develop.2026.5.7,0xd86756dbb01e75a11aadacb75c8495759ed92033,via-ir,oeth-swap,0x856c4efb76c1d1ae02e20ceb03a2a6a08b0b8dc3,0x000000000000000000000000000000000000000000000000000000000000009e,0x000000000000000000000000000000000000011e37ce23d7266923cb9f192be9,0x000000000000000000000000000000000000011e37ce23d7266923cb9f192be9,true
solc-0.8.36-develop.2026.5.7,solc-0.8.36-develop.2026.5.7,0xd86756dbb01e75a11aadacb75c8495759ed92033,via-ir,oeth-swap,0x856c4efb76c1d1ae02e20ceb03a2a6a08b0b8dc3,0x000000000000000000000000000000000000000000000000000000000000009f,0x000000000000000000000000000000000000000002ca3c57f542ec3fb70f990f,0x000000000000000000000000000000000000000002ca3c57f542ec3fb70f990f,true
solc-0.8.36-develop.2026.5.7,solc-0.8.36-develop.2026.5.7,0xd86756dbb01e75a11aadacb75c8495759ed92033,via-ir,oeth-swap,0x856c4efb76c1d1ae02e20ceb03a2a6a08b0b8dc3,0x00000000000000000000000000000000000000000000000000000000000000a0,0x000000000000000000000000000000000000000000000345bc11c9d057e0de0b,0x000000000000000000000000000000000000000000000345bc11c9d057e0de0b,true
solc-0.8.36-develop.2026.5.7,solc-0.8.36-develop.2026.5.7,0xd86756dbb01e75a11aadacb75c8495759ed92033,via-ir,oeth-swap,0x856c4efb76c1d1ae02e20ceb03a2a6a08b0b8dc3,0x06278d2d79eade39f7d8320bc86b0b7a9610e6d452e2c1b26abb51d5827e25ae,0x0000000000000000000000000000000000000000000000000de0b6b3a7640000,0x0000000000000000000000000000000000000000000000000de0b6b3a7640000,true
solc-0.8.36-develop.2026.5.7,solc-0.8.36-develop.2026.5.7,0xd86756dbb01e75a11aadacb75c8495759ed92033,via-ir,oeth-swap,0x856c4efb76c1d1ae02e20ceb03a2a6a08b0b8dc3,0x0753a0c62503cc26a150e0afff84d410196ec4beb58f19d5071f55ce058a8a28,0x0000000000000000000000000000000000000000000000000de0b6b3a7640000,0x0000000000000000000000000000000000000000000000000de0b6b3a7640000,true
solc-0.8.36-develop.2026.5.7,solc-0.8.36-develop.2026.5.7,0xd86756dbb01e75a11aadacb75c8495759ed92033,via-ir,oeth-swap,0x856c4efb76c1d1ae02e20ceb03a2a6a08b0b8dc3,0x10b6a7d48e7f38b189d2fad5dc7cab931fceddedf897bda26d4e7b2aeef312a0,0x0000000000000000000000000000000000000000000000000000000000000000,0x0000000000000000000000000000000000000000000000000000000000000000,true
solc-0.8.36-develop.2026.5.7,solc-0.8.36-develop.2026.5.7,0xd86756dbb01e75a11aadacb75c8495759ed92033,via-ir,oeth-swap,0x856c4efb76c1d1ae02e20ceb03a2a6a08b0b8dc3,0x360894a13ba1a3210667c828492db98dca3e2076cc3735a920a3ca505d382bbc,0x000000000000000000000000d86756dbb01e75a11aadacb75c8495759ed92033,0x000000000000000000000000d86756dbb01e75a11aadacb75c8495759ed92033,true
solc-0.8.36-develop.2026.5.7,solc-0.8.36-develop.2026.5.7,0xd86756dbb01e75a11aadacb75c8495759ed92033,via-ir,oeth-swap,0x856c4efb76c1d1ae02e20ceb03a2a6a08b0b8dc3,0x407ad37ef964e633985ee0d0dcde2ee75a80d35f43bfd57189c1005b114c318e,0x0000000000000000000000000000000000000000000000000000000000000001,0x0000000000000000000000000000000000000000000000000000000000000001,true
solc-0.8.36-develop.2026.5.7,solc-0.8.36-develop.2026.5.7,0xd86756dbb01e75a11aadacb75c8495759ed92033,via-ir,oeth-swap,0x856c4efb76c1d1ae02e20ceb03a2a6a08b0b8dc3,0x5b1125e5ac4e26944ccee5677b996a0c85f28c06f106668f7804071ccbc9cadb,0x0000000000000000000000000000000000000000000000000000000000000001,0x0000000000000000000000000000000000000000000000000000000000000001,true
solc-0.8.36-develop.2026.5.7,solc-0.8.36-develop.2026.5.7,0xd86756dbb01e75a11aadacb75c8495759ed92033,via-ir,oeth-swap,0x856c4efb76c1d1ae02e20ceb03a2a6a08b0b8dc3,0x7a97d82217dfd568a43d894c25fcf7a225e3a2eb552fb4347520e02c8e167386,0x0000000000000000000000000000000000000000000000000000000000000001,0x0000000000000000000000000000000000000000000000000000000000000001,true
solc-0.8.36-develop.2026.5.7,solc-0.8.36-develop.2026.5.7,0xd86756dbb01e75a11aadacb75c8495759ed92033,via-ir,oeth-swap,0x856c4efb76c1d1ae02e20ceb03a2a6a08b0b8dc3,0x83865c463c2a0fe1207794273db21e1208f4ef7d7c6132aa8738735a6ffe963c,0x0000000000000000000000000000000000000000000000000000000000000000,0x0000000000000000000000000000000000000000000000000000000000000000,true
solc-0.8.36-develop.2026.5.7,solc-0.8.36-develop.2026.5.7,0xd86756dbb01e75a11aadacb75c8495759ed92033,via-ir,oeth-swap,0x856c4efb76c1d1ae02e20ceb03a2a6a08b0b8dc3,0x884e46fccd08917c0958b746290aacf455da9d692adaea281b2660d5c33a847d,0x000000000000000000000000000000000000000000000333d6481e975413db36,0x000000000000000000000000000000000000000000000333d6481e975413db36,true
solc-0.8.36-develop.2026.5.7,solc-0.8.36-develop.2026.5.7,0xd86756dbb01e75a11aadacb75c8495759ed92033,via-ir,oeth-swap,0x856c4efb76c1d1ae02e20ceb03a2a6a08b0b8dc3,0x89222246ce98d6f0b0dad8d6b95e23aa36c135afa3fb88700e2004bd842764c8,0x0000000000000000000000000000000000000000000000000de0b6b3a7640000,0x0000000000000000000000000000000000000000000000000de0b6b3a7640000,true
solc-0.8.36-develop.2026.5.7,solc-0.8.36-develop.2026.5.7,0xd86756dbb01e75a11aadacb75c8495759ed92033,via-ir,oeth-swap,0x856c4efb76c1d1ae02e20ceb03a2a6a08b0b8dc3,0x90d1b89329a5572c9525e70da3876d4d9c4541af9c56fcd9df640e65efe50d2c,0xffffffffffffffffffffffffffffffffffffffffffffffffeea16785bd9b4488,0xffffffffffffffffffffffffffffffffffffffffffffffffeea16785bd9b4488,true
solc-0.8.36-develop.2026.5.7,solc-0.8.36-develop.2026.5.7,0xd86756dbb01e75a11aadacb75c8495759ed92033,via-ir,oeth-swap,0x856c4efb76c1d1ae02e20ceb03a2a6a08b0b8dc3,0x966279186d56a5b80ecf400ef6ffe2248b7f08cd30b5a00b243d542e6e086efb,0xfffffffffffffffffffffffffffffffffffffffffffffffde337b803aab38fb2,0xfffffffffffffffffffffffffffffffffffffffffffffffde337b803aab38fb2,true
solc-0.8.36-develop.2026.5.7,solc-0.8.36-develop.2026.5.7,0xd86756dbb01e75a11aadacb75c8495759ed92033,via-ir,oeth-swap,0x856c4efb76c1d1ae02e20ceb03a2a6a08b0b8dc3,0xdd09e1885ce2b5f231469d437ae7bbd27d656a8875f019b30b5b49f7eb2571b6,0x0000000000000000000000000000000000000000000000000000000000000001,0x0000000000000000000000000000000000000000000000000000000000000001,true
solc-0.8.36-develop.2026.5.7,solc-0.8.36-develop.2026.5.7,0xd86756dbb01e75a11aadacb75c8495759ed92033,via-ir,oeth-swap,0x856c4efb76c1d1ae02e20ceb03a2a6a08b0b8dc3,0xde3b3cc3ddacdbfd15f35016fde63e388b3cc49b32e56fc4a592e10bff0d03c4,0x0000000000000000000000000000000000000000000000000000000000000000,0x0000000000000000000000000000000000000000000000000000000000000000,true
solc-0.8.36-develop.2026.5.7,solc-0.8.36-develop.2026.5.7,0xd86756dbb01e75a11aadacb75c8495759ed92033,via-ir,oeth-swap,0x856c4efb76c1d1ae02e20ceb03a2a6a08b0b8dc3,0xe2a4eba4a02747b9bc37280272662fe2b27011c20a1c9fa70e89e9416625915f,0x0000000000000000000000000000000000000000000000000000000000000000,0x0000000000000000000000000000000000000000000000000000000000000000,true
solc-0.8.36-develop.2026.5.7,solc-0.8.36-develop.2026.5.7,0xd86756dbb01e75a11aadacb75c8495759ed92033,via-ir,oeth-swap,0x8f10b468b06c6fd214b65f87778827f7d113f996,0xba0a5ab76d98f9ac10ca45e75e95f468a2d74cf2262a11f750fdd59b147ea300,0x000000000000000000000000440c1a9786d3c6f09da46b6d42320e0cf2f336a7,0x000000000000000000000000440c1a9786d3c6f09da46b6d42320e0cf2f336a7,true
solc-0.8.36-develop.2026.5.7,solc-0.8.36-develop.2026.5.7,0xd86756dbb01e75a11aadacb75c8495759ed92033,via-ir,oeth-swap,0x8f10b468b06c6fd214b65f87778827f7d113f996,0xba0a5ab76d98f9ac10ca45e75e95f468a2d74cf2262a11f750fdd59b147ea301,0x0000000000000000000000002879df6a88b63893ee62ad3cb7f7231e776d6bd1,0x0000000000000000000000002879df6a88b63893ee62ad3cb7f7231e776d6bd1,true
solc-0.8.36-develop.2026.5.7,solc-0.8.36-develop.2026.5.7,0xd86756dbb01e75a11aadacb75c8495759ed92033,via-ir,oeth-swap,0x8f10b468b06c6fd214b65f87778827f7d113f996,0xffbf986452304d48456c54266f7e48ded559403517f44cb0dfc26d06c5671594,0x0000000000000000000000000000000000000000000000000000000000000001,0x0000000000000000000000000000000000000000000000000000000000000001,true
solc-0.8.36-develop.2026.5.7,solc-0.8.36-develop.2026.5.7,0xd86756dbb01e75a11aadacb75c8495759ed92033,via-ir,oeth-swap,0xa0b86991c6218b36c1d19d4a2e9eb0ce3606eb48,0x0000000000000000000000000000000000000000000000000000000000000001,0x0000000000000000000000004914f61d25e5c567143774b76edbf4d5109a8566,0x0000000000000000000000004914f61d25e5c567143774b76edbf4d5109a8566,true
solc-0.8.36-develop.2026.5.7,solc-0.8.36-develop.2026.5.7,0xd86756dbb01e75a11aadacb75c8495759ed92033,via-ir,oeth-swap,0xa0b86991c6218b36c1d19d4a2e9eb0ce3606eb48,0x0b219ffe427c0ddac81f948f6b040d01a68abc27cc1e2265ffd0be51d22a64e3,0x000000000000000000000000000000000000000000000000000000055a931379,0x000000000000000000000000000000000000000000000000000000055a931379,true
solc-0.8.36-develop.2026.5.7,solc-0.8.36-develop.2026.5.7,0xd86756dbb01e75a11aadacb75c8495759ed92033,via-ir,oeth-swap,0xa0b86991c6218b36c1d19d4a2e9eb0ce3606eb48,0x10d6a54a4754c8869d6886b5f5d7fbfa5b4522237ea5c60d11bc4e7a1ff9390b,0x000000000000000000000000807a96288a1a408dbc13de2b1d087d10356395d2,0x000000000000000000000000807a96288a1a408dbc13de2b1d087d10356395d2,true
solc-0.8.36-develop.2026.5.7,solc-0.8.36-develop.2026.5.7,0xd86756dbb01e75a11aadacb75c8495759ed92033,via-ir,oeth-swap,0xa0b86991c6218b36c1d19d4a2e9eb0ce3606eb48,0x7050c9e0f4ca769c69bd3a8ef740bc37934f8e2c036e5a723fd8ee048ed3f8c3,0x00000000000000000000000043506849d7c04f9138d1a2050bbf3a0c054402dd,0x00000000000000000000000043506849d7c04f9138d1a2050bbf3a0c054402dd,true
solc-0.8.36-develop.2026.5.7,solc-0.8.36-develop.2026.5.7,0xd86756dbb01e75a11aadacb75c8495759ed92033,via-ir,oeth-swap,0xa0b86991c6218b36c1d19d4a2e9eb0ce3606eb48,0x779c9819472c01b1921782a46d81546a773965e75983d1b6fb7ac7d13c565d2a,0x0000000000000000000000000000000000000000000000000000000005e7d4c3,0x0000000000000000000000000000000000000000000000000000000005e7d4c3,true
solc-0.8.36-develop.2026.5.7,solc-0.8.36-develop.2026.5.7,0xd86756dbb01e75a11aadacb75c8495759ed92033,via-ir,oeth-swap,0xa0b86991c6218b36c1d19d4a2e9eb0ce3606eb48,0xab4b104605792035a633b259fbf34bfb26f8897aa4038a46594f56ed9701ba86,0x0000000000000000000000000000000000000000000000000000000000000001,0x0000000000000000000000000000000000000000000000000000000000000001,true
solc-0.8.36-develop.2026.5.7,solc-0.8.36-develop.2026.5.7,0xd86756dbb01e75a11aadacb75c8495759ed92033,via-ir,oeth-swap,0xa0b86991c6218b36c1d19d4a2e9eb0ce3606eb48,0xb9f6591fc52eba3e15c8a35522a85e6d320e9084debe30399ae4770e63f89389,0x000000000000000000000000000000000000000000000000000003149321fd31,0x000000000000000000000000000000000000000000000000000003149321fd31,true
solc-0.8.36-develop.2026.5.7,solc-0.8.36-develop.2026.5.7,0xd86756dbb01e75a11aadacb75c8495759ed92033,via-ir,oeth-swap,0xc02aaa39b223fe8d0a0e5c4f27ead9083c756cc2,0x19b801df7d999cea8e6d7d7f7b2b0bb8ff07cb169b5922c61a5601805d4e5aa6,0x00000000000000000000000000000000000000000000005b020433e6cc71e80d,0x00000000000000000000000000000000000000000000005b020433e6cc71e80d,true
solc-0.8.36-develop.2026.5.7,solc-0.8.36-develop.2026.5.7,0xd86756dbb01e75a11aadacb75c8495759ed92033,via-ir,oeth-swap,0xc02aaa39b223fe8d0a0e5c4f27ead9083c756cc2,0x1f0e0281a6886fcc5970016274fd33e0bc0a86faa20ebb040c92db483b5c6f5c,0x0000000000000000000000000000000000000000000002c259df22e65605a467,0x0000000000000000000000000000000000000000000002c259df22e65605a467,true
solc-0.8.36-develop.2026.5.7,solc-0.8.36-develop.2026.5.7,0xd86756dbb01e75a11aadacb75c8495759ed92033,via-ir,oeth-swap,0xc02aaa39b223fe8d0a0e5c4f27ead9083c756cc2,0x4634fc03da90898d55a2251fce6745540dfdead239ee4086d917d3f2ff6f6716,0x0000000000000000000000000000000000000000000000000000000000000001,0x0000000000000000000000000000000000000000000000000000000000000001,true
solc-0.8.36-develop.2026.5.7,solc-0.8.36-develop.2026.5.7,0xd86756dbb01e75a11aadacb75c8495759ed92033,via-ir,oeth-swap,0xcc7d5785ad5755b6164e21495e07adb0ff11c2a8,0x0000000000000000000000000000000000000000000000000000000000000000,0x0000000000000000000000000000000000000000000000000000000000000003,0x0000000000000000000000000000000000000000000000000000000000000003,true
solc-0.8.36-develop.2026.5.7,solc-0.8.36-develop.2026.5.7,0xd86756dbb01e75a11aadacb75c8495759ed92033,via-ir,oeth-swap,0xcc7d5785ad5755b6164e21495e07adb0ff11c2a8,0x0000000000000000000000000000000000000000000000000000000000000001,0x0000000000000000000000000000000000000000000000000000000000000002,0x0000000000000000000000000000000000000000000000000000000000000002,true
solc-0.8.36-develop.2026.5.7,solc-0.8.36-develop.2026.5.7,0xd86756dbb01e75a11aadacb75c8495759ed92033,via-ir,oeth-swap,0xcc7d5785ad5755b6164e21495e07adb0ff11c2a8,0x0000000000000000000000000000000000000000000000000000000000000002,0x000000000000000000000000000000000000000000000333d6481e975413db36,0x000000000000000000000000000000000000000000000333d6481e975413db36,true
solc-0.8.36-develop.2026.5.7,solc-0.8.36-develop.2026.5.7,0xd86756dbb01e75a11aadacb75c8495759ed92033,via-ir,oeth-swap,0xcc7d5785ad5755b6164e21495e07adb0ff11c2a8,0x0000000000000000000000000000000000000000000000000000000000000003,0x0000000000000000000000000000000000000000000002c259df22e65605a467,0x0000000000000000000000000000000000000000000002c259df22e65605a467,true
solc-0.8.36-develop.2026.5.7,solc-0.8.36-develop.2026.5.7,0xd86756dbb01e75a11aadacb75c8495759ed92033,via-ir,oeth-swap,0xcc7d5785ad5755b6164e21495e07adb0ff11c2a8,0x000000000000000000000000000000000000000000000000000000000000000a,0x00000000000000000000000000000000000000000000000000000000000f4240,0x00000000000000000000000000000000000000000000000000000000000f4240,true
solc-0.8.36-develop.2026.5.7,solc-0.8.36-develop.2026.5.7,0xd86756dbb01e75a11aadacb75c8495759ed92033,via-ir,oeth-swap,0xcc7d5785ad5755b6164e21495e07adb0ff11c2a8,0x000000000000000000000000000000000000000000000000000000000000000b,0x000000000000000000000000000000000000000000000000000000174876e800,0x000000000000000000000000000000000000000000000000000000174876e800,true
solc-0.8.36-develop.2026.5.7,solc-0.8.36-develop.2026.5.7,0xd86756dbb01e75a11aadacb75c8495759ed92033,via-ir,oeth-swap,0xcc7d5785ad5755b6164e21495e07adb0ff11c2a8,0x000000000000000000000000000000000000000000000000000000000000000d,0x00000000000000000000000000000000000000000000000000000000000249f0,0x00000000000000000000000000000000000000000000000000000000000249f0,true
solc-0.8.36-develop.2026.5.7,solc-0.8.36-develop.2026.5.7,0xd86756dbb01e75a11aadacb75c8495759ed92033,via-ir,oeth-swap,0xcc7d5785ad5755b6164e21495e07adb0ff11c2a8,0x000000000000000000000000000000000000000000000000000000000000000f,0x0000000000000000000000000000000000000000000000000000000000000000,0x0000000000000000000000000000000000000000000000000000000000000000,true
solc-0.8.36-develop.2026.5.7,solc-0.8.36-develop.2026.5.7,0xd86756dbb01e75a11aadacb75c8495759ed92033,via-ir,oeth-swap,0xcc7d5785ad5755b6164e21495e07adb0ff11c2a8,0x0000000000000000000000000000000000000000000000000000000000000010,0x0000000000000000000000000000000000000000000000000000000000000002,0x0000000000000000000000000000000000000000000000000000000000000002,true
solc-0.8.36-develop.2026.5.7,solc-0.8.36-develop.2026.5.7,0xd86756dbb01e75a11aadacb75c8495759ed92033,via-ir,oeth-swap,0xcc7d5785ad5755b6164e21495e07adb0ff11c2a8,0x0000000000000000000000000000000000000000000000000000000000000011,0x000000000000000000000000000000000000000000000000001424f2c0d80eb4,0x000000000000000000000000000000000000000000000000001424f2c0d80eb4,true
solc-0.8.36-develop.2026.5.7,solc-0.8.36-develop.2026.5.7,0xd86756dbb01e75a11aadacb75c8495759ed92033,via-ir,oeth-swap,0xcc7d5785ad5755b6164e21495e07adb0ff11c2a8,0x0000000000000000000000000000000000000000000000000000000000000012,0x00000000000000000000000000000000000000000000000000035a32a7341c26,0x00000000000000000000000000000000000000000000000000035a32a7341c26,true
solc-0.8.36-develop.2026.5.7,solc-0.8.36-develop.2026.5.7,0xd86756dbb01e75a11aadacb75c8495759ed92033,via-ir,oeth-swap,0xcc7d5785ad5755b6164e21495e07adb0ff11c2a8,0x0000000000000000000000000000000000000000000000000000000000000019,0x0000000000000000000000000000000000000000000000000000000000000001,0x0000000000000000000000000000000000000000000000000000000000000001,true
solc-0.8.36-develop.2026.5.7,solc-0.8.36-develop.2026.5.7,0xd86756dbb01e75a11aadacb75c8495759ed92033,via-ir,oeth-swap,0xcc7d5785ad5755b6164e21495e07adb0ff11c2a8,0x000000000000000000000000000000000000000000000000000000000000001a,0x00000000000000000de11202337d4f2100000000000000000de111d26f18985b,0x00000000000000000de11202337d4f2100000000000000000de111d26f18985b,true
solc-0.8.36-develop.2026.5.7,solc-0.8.36-develop.2026.5.7,0xd86756dbb01e75a11aadacb75c8495759ed92033,via-ir,oeth-swap,0xcc7d5785ad5755b6164e21495e07adb0ff11c2a8,0x0000000000000000000000000000000000000000000000000000000000000022,0x00000000000005f79b442ad67448495500000000000005f62f567e948bb954c1,0x00000000000005f79b442ad67448495500000000000005f62f567e948bb954c1,true
solc-0.8.36-develop.2026.5.7,solc-0.8.36-develop.2026.5.7,0xd86756dbb01e75a11aadacb75c8495759ed92033,via-ir,oeth-swap,0xcc7d5785ad5755b6164e21495e07adb0ff11c2a8,0x0000000000000000000000000000000000000000000000000000000000000023,0x0000000000000000000000000000000000000000000000000000000000000362,0x0000000000000000000000000000000000000000000000000000000000000362,true
solc-0.8.36-develop.2026.5.7,solc-0.8.36-develop.2026.5.7,0xd86756dbb01e75a11aadacb75c8495759ed92033,via-ir,oeth-swap,0xcc7d5785ad5755b6164e21495e07adb0ff11c2a8,0x0000000000000000000000000000000000000000000000000000000000000024,0x000000000000000000000000000000000000000000000000000000000000f374,0x000000000000000000000000000000000000000000000000000000000000f374,true
solc-0.8.36-develop.2026.5.7,solc-0.8.36-develop.2026.5.7,0xd86756dbb01e75a11aadacb75c8495759ed92033,via-ir,oeth-swap,0xcc7d5785ad5755b6164e21495e07adb0ff11c2a8,0x0000000000000000000000000000000000000000000000000000000000000025,0x00000000000000000000000069fc797f00000000000000000000000069fc797f,0x00000000000000000000000069fc797f00000000000000000000000069fc797f,true
solc-0.8.36-develop.2026.5.7,solc-0.8.36-develop.2026.5.7,0xd86756dbb01e75a11aadacb75c8495759ed92033,via-ir,oeth-swap,0xe0554a476a092703abdb3ef35c80e0d76d32939f,0x0000000000000000000000000000000000000000000000000000000000000000,0x00014420002000111e03088200000000000050efb5b2a60a8cf190fd6f115021,0x00014420002000111e03088200000000000050efb5b2a60a8cf190fd6f115021,true
solc-0.8.36-develop.2026.5.7,solc-0.8.36-develop.2026.5.7,0xd86756dbb01e75a11aadacb75c8495759ed92033,via-ir,oeth-swap,0xe0554a476a092703abdb3ef35c80e0d76d32939f,0x0000000000000000000000000000000000000000000000000000000000000002,0x0000000000000000000000000000193bd94370cb7c58f20388c9cc043964818e,0x0000000000000000000000000000193bd94370cb7c58f20388c9cc043964818e,true
solc-0.8.36-develop.2026.5.7,solc-0.8.36-develop.2026.5.7,0xd86756dbb01e75a11aadacb75c8495759ed92033,via-ir,oeth-swap,0xe0554a476a092703abdb3ef35c80e0d76d32939f,0x0000000000000000000000000000000000000000000000000000000000000003,0x00000000000000000024d9acb81d82a3000000000000000000000000019f2a85,0x00000000000000000024d9acb81d82a3000000000000000000000000019f2a85,true
solc-0.8.36-develop.2026.5.7,solc-0.8.36-develop.2026.5.7,0xd86756dbb01e75a11aadacb75c8495759ed92033,via-ir,oeth-swap,0xe0554a476a092703abdb3ef35c80e0d76d32939f,0x0000000000000000000000000000000000000000000000000000000000000004,0x00000000000000000000000000000000000000000000000014d36b0d9b91bd96,0x00000000000000000000000000000000000000000000000014d36b0d9b91bd96,true
solc-0.8.36-develop.2026.5.7,solc-0.8.36-develop.2026.5.7,0xd86756dbb01e75a11aadacb75c8495759ed92033,via-ir,oeth-swap,0xe0554a476a092703abdb3ef35c80e0d76d32939f,0xdd15b80f06e298dcc59f43b6320b38dd8ec934c5a3bd98112efd3b24491158b2,0x0001000000002200082800000000040000000480000000000000600000000000,0x0001000000002200082800000000040000000480000000000000600000000000,true
solc-0.8.36-develop.2026.5.7,solc-0.8.36-develop.2026.5.7,0xd86756dbb01e75a11aadacb75c8495759ed92033,via-ir-high-runs,oeth-swap,0x856c4efb76c1d1ae02e20ceb03a2a6a08b0b8dc3,0x000000000000000000000000000000000000000000000000000000000000009e,0x000000000000000000000000000000000000011e37ce23d7266923cb9f192be9,0x000000000000000000000000000000000000011e37ce23d7266923cb9f192be9,true
solc-0.8.36-develop.2026.5.7,solc-0.8.36-develop.2026.5.7,0xd86756dbb01e75a11aadacb75c8495759ed92033,via-ir-high-runs,oeth-swap,0x856c4efb76c1d1ae02e20ceb03a2a6a08b0b8dc3,0x000000000000000000000000000000000000000000000000000000000000009f,0x000000000000000000000000000000000000000002ca3c57f542ec3fb70f990f,0x000000000000000000000000000000000000000002ca3c57f542ec3fb70f990f,true
solc-0.8.36-develop.2026.5.7,solc-0.8.36-develop.2026.5.7,0xd86756dbb01e75a11aadacb75c8495759ed92033,via-ir-high-runs,oeth-swap,0x856c4efb76c1d1ae02e20ceb03a2a6a08b0b8dc3,0x00000000000000000000000000000000000000000000000000000000000000a0,0x000000000000000000000000000000000000000000000345bc11c9d057e0de0b,0x000000000000000000000000000000000000000000000345bc11c9d057e0de0b,true
solc-0.8.36-develop.2026.5.7,solc-0.8.36-develop.2026.5.7,0xd86756dbb01e75a11aadacb75c8495759ed92033,via-ir-high-runs,oeth-swap,0x856c4efb76c1d1ae02e20ceb03a2a6a08b0b8dc3,0x06278d2d79eade39f7d8320bc86b0b7a9610e6d452e2c1b26abb51d5827e25ae,0x0000000000000000000000000000000000000000000000000de0b6b3a7640000,0x0000000000000000000000000000000000000000000000000de0b6b3a7640000,true
solc-0.8.36-develop.2026.5.7,solc-0.8.36-develop.2026.5.7,0xd86756dbb01e75a11aadacb75c8495759ed92033,via-ir-high-runs,oeth-swap,0x856c4efb76c1d1ae02e20ceb03a2a6a08b0b8dc3,0x0753a0c62503cc26a150e0afff84d410196ec4beb58f19d5071f55ce058a8a28,0x0000000000000000000000000000000000000000000000000de0b6b3a7640000,0x0000000000000000000000000000000000000000000000000de0b6b3a7640000,true
solc-0.8.36-develop.2026.5.7,solc-0.8.36-develop.2026.5.7,0xd86756dbb01e75a11aadacb75c8495759ed92033,via-ir-high-runs,oeth-swap,0x856c4efb76c1d1ae02e20ceb03a2a6a08b0b8dc3,0x10b6a7d48e7f38b189d2fad5dc7cab931fceddedf897bda26d4e7b2aeef312a0,0x0000000000000000000000000000000000000000000000000000000000000000,0x0000000000000000000000000000000000000000000000000000000000000000,true
solc-0.8.36-develop.2026.5.7,solc-0.8.36-develop.2026.5.7,0xd86756dbb01e75a11aadacb75c8495759ed92033,via-ir-high-runs,oeth-swap,0x856c4efb76c1d1ae02e20ceb03a2a6a08b0b8dc3,0x360894a13ba1a3210667c828492db98dca3e2076cc3735a920a3ca505d382bbc,0x000000000000000000000000d86756dbb01e75a11aadacb75c8495759ed92033,0x000000000000000000000000d86756dbb01e75a11aadacb75c8495759ed92033,true
solc-0.8.36-develop.2026.5.7,solc-0.8.36-develop.2026.5.7,0xd86756dbb01e75a11aadacb75c8495759ed92033,via-ir-high-runs,oeth-swap,0x856c4efb76c1d1ae02e20ceb03a2a6a08b0b8dc3,0x407ad37ef964e633985ee0d0dcde2ee75a80d35f43bfd57189c1005b114c318e,0x0000000000000000000000000000000000000000000000000000000000000001,0x0000000000000000000000000000000000000000000000000000000000000001,true
solc-0.8.36-develop.2026.5.7,solc-0.8.36-develop.2026.5.7,0xd86756dbb01e75a11aadacb75c8495759ed92033,via-ir-high-runs,oeth-swap,0x856c4efb76c1d1ae02e20ceb03a2a6a08b0b8dc3,0x5b1125e5ac4e26944ccee5677b996a0c85f28c06f106668f7804071ccbc9cadb,0x0000000000000000000000000000000000000000000000000000000000000001,0x0000000000000000000000000000000000000000000000000000000000000001,true
solc-0.8.36-develop.2026.5.7,solc-0.8.36-develop.2026.5.7,0xd86756dbb01e75a11aadacb75c8495759ed92033,via-ir-high-runs,oeth-swap,0x856c4efb76c1d1ae02e20ceb03a2a6a08b0b8dc3,0x7a97d82217dfd568a43d894c25fcf7a225e3a2eb552fb4347520e02c8e167386,0x0000000000000000000000000000000000000000000000000000000000000001,0x0000000000000000000000000000000000000000000000000000000000000001,true
solc-0.8.36-develop.2026.5.7,solc-0.8.36-develop.2026.5.7,0xd86756dbb01e75a11aadacb75c8495759ed92033,via-ir-high-runs,oeth-swap,0x856c4efb76c1d1ae02e20ceb03a2a6a08b0b8dc3,0x83865c463c2a0fe1207794273db21e1208f4ef7d7c6132aa8738735a6ffe963c,0x0000000000000000000000000000000000000000000000000000000000000000,0x0000000000000000000000000000000000000000000000000000000000000000,true
solc-0.8.36-develop.2026.5.7,solc-0.8.36-develop.2026.5.7,0xd86756dbb01e75a11aadacb75c8495759ed92033,via-ir-high-runs,oeth-swap,0x856c4efb76c1d1ae02e20ceb03a2a6a08b0b8dc3,0x884e46fccd08917c0958b746290aacf455da9d692adaea281b2660d5c33a847d,0x000000000000000000000000000000000000000000000333d6481e975413db36,0x000000000000000000000000000000000000000000000333d6481e975413db36,true
solc-0.8.36-develop.2026.5.7,solc-0.8.36-develop.2026.5.7,0xd86756dbb01e75a11aadacb75c8495759ed92033,via-ir-high-runs,oeth-swap,0x856c4efb76c1d1ae02e20ceb03a2a6a08b0b8dc3,0x89222246ce98d6f0b0dad8d6b95e23aa36c135afa3fb88700e2004bd842764c8,0x0000000000000000000000000000000000000000000000000de0b6b3a7640000,0x0000000000000000000000000000000000000000000000000de0b6b3a7640000,true
solc-0.8.36-develop.2026.5.7,solc-0.8.36-develop.2026.5.7,0xd86756dbb01e75a11aadacb75c8495759ed92033,via-ir-high-runs,oeth-swap,0x856c4efb76c1d1ae02e20ceb03a2a6a08b0b8dc3,0x90d1b89329a5572c9525e70da3876d4d9c4541af9c56fcd9df640e65efe50d2c,0xffffffffffffffffffffffffffffffffffffffffffffffffeea16785bd9b4488,0xffffffffffffffffffffffffffffffffffffffffffffffffeea16785bd9b4488,true
solc-0.8.36-develop.2026.5.7,solc-0.8.36-develop.2026.5.7,0xd86756dbb01e75a11aadacb75c8495759ed92033,via-ir-high-runs,oeth-swap,0x856c4efb76c1d1ae02e20ceb03a2a6a08b0b8dc3,0x966279186d56a5b80ecf400ef6ffe2248b7f08cd30b5a00b243d542e6e086efb,0xfffffffffffffffffffffffffffffffffffffffffffffffde337b803aab38fb2,0xfffffffffffffffffffffffffffffffffffffffffffffffde337b803aab38fb2,true
solc-0.8.36-develop.2026.5.7,solc-0.8.36-develop.2026.5.7,0xd86756dbb01e75a11aadacb75c8495759ed92033,via-ir-high-runs,oeth-swap,0x856c4efb76c1d1ae02e20ceb03a2a6a08b0b8dc3,0xdd09e1885ce2b5f231469d437ae7bbd27d656a8875f019b30b5b49f7eb2571b6,0x0000000000000000000000000000000000000000000000000000000000000001,0x0000000000000000000000000000000000000000000000000000000000000001,true
solc-0.8.36-develop.2026.5.7,solc-0.8.36-develop.2026.5.7,0xd86756dbb01e75a11aadacb75c8495759ed92033,via-ir-high-runs,oeth-swap,0x856c4efb76c1d1ae02e20ceb03a2a6a08b0b8dc3,0xde3b3cc3ddacdbfd15f35016fde63e388b3cc49b32e56fc4a592e10bff0d03c4,0x0000000000000000000000000000000000000000000000000000000000000000,0x0000000000000000000000000000000000000000000000000000000000000000,true
solc-0.8.36-develop.2026.5.7,solc-0.8.36-develop.2026.5.7,0xd86756dbb01e75a11aadacb75c8495759ed92033,via-ir-high-runs,oeth-swap,0x856c4efb76c1d1ae02e20ceb03a2a6a08b0b8dc3,0xe2a4eba4a02747b9bc37280272662fe2b27011c20a1c9fa70e89e9416625915f,0x0000000000000000000000000000000000000000000000000000000000000000,0x0000000000000000000000000000000000000000000000000000000000000000,true
solc-0.8.36-develop.2026.5.7,solc-0.8.36-develop.2026.5.7,0xd86756dbb01e75a11aadacb75c8495759ed92033,via-ir-high-runs,oeth-swap,0x8f10b468b06c6fd214b65f87778827f7d113f996,0xba0a5ab76d98f9ac10ca45e75e95f468a2d74cf2262a11f750fdd59b147ea300,0x000000000000000000000000440c1a9786d3c6f09da46b6d42320e0cf2f336a7,0x000000000000000000000000440c1a9786d3c6f09da46b6d42320e0cf2f336a7,true
solc-0.8.36-develop.2026.5.7,solc-0.8.36-develop.2026.5.7,0xd86756dbb01e75a11aadacb75c8495759ed92033,via-ir-high-runs,oeth-swap,0x8f10b468b06c6fd214b65f87778827f7d113f996,0xba0a5ab76d98f9ac10ca45e75e95f468a2d74cf2262a11f750fdd59b147ea301,0x0000000000000000000000002879df6a88b63893ee62ad3cb7f7231e776d6bd1,0x0000000000000000000000002879df6a88b63893ee62ad3cb7f7231e776d6bd1,true
solc-0.8.36-develop.2026.5.7,solc-0.8.36-develop.2026.5.7,0xd86756dbb01e75a11aadacb75c8495759ed92033,via-ir-high-runs,oeth-swap,0x8f10b468b06c6fd214b65f87778827f7d113f996,0xffbf986452304d48456c54266f7e48ded559403517f44cb0dfc26d06c5671594,0x0000000000000000000000000000000000000000000000000000000000000001,0x0000000000000000000000000000000000000000000000000000000000000001,true
solc-0.8.36-develop.2026.5.7,solc-0.8.36-develop.2026.5.7,0xd86756dbb01e75a11aadacb75c8495759ed92033,via-ir-high-runs,oeth-swap,0xa0b86991c6218b36c1d19d4a2e9eb0ce3606eb48,0x0000000000000000000000000000000000000000000000000000000000000001,0x0000000000000000000000004914f61d25e5c567143774b76edbf4d5109a8566,0x0000000000000000000000004914f61d25e5c567143774b76edbf4d5109a8566,true
solc-0.8.36-develop.2026.5.7,solc-0.8.36-develop.2026.5.7,0xd86756dbb01e75a11aadacb75c8495759ed92033,via-ir-high-runs,oeth-swap,0xa0b86991c6218b36c1d19d4a2e9eb0ce3606eb48,0x0b219ffe427c0ddac81f948f6b040d01a68abc27cc1e2265ffd0be51d22a64e3,0x000000000000000000000000000000000000000000000000000000055a931379,0x000000000000000000000000000000000000000000000000000000055a931379,true
solc-0.8.36-develop.2026.5.7,solc-0.8.36-develop.2026.5.7,0xd86756dbb01e75a11aadacb75c8495759ed92033,via-ir-high-runs,oeth-swap,0xa0b86991c6218b36c1d19d4a2e9eb0ce3606eb48,0x10d6a54a4754c8869d6886b5f5d7fbfa5b4522237ea5c60d11bc4e7a1ff9390b,0x000000000000000000000000807a96288a1a408dbc13de2b1d087d10356395d2,0x000000000000000000000000807a96288a1a408dbc13de2b1d087d10356395d2,true
solc-0.8.36-develop.2026.5.7,solc-0.8.36-develop.2026.5.7,0xd86756dbb01e75a11aadacb75c8495759ed92033,via-ir-high-runs,oeth-swap,0xa0b86991c6218b36c1d19d4a2e9eb0ce3606eb48,0x7050c9e0f4ca769c69bd3a8ef740bc37934f8e2c036e5a723fd8ee048ed3f8c3,0x00000000000000000000000043506849d7c04f9138d1a2050bbf3a0c054402dd,0x00000000000000000000000043506849d7c04f9138d1a2050bbf3a0c054402dd,true
solc-0.8.36-develop.2026.5.7,solc-0.8.36-develop.2026.5.7,0xd86756dbb01e75a11aadacb75c8495759ed92033,via-ir-high-runs,oeth-swap,0xa0b86991c6218b36c1d19d4a2e9eb0ce3606eb48,0x779c9819472c01b1921782a46d81546a773965e75983d1b6fb7ac7d13c565d2a,0x0000000000000000000000000000000000000000000000000000000005e7d4c3,0x0000000000000000000000000000000000000000000000000000000005e7d4c3,true
solc-0.8.36-develop.2026.5.7,solc-0.8.36-develop.2026.5.7,0xd86756dbb01e75a11aadacb75c8495759ed92033,via-ir-high-runs,oeth-swap,0xa0b86991c6218b36c1d19d4a2e9eb0ce3606eb48,0xab4b104605792035a633b259fbf34bfb26f8897aa4038a46594f56ed9701ba86,0x0000000000000000000000000000000000000000000000000000000000000001,0x0000000000000000000000000000000000000000000000000000000000000001,true
solc-0.8.36-develop.2026.5.7,solc-0.8.36-develop.2026.5.7,0xd86756dbb01e75a11aadacb75c8495759ed92033,via-ir-high-runs,oeth-swap,0xa0b86991c6218b36c1d19d4a2e9eb0ce3606eb48,0xb9f6591fc52eba3e15c8a35522a85e6d320e9084debe30399ae4770e63f89389,0x000000000000000000000000000000000000000000000000000003149321fd31,0x000000000000000000000000000000000000000000000000000003149321fd31,true
solc-0.8.36-develop.2026.5.7,solc-0.8.36-develop.2026.5.7,0xd86756dbb01e75a11aadacb75c8495759ed92033,via-ir-high-runs,oeth-swap,0xc02aaa39b223fe8d0a0e5c4f27ead9083c756cc2,0x19b801df7d999cea8e6d7d7f7b2b0bb8ff07cb169b5922c61a5601805d4e5aa6,0x00000000000000000000000000000000000000000000005b020433e6cc71e80d,0x00000000000000000000000000000000000000000000005b020433e6cc71e80d,true
solc-0.8.36-develop.2026.5.7,solc-0.8.36-develop.2026.5.7,0xd86756dbb01e75a11aadacb75c8495759ed92033,via-ir-high-runs,oeth-swap,0xc02aaa39b223fe8d0a0e5c4f27ead9083c756cc2,0x1f0e0281a6886fcc5970016274fd33e0bc0a86faa20ebb040c92db483b5c6f5c,0x0000000000000000000000000000000000000000000002c259df22e65605a467,0x0000000000000000000000000000000000000000000002c259df22e65605a467,true
solc-0.8.36-develop.2026.5.7,solc-0.8.36-develop.2026.5.7,0xd86756dbb01e75a11aadacb75c8495759ed92033,via-ir-high-runs,oeth-swap,0xc02aaa39b223fe8d0a0e5c4f27ead9083c756cc2,0x4634fc03da90898d55a2251fce6745540dfdead239ee4086d917d3f2ff6f6716,0x0000000000000000000000000000000000000000000000000000000000000001,0x0000000000000000000000000000000000000000000000000000000000000001,true
solc-0.8.36-develop.2026.5.7,solc-0.8.36-develop.2026.5.7,0xd86756dbb01e75a11aadacb75c8495759ed92033,via-ir-high-runs,oeth-swap,0xcc7d5785ad5755b6164e21495e07adb0ff11c2a8,0x0000000000000000000000000000000000000000000000000000000000000000,0x0000000000000000000000000000000000000000000000000000000000000003,0x0000000000000000000000000000000000000000000000000000000000000003,true
solc-0.8.36-develop.2026.5.7,solc-0.8.36-develop.2026.5.7,0xd86756dbb01e75a11aadacb75c8495759ed92033,via-ir-high-runs,oeth-swap,0xcc7d5785ad5755b6164e21495e07adb0ff11c2a8,0x0000000000000000000000000000000000000000000000000000000000000001,0x0000000000000000000000000000000000000000000000000000000000000002,0x0000000000000000000000000000000000000000000000000000000000000002,true
solc-0.8.36-develop.2026.5.7,solc-0.8.36-develop.2026.5.7,0xd86756dbb01e75a11aadacb75c8495759ed92033,via-ir-high-runs,oeth-swap,0xcc7d5785ad5755b6164e21495e07adb0ff11c2a8,0x0000000000000000000000000000000000000000000000000000000000000002,0x000000000000000000000000000000000000000000000333d6481e975413db36,0x000000000000000000000000000000000000000000000333d6481e975413db36,true
solc-0.8.36-develop.2026.5.7,solc-0.8.36-develop.2026.5.7,0xd86756dbb01e75a11aadacb75c8495759ed92033,via-ir-high-runs,oeth-swap,0xcc7d5785ad5755b6164e21495e07adb0ff11c2a8,0x0000000000000000000000000000000000000000000000000000000000000003,0x0000000000000000000000000000000000000000000002c259df22e65605a467,0x0000000000000000000000000000000000000000000002c259df22e65605a467,true
solc-0.8.36-develop.2026.5.7,solc-0.8.36-develop.2026.5.7,0xd86756dbb01e75a11aadacb75c8495759ed92033,via-ir-high-runs,oeth-swap,0xcc7d5785ad5755b6164e21495e07adb0ff11c2a8,0x000000000000000000000000000000000000000000000000000000000000000a,0x00000000000000000000000000000000000000000000000000000000000f4240,0x00000000000000000000000000000000000000000000000000000000000f4240,true
solc-0.8.36-develop.2026.5.7,solc-0.8.36-develop.2026.5.7,0xd86756dbb01e75a11aadacb75c8495759ed92033,via-ir-high-runs,oeth-swap,0xcc7d5785ad5755b6164e21495e07adb0ff11c2a8,0x000000000000000000000000000000000000000000000000000000000000000b,0x000000000000000000000000000000000000000000000000000000174876e800,0x000000000000000000000000000000000000000000000000000000174876e800,true
solc-0.8.36-develop.2026.5.7,solc-0.8.36-develop.2026.5.7,0xd86756dbb01e75a11aadacb75c8495759ed92033,via-ir-high-runs,oeth-swap,0xcc7d5785ad5755b6164e21495e07adb0ff11c2a8,0x000000000000000000000000000000000000000000000000000000000000000d,0x00000000000000000000000000000000000000000000000000000000000249f0,0x00000000000000000000000000000000000000000000000000000000000249f0,true
solc-0.8.36-develop.2026.5.7,solc-0.8.36-develop.2026.5.7,0xd86756dbb01e75a11aadacb75c8495759ed92033,via-ir-high-runs,oeth-swap,0xcc7d5785ad5755b6164e21495e07adb0ff11c2a8,0x000000000000000000000000000000000000000000000000000000000000000f,0x0000000000000000000000000000000000000000000000000000000000000000,0x0000000000000000000000000000000000000000000000000000000000000000,true
solc-0.8.36-develop.2026.5.7,solc-0.8.36-develop.2026.5.7,0xd86756dbb01e75a11aadacb75c8495759ed92033,via-ir-high-runs,oeth-swap,0xcc7d5785ad5755b6164e21495e07adb0ff11c2a8,0x0000000000000000000000000000000000000000000000000000000000000010,0x0000000000000000000000000000000000000000000000000000000000000002,0x0000000000000000000000000000000000000000000000000000000000000002,true
solc-0.8.36-develop.2026.5.7,solc-0.8.36-develop.2026.5.7,0xd86756dbb01e75a11aadacb75c8495759ed92033,via-ir-high-runs,oeth-swap,0xcc7d5785ad5755b6164e21495e07adb0ff11c2a8,0x0000000000000000000000000000000000000000000000000000000000000011,0x000000000000000000000000000000000000000000000000001424f2c0d80eb4,0x000000000000000000000000000000000000000000000000001424f2c0d80eb4,true
solc-0.8.36-develop.2026.5.7,solc-0.8.36-develop.2026.5.7,0xd86756dbb01e75a11aadacb75c8495759ed92033,via-ir-high-runs,oeth-swap,0xcc7d5785ad5755b6164e21495e07adb0ff11c2a8,0x0000000000000000000000000000000000000000000000000000000000000012,0x00000000000000000000000000000000000000000000000000035a32a7341c26,0x00000000000000000000000000000000000000000000000000035a32a7341c26,true
solc-0.8.36-develop.2026.5.7,solc-0.8.36-develop.2026.5.7,0xd86756dbb01e75a11aadacb75c8495759ed92033,via-ir-high-runs,oeth-swap,0xcc7d5785ad5755b6164e21495e07adb0ff11c2a8,0x0000000000000000000000000000000000000000000000000000000000000019,0x0000000000000000000000000000000000000000000000000000000000000001,0x0000000000000000000000000000000000000000000000000000000000000001,true
solc-0.8.36-develop.2026.5.7,solc-0.8.36-develop.2026.5.7,0xd86756dbb01e75a11aadacb75c8495759ed92033,via-ir-high-runs,oeth-swap,0xcc7d5785ad5755b6164e21495e07adb0ff11c2a8,0x000000000000000000000000000000000000000000000000000000000000001a,0x00000000000000000de11202337d4f2100000000000000000de111d26f18985b,0x00000000000000000de11202337d4f2100000000000000000de111d26f18985b,true
solc-0.8.36-develop.2026.5.7,solc-0.8.36-develop.2026.5.7,0xd86756dbb01e75a11aadacb75c8495759ed92033,via-ir-high-runs,oeth-swap,0xcc7d5785ad5755b6164e21495e07adb0ff11c2a8,0x0000000000000000000000000000000000000000000000000000000000000022,0x00000000000005f79b442ad67448495500000000000005f62f567e948bb954c1,0x00000000000005f79b442ad67448495500000000000005f62f567e948bb954c1,true
solc-0.8.36-develop.2026.5.7,solc-0.8.36-develop.2026.5.7,0xd86756dbb01e75a11aadacb75c8495759ed92033,via-ir-high-runs,oeth-swap,0xcc7d5785ad5755b6164e21495e07adb0ff11c2a8,0x0000000000000000000000000000000000000000000000000000000000000023,0x0000000000000000000000000000000000000000000000000000000000000362,0x0000000000000000000000000000000000000000000000000000000000000362,true
solc-0.8.36-develop.2026.5.7,solc-0.8.36-develop.2026.5.7,0xd86756dbb01e75a11aadacb75c8495759ed92033,via-ir-high-runs,oeth-swap,0xcc7d5785ad5755b6164e21495e07adb0ff11c2a8,0x0000000000000000000000000000000000000000000000000000000000000024,0x000000000000000000000000000000000000000000000000000000000000f374,0x000000000000000000000000000000000000000000000000000000000000f374,true
solc-0.8.36-develop.2026.5.7,solc-0.8.36-develop.2026.5.7,0xd86756dbb01e75a11aadacb75c8495759ed92033,via-ir-high-runs,oeth-swap,0xcc7d5785ad5755b6164e21495e07adb0ff11c2a8,0x0000000000000000000000000000000000000000000000000000000000000025,0x00000000000000000000000069fc797f00000000000000000000000069fc797f,0x00000000000000000000000069fc797f00000000000000000000000069fc797f,true
solc-0.8.36-develop.2026.5.7,solc-0.8.36-develop.2026.5.7,0xd86756dbb01e75a11aadacb75c8495759ed92033,via-ir-high-runs,oeth-swap,0xe0554a476a092703abdb3ef35c80e0d76d32939f,0x0000000000000000000000000000000000000000000000000000000000000000,0x00014420002000111e03088200000000000050efb5b2a60a8cf190fd6f115021,0x00014420002000111e03088200000000000050efb5b2a60a8cf190fd6f115021,true
solc-0.8.36-develop.2026.5.7,solc-0.8.36-develop.2026.5.7,0xd86756dbb01e75a11aadacb75c8495759ed92033,via-ir-high-runs,oeth-swap,0xe0554a476a092703abdb3ef35c80e0d76d32939f,0x0000000000000000000000000000000000000000000000000000000000000002,0x0000000000000000000000000000193bd94370cb7c58f20388c9cc043964818e,0x0000000000000000000000000000193bd94370cb7c58f20388c9cc043964818e,true
solc-0.8.36-develop.2026.5.7,solc-0.8.36-develop.2026.5.7,0xd86756dbb01e75a11aadacb75c8495759ed92033,via-ir-high-runs,oeth-swap,0xe0554a476a092703abdb3ef35c80e0d76d32939f,0x0000000000000000000000000000000000000000000000000000000000000003,0x00000000000000000024d9acb81d82a3000000000000000000000000019f2a85,0x00000000000000000024d9acb81d82a3000000000000000000000000019f2a85,true
solc-0.8.36-develop.2026.5.7,solc-0.8.36-develop.2026.5.7,0xd86756dbb01e75a11aadacb75c8495759ed92033,via-ir-high-runs,oeth-swap,0xe0554a476a092703abdb3ef35c80e0d76d32939f,0x0000000000000000000000000000000000000000000000000000000000000004,0x00000000000000000000000000000000000000000000000014d36b0d9b91bd96,0x00000000000000000000000000000000000000000000000014d36b0d9b91bd96,true
solc-0.8.36-develop.2026.5.7,solc-0.8.36-develop.2026.5.7,0xd86756dbb01e75a11aadacb75c8495759ed92033,via-ir-high-runs,oeth-swap,0xe0554a476a092703abdb3ef35c80e0d76d32939f,0xdd15b80f06e298dcc59f43b6320b38dd8ec934c5a3bd98112efd3b24491158b2,0x0001000000002200082800000000040000000480000000000000600000000000,0x0001000000002200082800000000040000000480000000000000600000000000,true
solc-0.8.36-develop.2026.5.7,solc-0.8.36-develop.2026.5.7,0xd86756dbb01e75a11aadacb75c8495759ed92033,via-ir-low-runs,oeth-swap,0x856c4efb76c1d1ae02e20ceb03a2a6a08b0b8dc3,0x000000000000000000000000000000000000000000000000000000000000009e,0x000000000000000000000000000000000000011e37ce23d7266923cb9f192be9,0x000000000000000000000000000000000000011e37ce23d7266923cb9f192be9,true
solc-0.8.36-develop.2026.5.7,solc-0.8.36-develop.2026.5.7,0xd86756dbb01e75a11aadacb75c8495759ed92033,via-ir-low-runs,oeth-swap,0x856c4efb76c1d1ae02e20ceb03a2a6a08b0b8dc3,0x000000000000000000000000000000000000000000000000000000000000009f,0x000000000000000000000000000000000000000002ca3c57f542ec3fb70f990f,0x000000000000000000000000000000000000000002ca3c57f542ec3fb70f990f,true
solc-0.8.36-develop.2026.5.7,solc-0.8.36-develop.2026.5.7,0xd86756dbb01e75a11aadacb75c8495759ed92033,via-ir-low-runs,oeth-swap,0x856c4efb76c1d1ae02e20ceb03a2a6a08b0b8dc3,0x00000000000000000000000000000000000000000000000000000000000000a0,0x000000000000000000000000000000000000000000000345bc11c9d057e0de0b,0x000000000000000000000000000000000000000000000345bc11c9d057e0de0b,true
solc-0.8.36-develop.2026.5.7,solc-0.8.36-develop.2026.5.7,0xd86756dbb01e75a11aadacb75c8495759ed92033,via-ir-low-runs,oeth-swap,0x856c4efb76c1d1ae02e20ceb03a2a6a08b0b8dc3,0x06278d2d79eade39f7d8320bc86b0b7a9610e6d452e2c1b26abb51d5827e25ae,0x0000000000000000000000000000000000000000000000000de0b6b3a7640000,0x0000000000000000000000000000000000000000000000000de0b6b3a7640000,true
solc-0.8.36-develop.2026.5.7,solc-0.8.36-develop.2026.5.7,0xd86756dbb01e75a11aadacb75c8495759ed92033,via-ir-low-runs,oeth-swap,0x856c4efb76c1d1ae02e20ceb03a2a6a08b0b8dc3,0x0753a0c62503cc26a150e0afff84d410196ec4beb58f19d5071f55ce058a8a28,0x0000000000000000000000000000000000000000000000000de0b6b3a7640000,0x0000000000000000000000000000000000000000000000000de0b6b3a7640000,true
solc-0.8.36-develop.2026.5.7,solc-0.8.36-develop.2026.5.7,0xd86756dbb01e75a11aadacb75c8495759ed92033,via-ir-low-runs,oeth-swap,0x856c4efb76c1d1ae02e20ceb03a2a6a08b0b8dc3,0x10b6a7d48e7f38b189d2fad5dc7cab931fceddedf897bda26d4e7b2aeef312a0,0x0000000000000000000000000000000000000000000000000000000000000000,0x0000000000000000000000000000000000000000000000000000000000000000,true
solc-0.8.36-develop.2026.5.7,solc-0.8.36-develop.2026.5.7,0xd86756dbb01e75a11aadacb75c8495759ed92033,via-ir-low-runs,oeth-swap,0x856c4efb76c1d1ae02e20ceb03a2a6a08b0b8dc3,0x360894a13ba1a3210667c828492db98dca3e2076cc3735a920a3ca505d382bbc,0x000000000000000000000000d86756dbb01e75a11aadacb75c8495759ed92033,0x000000000000000000000000d86756dbb01e75a11aadacb75c8495759ed92033,true
solc-0.8.36-develop.2026.5.7,solc-0.8.36-develop.2026.5.7,0xd86756dbb01e75a11aadacb75c8495759ed92033,via-ir-low-runs,oeth-swap,0x856c4efb76c1d1ae02e20ceb03a2a6a08b0b8dc3,0x407ad37ef964e633985ee0d0dcde2ee75a80d35f43bfd57189c1005b114c318e,0x0000000000000000000000000000000000000000000000000000000000000001,0x0000000000000000000000000000000000000000000000000000000000000001,true
solc-0.8.36-develop.2026.5.7,solc-0.8.36-develop.2026.5.7,0xd86756dbb01e75a11aadacb75c8495759ed92033,via-ir-low-runs,oeth-swap,0x856c4efb76c1d1ae02e20ceb03a2a6a08b0b8dc3,0x5b1125e5ac4e26944ccee5677b996a0c85f28c06f106668f7804071ccbc9cadb,0x0000000000000000000000000000000000000000000000000000000000000001,0x0000000000000000000000000000000000000000000000000000000000000001,true
solc-0.8.36-develop.2026.5.7,solc-0.8.36-develop.2026.5.7,0xd86756dbb01e75a11aadacb75c8495759ed92033,via-ir-low-runs,oeth-swap,0x856c4efb76c1d1ae02e20ceb03a2a6a08b0b8dc3,0x7a97d82217dfd568a43d894c25fcf7a225e3a2eb552fb4347520e02c8e167386,0x0000000000000000000000000000000000000000000000000000000000000001,0x0000000000000000000000000000000000000000000000000000000000000001,true
solc-0.8.36-develop.2026.5.7,solc-0.8.36-develop.2026.5.7,0xd86756dbb01e75a11aadacb75c8495759ed92033,via-ir-low-runs,oeth-swap,0x856c4efb76c1d1ae02e20ceb03a2a6a08b0b8dc3,0x83865c463c2a0fe1207794273db21e1208f4ef7d7c6132aa8738735a6ffe963c,0x0000000000000000000000000000000000000000000000000000000000000000,0x0000000000000000000000000000000000000000000000000000000000000000,true
solc-0.8.36-develop.2026.5.7,solc-0.8.36-develop.2026.5.7,0xd86756dbb01e75a11aadacb75c8495759ed92033,via-ir-low-runs,oeth-swap,0x856c4efb76c1d1ae02e20ceb03a2a6a08b0b8dc3,0x884e46fccd08917c0958b746290aacf455da9d692adaea281b2660d5c33a847d,0x000000000000000000000000000000000000000000000333d6481e975413db36,0x000000000000000000000000000000000000000000000333d6481e975413db36,true
solc-0.8.36-develop.2026.5.7,solc-0.8.36-develop.2026.5.7,0xd86756dbb01e75a11aadacb75c8495759ed92033,via-ir-low-runs,oeth-swap,0x856c4efb76c1d1ae02e20ceb03a2a6a08b0b8dc3,0x89222246ce98d6f0b0dad8d6b95e23aa36c135afa3fb88700e2004bd842764c8,0x0000000000000000000000000000000000000000000000000de0b6b3a7640000,0x0000000000000000000000000000000000000000000000000de0b6b3a7640000,true
solc-0.8.36-develop.2026.5.7,solc-0.8.36-develop.2026.5.7,0xd86756dbb01e75a11aadacb75c8495759ed92033,via-ir-low-runs,oeth-swap,0x856c4efb76c1d1ae02e20ceb03a2a6a08b0b8dc3,0x90d1b89329a5572c9525e70da3876d4d9c4541af9c56fcd9df640e65efe50d2c,0xffffffffffffffffffffffffffffffffffffffffffffffffeea16785bd9b4488,0xffffffffffffffffffffffffffffffffffffffffffffffffeea16785bd9b4488,true
solc-0.8.36-develop.2026.5.7,solc-0.8.36-develop.2026.5.7,0xd86756dbb01e75a11aadacb75c8495759ed92033,via-ir-low-runs,oeth-swap,0x856c4efb76c1d1ae02e20ceb03a2a6a08b0b8dc3,0x966279186d56a5b80ecf400ef6ffe2248b7f08cd30b5a00b243d542e6e086efb,0xfffffffffffffffffffffffffffffffffffffffffffffffde337b803aab38fb2,0xfffffffffffffffffffffffffffffffffffffffffffffffde337b803aab38fb2,true
solc-0.8.36-develop.2026.5.7,solc-0.8.36-develop.2026.5.7,0xd86756dbb01e75a11aadacb75c8495759ed92033,via-ir-low-runs,oeth-swap,0x856c4efb76c1d1ae02e20ceb03a2a6a08b0b8dc3,0xdd09e1885ce2b5f231469d437ae7bbd27d656a8875f019b30b5b49f7eb2571b6,0x0000000000000000000000000000000000000000000000000000000000000001,0x0000000000000000000000000000000000000000000000000000000000000001,true
solc-0.8.36-develop.2026.5.7,solc-0.8.36-develop.2026.5.7,0xd86756dbb01e75a11aadacb75c8495759ed92033,via-ir-low-runs,oeth-swap,0x856c4efb76c1d1ae02e20ceb03a2a6a08b0b8dc3,0xde3b3cc3ddacdbfd15f35016fde63e388b3cc49b32e56fc4a592e10bff0d03c4,0x0000000000000000000000000000000000000000000000000000000000000000,0x0000000000000000000000000000000000000000000000000000000000000000,true
solc-0.8.36-develop.2026.5.7,solc-0.8.36-develop.2026.5.7,0xd86756dbb01e75a11aadacb75c8495759ed92033,via-ir-low-runs,oeth-swap,0x856c4efb76c1d1ae02e20ceb03a2a6a08b0b8dc3,0xe2a4eba4a02747b9bc37280272662fe2b27011c20a1c9fa70e89e9416625915f,0x0000000000000000000000000000000000000000000000000000000000000000,0x0000000000000000000000000000000000000000000000000000000000000000,true
solc-0.8.36-develop.2026.5.7,solc-0.8.36-develop.2026.5.7,0xd86756dbb01e75a11aadacb75c8495759ed92033,via-ir-low-runs,oeth-swap,0x8f10b468b06c6fd214b65f87778827f7d113f996,0xba0a5ab76d98f9ac10ca45e75e95f468a2d74cf2262a11f750fdd59b147ea300,0x000000000000000000000000440c1a9786d3c6f09da46b6d42320e0cf2f336a7,0x000000000000000000000000440c1a9786d3c6f09da46b6d42320e0cf2f336a7,true
solc-0.8.36-develop.2026.5.7,solc-0.8.36-develop.2026.5.7,0xd86756dbb01e75a11aadacb75c8495759ed92033,via-ir-low-runs,oeth-swap,0x8f10b468b06c6fd214b65f87778827f7d113f996,0xba0a5ab76d98f9ac10ca45e75e95f468a2d74cf2262a11f750fdd59b147ea301,0x0000000000000000000000002879df6a88b63893ee62ad3cb7f7231e776d6bd1,0x0000000000000000000000002879df6a88b63893ee62ad3cb7f7231e776d6bd1,true
solc-0.8.36-develop.2026.5.7,solc-0.8.36-develop.2026.5.7,0xd86756dbb01e75a11aadacb75c8495759ed92033,via-ir-low-runs,oeth-swap,0x8f10b468b06c6fd214b65f87778827f7d113f996,0xffbf986452304d48456c54266f7e48ded559403517f44cb0dfc26d06c5671594,0x0000000000000000000000000000000000000000000000000000000000000001,0x0000000000000000000000000000000000000000000000000000000000000001,true
solc-0.8.36-develop.2026.5.7,solc-0.8.36-develop.2026.5.7,0xd86756dbb01e75a11aadacb75c8495759ed92033,via-ir-low-runs,oeth-swap,0xa0b86991c6218b36c1d19d4a2e9eb0ce3606eb48,0x0000000000000000000000000000000000000000000000000000000000000001,0x0000000000000000000000004914f61d25e5c567143774b76edbf4d5109a8566,0x0000000000000000000000004914f61d25e5c567143774b76edbf4d5109a8566,true
solc-0.8.36-develop.2026.5.7,solc-0.8.36-develop.2026.5.7,0xd86756dbb01e75a11aadacb75c8495759ed92033,via-ir-low-runs,oeth-swap,0xa0b86991c6218b36c1d19d4a2e9eb0ce3606eb48,0x0b219ffe427c0ddac81f948f6b040d01a68abc27cc1e2265ffd0be51d22a64e3,0x000000000000000000000000000000000000000000000000000000055a931379,0x000000000000000000000000000000000000000000000000000000055a931379,true
solc-0.8.36-develop.2026.5.7,solc-0.8.36-develop.2026.5.7,0xd86756dbb01e75a11aadacb75c8495759ed92033,via-ir-low-runs,oeth-swap,0xa0b86991c6218b36c1d19d4a2e9eb0ce3606eb48,0x10d6a54a4754c8869d6886b5f5d7fbfa5b4522237ea5c60d11bc4e7a1ff9390b,0x000000000000000000000000807a96288a1a408dbc13de2b1d087d10356395d2,0x000000000000000000000000807a96288a1a408dbc13de2b1d087d10356395d2,true
solc-0.8.36-develop.2026.5.7,solc-0.8.36-develop.2026.5.7,0xd86756dbb01e75a11aadacb75c8495759ed92033,via-ir-low-runs,oeth-swap,0xa0b86991c6218b36c1d19d4a2e9eb0ce3606eb48,0x7050c9e0f4ca769c69bd3a8ef740bc37934f8e2c036e5a723fd8ee048ed3f8c3,0x00000000000000000000000043506849d7c04f9138d1a2050bbf3a0c054402dd,0x00000000000000000000000043506849d7c04f9138d1a2050bbf3a0c054402dd,true
solc-0.8.36-develop.2026.5.7,solc-0.8.36-develop.2026.5.7,0xd86756dbb01e75a11aadacb75c8495759ed92033,via-ir-low-runs,oeth-swap,0xa0b86991c6218b36c1d19d4a2e9eb0ce3606eb48,0x779c9819472c01b1921782a46d81546a773965e75983d1b6fb7ac7d13c565d2a,0x0000000000000000000000000000000000000000000000000000000005e7d4c3,0x0000000000000000000000000000000000000000000000000000000005e7d4c3,true
solc-0.8.36-develop.2026.5.7,solc-0.8.36-develop.2026.5.7,0xd86756dbb01e75a11aadacb75c8495759ed92033,via-ir-low-runs,oeth-swap,0xa0b86991c6218b36c1d19d4a2e9eb0ce3606eb48,0xab4b104605792035a633b259fbf34bfb26f8897aa4038a46594f56ed9701ba86,0x0000000000000000000000000000000000000000000000000000000000000001,0x0000000000000000000000000000000000000000000000000000000000000001,true
solc-0.8.36-develop.2026.5.7,solc-0.8.36-develop.2026.5.7,0xd86756dbb01e75a11aadacb75c8495759ed92033,via-ir-low-runs,oeth-swap,0xa0b86991c6218b36c1d19d4a2e9eb0ce3606eb48,0xb9f6591fc52eba3e15c8a35522a85e6d320e9084debe30399ae4770e63f89389,0x000000000000000000000000000000000000000000000000000003149321fd31,0x000000000000000000000000000000000000000000000000000003149321fd31,true
solc-0.8.36-develop.2026.5.7,solc-0.8.36-develop.2026.5.7,0xd86756dbb01e75a11aadacb75c8495759ed92033,via-ir-low-runs,oeth-swap,0xc02aaa39b223fe8d0a0e5c4f27ead9083c756cc2,0x19b801df7d999cea8e6d7d7f7b2b0bb8ff07cb169b5922c61a5601805d4e5aa6,0x00000000000000000000000000000000000000000000005b020433e6cc71e80d,0x00000000000000000000000000000000000000000000005b020433e6cc71e80d,true
solc-0.8.36-develop.2026.5.7,solc-0.8.36-develop.2026.5.7,0xd86756dbb01e75a11aadacb75c8495759ed92033,via-ir-low-runs,oeth-swap,0xc02aaa39b223fe8d0a0e5c4f27ead9083c756cc2,0x1f0e0281a6886fcc5970016274fd33e0bc0a86faa20ebb040c92db483b5c6f5c,0x0000000000000000000000000000000000000000000002c259df22e65605a467,0x0000000000000000000000000000000000000000000002c259df22e65605a467,true
solc-0.8.36-develop.2026.5.7,solc-0.8.36-develop.2026.5.7,0xd86756dbb01e75a11aadacb75c8495759ed92033,via-ir-low-runs,oeth-swap,0xc02aaa39b223fe8d0a0e5c4f27ead9083c756cc2,0x4634fc03da90898d55a2251fce6745540dfdead239ee4086d917d3f2ff6f6716,0x0000000000000000000000000000000000000000000000000000000000000001,0x0000000000000000000000000000000000000000000000000000000000000001,true
solc-0.8.36-develop.2026.5.7,solc-0.8.36-develop.2026.5.7,0xd86756dbb01e75a11aadacb75c8495759ed92033,via-ir-low-runs,oeth-swap,0xcc7d5785ad5755b6164e21495e07adb0ff11c2a8,0x0000000000000000000000000000000000000000000000000000000000000000,0x0000000000000000000000000000000000000000000000000000000000000003,0x0000000000000000000000000000000000000000000000000000000000000003,true
solc-0.8.36-develop.2026.5.7,solc-0.8.36-develop.2026.5.7,0xd86756dbb01e75a11aadacb75c8495759ed92033,via-ir-low-runs,oeth-swap,0xcc7d5785ad5755b6164e21495e07adb0ff11c2a8,0x0000000000000000000000000000000000000000000000000000000000000001,0x0000000000000000000000000000000000000000000000000000000000000002,0x0000000000000000000000000000000000000000000000000000000000000002,true
solc-0.8.36-develop.2026.5.7,solc-0.8.36-develop.2026.5.7,0xd86756dbb01e75a11aadacb75c8495759ed92033,via-ir-low-runs,oeth-swap,0xcc7d5785ad5755b6164e21495e07adb0ff11c2a8,0x0000000000000000000000000000000000000000000000000000000000000002,0x000000000000000000000000000000000000000000000333d6481e975413db36,0x000000000000000000000000000000000000000000000333d6481e975413db36,true
solc-0.8.36-develop.2026.5.7,solc-0.8.36-develop.2026.5.7,0xd86756dbb01e75a11aadacb75c8495759ed92033,via-ir-low-runs,oeth-swap,0xcc7d5785ad5755b6164e21495e07adb0ff11c2a8,0x0000000000000000000000000000000000000000000000000000000000000003,0x0000000000000000000000000000000000000000000002c259df22e65605a467,0x0000000000000000000000000000000000000000000002c259df22e65605a467,true
solc-0.8.36-develop.2026.5.7,solc-0.8.36-develop.2026.5.7,0xd86756dbb01e75a11aadacb75c8495759ed92033,via-ir-low-runs,oeth-swap,0xcc7d5785ad5755b6164e21495e07adb0ff11c2a8,0x000000000000000000000000000000000000000000000000000000000000000a,0x00000000000000000000000000000000000000000000000000000000000f4240,0x00000000000000000000000000000000000000000000000000000000000f4240,true
solc-0.8.36-develop.2026.5.7,solc-0.8.36-develop.2026.5.7,0xd86756dbb01e75a11aadacb75c8495759ed92033,via-ir-low-runs,oeth-swap,0xcc7d5785ad5755b6164e21495e07adb0ff11c2a8,0x000000000000000000000000000000000000000000000000000000000000000b,0x000000000000000000000000000000000000000000000000000000174876e800,0x000000000000000000000000000000000000000000000000000000174876e800,true
solc-0.8.36-develop.2026.5.7,solc-0.8.36-develop.2026.5.7,0xd86756dbb01e75a11aadacb75c8495759ed92033,via-ir-low-runs,oeth-swap,0xcc7d5785ad5755b6164e21495e07adb0ff11c2a8,0x000000000000000000000000000000000000000000000000000000000000000d,0x00000000000000000000000000000000000000000000000000000000000249f0,0x00000000000000000000000000000000000000000000000000000000000249f0,true
solc-0.8.36-develop.2026.5.7,solc-0.8.36-develop.2026.5.7,0xd86756dbb01e75a11aadacb75c8495759ed92033,via-ir-low-runs,oeth-swap,0xcc7d5785ad5755b6164e21495e07adb0ff11c2a8,0x000000000000000000000000000000000000000000000000000000000000000f,0x0000000000000000000000000000000000000000000000000000000000000000,0x0000000000000000000000000000000000000000000000000000000000000000,true
solc-0.8.36-develop.2026.5.7,solc-0.8.36-develop.2026.5.7,0xd86756dbb01e75a11aadacb75c8495759ed92033,via-ir-low-runs,oeth-swap,0xcc7d5785ad5755b6164e21495e07adb0ff11c2a8,0x0000000000000000000000000000000000000000000000000000000000000010,0x0000000000000000000000000000000000000000000000000000000000000002,0x0000000000000000000000000000000000000000000000000000000000000002,true
solc-0.8.36-develop.2026.5.7,solc-0.8.36-develop.2026.5.7,0xd86756dbb01e75a11aadacb75c8495759ed92033,via-ir-low-runs,oeth-swap,0xcc7d5785ad5755b6164e21495e07adb0ff11c2a8,0x0000000000000000000000000000000000000000000000000000000000000011,0x000000000000000000000000000000000000000000000000001424f2c0d80eb4,0x000000000000000000000000000000000000000000000000001424f2c0d80eb4,true
solc-0.8.36-develop.2026.5.7,solc-0.8.36-develop.2026.5.7,0xd86756dbb01e75a11aadacb75c8495759ed92033,via-ir-low-runs,oeth-swap,0xcc7d5785ad5755b6164e21495e07adb0ff11c2a8,0x0000000000000000000000000000000000000000000000000000000000000012,0x00000000000000000000000000000000000000000000000000035a32a7341c26,0x00000000000000000000000000000000000000000000000000035a32a7341c26,true
solc-0.8.36-develop.2026.5.7,solc-0.8.36-develop.2026.5.7,0xd86756dbb01e75a11aadacb75c8495759ed92033,via-ir-low-runs,oeth-swap,0xcc7d5785ad5755b6164e21495e07adb0ff11c2a8,0x0000000000000000000000000000000000000000000000000000000000000019,0x0000000000000000000000000000000000000000000000000000000000000001,0x0000000000000000000000000000000000000000000000000000000000000001,true
solc-0.8.36-develop.2026.5.7,solc-0.8.36-develop.2026.5.7,0xd86756dbb01e75a11aadacb75c8495759ed92033,via-ir-low-runs,oeth-swap,0xcc7d5785ad5755b6164e21495e07adb0ff11c2a8,0x000000000000000000000000000000000000000000000000000000000000001a,0x00000000000000000de11202337d4f2100000000000000000de111d26f18985b,0x00000000000000000de11202337d4f2100000000000000000de111d26f18985b,true
solc-0.8.36-develop.2026.5.7,solc-0.8.36-develop.2026.5.7,0xd86756dbb01e75a11aadacb75c8495759ed92033,via-ir-low-runs,oeth-swap,0xcc7d5785ad5755b6164e21495e07adb0ff11c2a8,0x0000000000000000000000000000000000000000000000000000000000000022,0x00000000000005f79b442ad67448495500000000000005f62f567e948bb954c1,0x00000000000005f79b442ad67448495500000000000005f62f567e948bb954c1,true
solc-0.8.36-develop.2026.5.7,solc-0.8.36-develop.2026.5.7,0xd86756dbb01e75a11aadacb75c8495759ed92033,via-ir-low-runs,oeth-swap,0xcc7d5785ad5755b6164e21495e07adb0ff11c2a8,0x0000000000000000000000000000000000000000000000000000000000000023,0x0000000000000000000000000000000000000000000000000000000000000362,0x0000000000000000000000000000000000000000000000000000000000000362,true
solc-0.8.36-develop.2026.5.7,solc-0.8.36-develop.2026.5.7,0xd86756dbb01e75a11aadacb75c8495759ed92033,via-ir-low-runs,oeth-swap,0xcc7d5785ad5755b6164e21495e07adb0ff11c2a8,0x0000000000000000000000000000000000000000000000000000000000000024,0x000000000000000000000000000000000000000000000000000000000000f374,0x000000000000000000000000000000000000000000000000000000000000f374,true
solc-0.8.36-develop.2026.5.7,solc-0.8.36-develop.2026.5.7,0xd86756dbb01e75a11aadacb75c8495759ed92033,via-ir-low-runs,oeth-swap,0xcc7d5785ad5755b6164e21495e07adb0ff11c2a8,0x0000000000000000000000000000000000000000000000000000000000000025,0x00000000000000000000000069fc797f00000000000000000000000069fc797f,0x00000000000000000000000069fc797f00000000000000000000000069fc797f,true
solc-0.8.36-develop.2026.5.7,solc-0.8.36-develop.2026.5.7,0xd86756dbb01e75a11aadacb75c8495759ed92033,via-ir-low-runs,oeth-swap,0xe0554a476a092703abdb3ef35c80e0d76d32939f,0x0000000000000000000000000000000000000000000000000000000000000000,0x00014420002000111e03088200000000000050efb5b2a60a8cf190fd6f115021,0x00014420002000111e03088200000000000050efb5b2a60a8cf190fd6f115021,true
solc-0.8.36-develop.2026.5.7,solc-0.8.36-develop.2026.5.7,0xd86756dbb01e75a11aadacb75c8495759ed92033,via-ir-low-runs,oeth-swap,0xe0554a476a092703abdb3ef35c80e0d76d32939f,0x0000000000000000000000000000000000000000000000000000000000000002,0x0000000000000000000000000000193bd94370cb7c58f20388c9cc043964818e,0x0000000000000000000000000000193bd94370cb7c58f20388c9cc043964818e,true
solc-0.8.36-develop.2026.5.7,solc-0.8.36-develop.2026.5.7,0xd86756dbb01e75a11aadacb75c8495759ed92033,via-ir-low-runs,oeth-swap,0xe0554a476a092703abdb3ef35c80e0d76d32939f,0x0000000000000000000000000000000000000000000000000000000000000003,0x00000000000000000024d9acb81d82a3000000000000000000000000019f2a85,0x00000000000000000024d9acb81d82a3000000000000000000000000019f2a85,true
solc-0.8.36-develop.2026.5.7,solc-0.8.36-develop.2026.5.7,0xd86756dbb01e75a11aadacb75c8495759ed92033,via-ir-low-runs,oeth-swap,0xe0554a476a092703abdb3ef35c80e0d76d32939f,0x0000000000000000000000000000000000000000000000000000000000000004,0x00000000000000000000000000000000000000000000000014d36b0d9b91bd96,0x00000000000000000000000000000000000000000000000014d36b0d9b91bd96,true
solc-0.8.36-develop.2026.5.7,solc-0.8.36-develop.2026.5.7,0xd86756dbb01e75a11aadacb75c8495759ed92033,via-ir-low-runs,oeth-swap,0xe0554a476a092703abdb3ef35c80e0d76d32939f,0xdd15b80f06e298dcc59f43b6320b38dd8ec934c5a3bd98112efd3b24491158b2,0x0001000000002200082800000000040000000480000000000000600000000000,0x0001000000002200082800000000040000000480000000000000600000000000,true
solc-0.8.36-develop.2026.5.7,solc-0.8.36-develop.2026.5.7,0xfe89fd96f270ac3c0f11921af0390dbb1340f704,default,aavev4hub-borrow,0x2c1d072e956affc0d435cb7ac38ef18d24d9127c,0x0000000000000000000000000000000000000000000000000000000000000002,0x0000000000000000000096d6e33b411dc1f4e3f1e894a5a5d9ce0f96738d0007,0x0000000000000000000096d6e33b411dc1f4e3f1e894a5a5d9ce0f96738d0007,true
solc-0.8.36-develop.2026.5.7,solc-0.8.36-develop.2026.5.7,0xfe89fd96f270ac3c0f11921af0390dbb1340f704,default,aavev4hub-borrow,0x2c1d072e956affc0d435cb7ac38ef18d24d9127c,0x0000000000000000000000000000000000000000000000000000000000000005,0x0000000000000000000000000000000000000000000000000000000000000000,0x0000000000000000000000000000000000000000000000000000000000000000,true
solc-0.8.36-develop.2026.5.7,solc-0.8.36-develop.2026.5.7,0xfe89fd96f270ac3c0f11921af0390dbb1340f704,default,aavev4hub-borrow,0x581b8bc9d6104f71ad6da1f483b67500968c5994,0x0000000000000000000000000000000000000000000000000000000000000001,0x000000000000000000000000000000000000000000000000000000000632ea00,0x000000000000000000000000000000000000000000000000000000000632ea00,true
solc-0.8.36-develop.2026.5.7,solc-0.8.36-develop.2026.5.7,0xfe89fd96f270ac3c0f11921af0390dbb1340f704,default,aavev4hub-borrow,0x8fffffd4afb6115b954bd326cbe7b4ba576818f6,0x0000000000000000000000000000000000000000000000000000000000000002,0x00000000000000000000c9e1a09622afdb659913fefe800feae5dbbfe9d70003,0x00000000000000000000c9e1a09622afdb659913fefe800feae5dbbfe9d70003,true
solc-0.8.36-develop.2026.5.7,solc-0.8.36-develop.2026.5.7,0xfe89fd96f270ac3c0f11921af0390dbb1340f704,default,aavev4hub-borrow,0x8fffffd4afb6115b954bd326cbe7b4ba576818f6,0x0000000000000000000000000000000000000000000000000000000000000005,0x0000000000000000000000000000000000000000000000000000000000000000,0x0000000000000000000000000000000000000000000000000000000000000000,true
solc-0.8.36-develop.2026.5.7,solc-0.8.36-develop.2026.5.7,0xfe89fd96f270ac3c0f11921af0390dbb1340f704,default,aavev4hub-borrow,0x94e7a5dcbe816e498b89ab752661904e2f56c485,0x0000000000000000000000000000000000000000000000000000000000000000,0x000000000000000000000000000000000000000000000000000000000000000e,0x000000000000000000000000000000000000000000000000000000000000000e,true
solc-0.8.36-develop.2026.5.7,solc-0.8.36-develop.2026.5.7,0xfe89fd96f270ac3c0f11921af0390dbb1340f704,default,aavev4hub-borrow,0x94e7a5dcbe816e498b89ab752661904e2f56c485,0x360894a13ba1a3210667c828492db98dca3e2076cc3735a920a3ca505d382bbc,0x000000000000000000000000abd0e26fe17bde4f1f1187ed8aa80c274e03d8b5,0x000000000000000000000000abd0e26fe17bde4f1f1187ed8aa80c274e03d8b5,true
solc-0.8.36-develop.2026.5.7,solc-0.8.36-develop.2026.5.7,0xfe89fd96f270ac3c0f11921af0390dbb1340f704,default,aavev4hub-borrow,0x94e7a5dcbe816e498b89ab752661904e2f56c485,0x3c44be3df2152ab29c1991a8ac1f816f5097828618f79862a65c011263dca174,0x0000000000000000000000000000000000000000000000000000000000006000,0x0000000000000000000000000000000000000000000000000000000000006000,true
solc-0.8.36-develop.2026.5.7,solc-0.8.36-develop.2026.5.7,0xfe89fd96f270ac3c0f11921af0390dbb1340f704,default,aavev4hub-borrow,0x94e7a5dcbe816e498b89ab752661904e2f56c485,0x4498fd5b26e96f0b0a593b291df9775bbd3ff554c0cce9de7c9fb4e3b570caf8,0x0000000000000000000000000000000000000000000000000000000000000000,0x0000000000000000000000000000000000000000000000000000000000000000,true
solc-0.8.36-develop.2026.5.7,solc-0.8.36-develop.2026.5.7,0xfe89fd96f270ac3c0f11921af0390dbb1340f704,default,aavev4hub-borrow,0x94e7a5dcbe816e498b89ab752661904e2f56c485,0x59dd4b18488d12f51eda69757a0ed42a2010c14b564330cc74a06895e60c077c,0x000000000008000000120010cca852bc40e560adc3b1cc58ca5b55638ce826c9,0x000000000008000000120010cca852bc40e560adc3b1cc58ca5b55638ce826c9,true
solc-0.8.36-develop.2026.5.7,solc-0.8.36-develop.2026.5.7,0xfe89fd96f270ac3c0f11921af0390dbb1340f704,default,aavev4hub-borrow,0x94e7a5dcbe816e498b89ab752661904e2f56c485,0xacd8ef244210bb6898e73c48bf820ed8ecc857a3bab8d79c10e4fa92b1e9ca66,0x00000000000c000000060005cca852bc40e560adc3b1cc58ca5b55638ce826c9,0x00000000000c000000060005cca852bc40e560adc3b1cc58ca5b55638ce826c9,true
solc-0.8.36-develop.2026.5.7,solc-0.8.36-develop.2026.5.7,0xfe89fd96f270ac3c0f11921af0390dbb1340f704,default,aavev4hub-borrow,0x94e7a5dcbe816e498b89ab752661904e2f56c485,0xeb0105a02c46ce1ccb77647d5da60d3914affe116b7576759b2f443ac6fb6e3b,0x00000000000000000000000000000000000000000000000003e800002a191bbc,0x00000000000000000000000000000000000000000000000003e800002a191bbc,true
solc-0.8.36-develop.2026.5.7,solc-0.8.36-develop.2026.5.7,0xfe89fd96f270ac3c0f11921af0390dbb1340f704,default,aavev4hub-borrow,0x94e7a5dcbe816e498b89ab752661904e2f56c485,0xed0931f4babc4d26b1bfea6cf161c76b40dfcb98bd04e8faac81ae51b2144b48,0x0000000000000000000000000000000000000000000000f3f20b8dfa69d00000,0x0000000000000000000000000000000000000000000000f3f20b8dfa69d00000,true
solc-0.8.36-develop.2026.5.7,solc-0.8.36-develop.2026.5.7,0xfe89fd96f270ac3c0f11921af0390dbb1340f704,default,aavev4hub-borrow,0x94e7a5dcbe816e498b89ab752661904e2f56c485,0xf23e5020aeaebf7d2612ef29d30a540d240a63e09f591fd4088158394b0687d4,0x00000000000000000000000000000000000000000000000000000006f4ccdf5a,0x00000000000000000000000000000000000000000000000000000006f4ccdf5a,true
solc-0.8.36-develop.2026.5.7,solc-0.8.36-develop.2026.5.7,0xfe89fd96f270ac3c0f11921af0390dbb1340f704,default,aavev4hub-borrow,0x94e7a5dcbe816e498b89ab752661904e2f56c485,0xf23e5020aeaebf7d2612ef29d30a540d240a63e09f591fd4088158394b0687d5,0x0000000000000000000000000000000000000000000000000000000000000000,0x0000000000000000000000000000000000000000000000000000000000000000,true
solc-0.8.36-develop.2026.5.7,solc-0.8.36-develop.2026.5.7,0xfe89fd96f270ac3c0f11921af0390dbb1340f704,default,aavev4hub-borrow,0x96d6e33b411dc1f4e3f1e894a5a5d9ce0f96738d,0x000000000000000000000000000000000000000000000000000000000000000b,0x00000000000000000000000000000000000000000000000068740000aff6010a,0x00000000000000000000000000000000000000000000000068740000aff6010a,true
solc-0.8.36-develop.2026.5.7,solc-0.8.36-develop.2026.5.7,0xfe89fd96f270ac3c0f11921af0390dbb1340f704,default,aavev4hub-borrow,0x96d6e33b411dc1f4e3f1e894a5a5d9ce0f96738d,0x640788b4657adc9baab4d87795a285ed6641e8921b9e8b0d43291044e7d50fd8,0x69fce12f69fce11b00000000000000000000000000000000000000003b227057,0x69fce12f69fce11b00000000000000000000000000000000000000003b227057,true
solc-0.8.36-develop.2026.5.7,solc-0.8.36-develop.2026.5.7,0xfe89fd96f270ac3c0f11921af0390dbb1340f704,default,aavev4hub-borrow,0x96d6e33b411dc1f4e3f1e894a5a5d9ce0f96738d,0xda586c5b227182720bd292f4bdeaa8b91fcc9f8cd93702354ce522a8ee2ac659,0x0000000000000000000000000000000000000000000000000000000000000001,0x0000000000000000000000000000000000000000000000000000000000000001,true
solc-0.8.36-develop.2026.5.7,solc-0.8.36-develop.2026.5.7,0xfe89fd96f270ac3c0f11921af0390dbb1340f704,default,aavev4hub-borrow,0x99b2b6cea9c3d2fd8f4d90f86741c44b212a6127,0x8f331abe73332f95a25873e8b430885974c0409691f89d643119a11623a7924a,0x0000000000000000000000002c1d072e956affc0d435cb7ac38ef18d24d9127c,0x0000000000000000000000002c1d072e956affc0d435cb7ac38ef18d24d9127c,true
solc-0.8.36-develop.2026.5.7,solc-0.8.36-develop.2026.5.7,0xfe89fd96f270ac3c0f11921af0390dbb1340f704,default,aavev4hub-borrow,0x99b2b6cea9c3d2fd8f4d90f86741c44b212a6127,0xdc686ec4a0ff239c70e7c7c36e8f853eced3bc8618f48d2b816da2a74311237e,0x000000000000000000000000581b8bc9d6104f71ad6da1f483b67500968c5994,0x000000000000000000000000581b8bc9d6104f71ad6da1f483b67500968c5994,true
solc-0.8.36-develop.2026.5.7,solc-0.8.36-develop.2026.5.7,0xfe89fd96f270ac3c0f11921af0390dbb1340f704,default,aavev4hub-borrow,0xa0b86991c6218b36c1d19d4a2e9eb0ce3606eb48,0x0000000000000000000000000000000000000000000000000000000000000001,0x0000000000000000000000004914f61d25e5c567143774b76edbf4d5109a8566,0x0000000000000000000000004914f61d25e5c567143774b76edbf4d5109a8566,true
solc-0.8.36-develop.2026.5.7,solc-0.8.36-develop.2026.5.7,0xfe89fd96f270ac3c0f11921af0390dbb1340f704,default,aavev4hub-borrow,0xa0b86991c6218b36c1d19d4a2e9eb0ce3606eb48,0x10d6a54a4754c8869d6886b5f5d7fbfa5b4522237ea5c60d11bc4e7a1ff9390b,0x000000000000000000000000807a96288a1a408dbc13de2b1d087d10356395d2,0x000000000000000000000000807a96288a1a408dbc13de2b1d087d10356395d2,true
solc-0.8.36-develop.2026.5.7,solc-0.8.36-develop.2026.5.7,0xfe89fd96f270ac3c0f11921af0390dbb1340f704,default,aavev4hub-borrow,0xa0b86991c6218b36c1d19d4a2e9eb0ce3606eb48,0x7050c9e0f4ca769c69bd3a8ef740bc37934f8e2c036e5a723fd8ee048ed3f8c3,0x00000000000000000000000043506849d7c04f9138d1a2050bbf3a0c054402dd,0x00000000000000000000000043506849d7c04f9138d1a2050bbf3a0c054402dd,true
solc-0.8.36-develop.2026.5.7,solc-0.8.36-develop.2026.5.7,0xfe89fd96f270ac3c0f11921af0390dbb1340f704,default,aavev4hub-borrow,0xa0b86991c6218b36c1d19d4a2e9eb0ce3606eb48,0x92695585ccac2945ae3019c9b19a754e0402979b3f8c29928db1909b6aa9f1eb,0x00000000000000000000000000000000000000000000000000000025ff265da8,0x00000000000000000000000000000000000000000000000000000025ff265da8,true
solc-0.8.36-develop.2026.5.7,solc-0.8.36-develop.2026.5.7,0xfe89fd96f270ac3c0f11921af0390dbb1340f704,default,aavev4hub-borrow,0xa0b86991c6218b36c1d19d4a2e9eb0ce3606eb48,0xb441100fe50211b58a5ab406babfb303c469dd2b384ff23bfb61616d2989da92,0x00000000000000000000000000000000000000000000000000000006fc23ae58,0x00000000000000000000000000000000000000000000000000000006fc23ae58,true
solc-0.8.36-develop.2026.5.7,solc-0.8.36-develop.2026.5.7,0xfe89fd96f270ac3c0f11921af0390dbb1340f704,default,aavev4hub-borrow,0xad88791b0f81d1fa242f637eb05bee0cbc53fe2f,0x2b232c97452f0950c94e2539fdc7e69d21166113cf7a9bcb99b220a3fe5d720a,0x000000000000000000000000000000000000000007d0000001900000000023f0,0x000000000000000000000000000000000000000007d0000001900000000023f0,true
solc-0.8.36-develop.2026.5.7,solc-0.8.36-develop.2026.5.7,0xfe89fd96f270ac3c0f11921af0390dbb1340f704,default,aavev4hub-borrow,0xc9e1a09622afdb659913fefe800feae5dbbfe9d7,0x000000000000000000000000000000000000000000000000000000000000000b,0x00000000000000000000000000000000000000000000000003a40001ff190405,0x00000000000000000000000000000000000000000000000003a40001ff190405,true
solc-0.8.36-develop.2026.5.7,solc-0.8.36-develop.2026.5.7,0xfe89fd96f270ac3c0f11921af0390dbb1340f704,default,aavev4hub-borrow,0xc9e1a09622afdb659913fefe800feae5dbbfe9d7,0xee57703936e11cb83ff18ce2a0656a9dda182fc8ee76e6bf18bd3333ccd3ffd3,0x69fc469769fc4688000000000000000000000000000000000000000005f5a280,0x69fc469769fc4688000000000000000000000000000000000000000005f5a280,true
solc-0.8.36-develop.2026.5.7,solc-0.8.36-develop.2026.5.7,0xfe89fd96f270ac3c0f11921af0390dbb1340f704,default,aavev4hub-borrow,0xc9e1a09622afdb659913fefe800feae5dbbfe9d7,0xf8ad5150ff7987f0464cd848559b538152a0a36ed83b24aa0c11a5e92599ffd7,0x0000000000000000000000000000000000000000000000000000000000000001,0x0000000000000000000000000000000000000000000000000000000000000001,true
solc-0.8.36-develop.2026.5.7,solc-0.8.36-develop.2026.5.7,0xfe89fd96f270ac3c0f11921af0390dbb1340f704,default,aavev4hub-borrow,0xcca852bc40e560adc3b1cc58ca5b55638ce826c9,0x360894a13ba1a3210667c828492db98dca3e2076cc3735a920a3ca505d382bbc,0x000000000000000000000000fe89fd96f270ac3c0f11921af0390dbb1340f704,0x000000000000000000000000fe89fd96f270ac3c0f11921af0390dbb1340f704,true
solc-0.8.36-develop.2026.5.7,solc-0.8.36-develop.2026.5.7,0xfe89fd96f270ac3c0f11921af0390dbb1340f704,default,aavev4hub-borrow,0xcca852bc40e560adc3b1cc58ca5b55638ce826c9,0x755311b9e2cee471a91b161ccc5deed933d844b5af2b885543cc3c04eb640983,0x001200000000000000000000000000000000000000001241c133ed379d5f9b19,0x001200000000000000000000000000000000000000001241c133ed379d5f9b19,true
solc-0.8.36-develop.2026.5.7,solc-0.8.36-develop.2026.5.7,0xfe89fd96f270ac3c0f11921af0390dbb1340f704,default,aavev4hub-borrow,0xcca852bc40e560adc3b1cc58ca5b55638ce826c9,0x755311b9e2cee471a91b161ccc5deed933d844b5af2b885543cc3c04eb640984,0x000000000000000000000000000000000000000000001241c133ed379d5f9b19,0x000000000000000000000000000000000000000000001241c133ed379d5f9b19,true
solc-0.8.36-develop.2026.5.7,solc-0.8.36-develop.2026.5.7,0xfe89fd96f270ac3c0f11921af0390dbb1340f704,default,aavev4hub-borrow,0xcca852bc40e560adc3b1cc58ca5b55638ce826c9,0x755311b9e2cee471a91b161ccc5deed933d844b5af2b885543cc3c04eb640985,0x0000000000000000000000000000000000000000000000000000000000000000,0x0000000000000000000000000000000000000000000000000000000000000000,true
solc-0.8.36-develop.2026.5.7,solc-0.8.36-develop.2026.5.7,0xfe89fd96f270ac3c0f11921af0390dbb1340f704,default,aavev4hub-borrow,0xcca852bc40e560adc3b1cc58ca5b55638ce826c9,0x755311b9e2cee471a91b161ccc5deed933d844b5af2b885543cc3c04eb640986,0x0000000000000000000000000000000000000000000000000000000000000000,0x0000000000000000000000000000000000000000000000000000000000000000,true
solc-0.8.36-develop.2026.5.7,solc-0.8.36-develop.2026.5.7,0xfe89fd96f270ac3c0f11921af0390dbb1340f704,default,aavev4hub-borrow,0xcca852bc40e560adc3b1cc58ca5b55638ce826c9,0x755311b9e2cee471a91b161ccc5deed933d844b5af2b885543cc3c04eb640987,0x0069fce55b000000000000000000000000000000033b2e3c9fd0803ce8000000,0x0069fce55b000000000000000000000000000000033b2e3c9fd0803ce8000000,true
solc-0.8.36-develop.2026.5.7,solc-0.8.36-develop.2026.5.7,0xfe89fd96f270ac3c0f11921af0390dbb1340f704,default,aavev4hub-borrow,0xcca852bc40e560adc3b1cc58ca5b55638ce826c9,0x755311b9e2cee471a91b161ccc5deed933d844b5af2b885543cc3c04eb64098c,0x0000000000000000000000000000000000000000000000000000000000000000,0x0000000000000000000000000000000000000000000000000000000000000000,true
solc-0.8.36-develop.2026.5.7,solc-0.8.36-develop.2026.5.7,0xfe89fd96f270ac3c0f11921af0390dbb1340f704,default,aavev4hub-borrow,0xcca852bc40e560adc3b1cc58ca5b55638ce826c9,0xb98d39dd7f8c58a7de07a240db1814ab05b9c6c8912d8daaf2ff31c413f37c51,0x0000000000000000000000000000000000000000000000000000020f9289247d,0x0000000000000000000000000000000000000000000000000000020f9289247d,true
solc-0.8.36-develop.2026.5.7,solc-0.8.36-develop.2026.5.7,0xfe89fd96f270ac3c0f11921af0390dbb1340f704,default,aavev4hub-borrow,0xcca852bc40e560adc3b1cc58ca5b55638ce826c9,0xb98d39dd7f8c58a7de07a240db1814ab05b9c6c8912d8daaf2ff31c413f37c52,0x0000000000000000000000000000000000000000000000000000000000000000,0x0000000000000000000000000000000000000000000000000000000000000000,true
solc-0.8.36-develop.2026.5.7,solc-0.8.36-develop.2026.5.7,0xfe89fd96f270ac3c0f11921af0390dbb1340f704,default,aavev4hub-borrow,0xcca852bc40e560adc3b1cc58ca5b55638ce826c9,0xb98d39dd7f8c58a7de07a240db1814ab05b9c6c8912d8daaf2ff31c413f37c53,0x0000000100000000005b8d8000005b8d800000000000000000000226fdb34d8e,0x0000000100000000005b8d8000005b8d800000000000000000000226fdb34d8e,true
solc-0.8.36-develop.2026.5.7,solc-0.8.36-develop.2026.5.7,0xfe89fd96f270ac3c0f11921af0390dbb1340f704,default,aavev4hub-borrow,0xcca852bc40e560adc3b1cc58ca5b55638ce826c9,0xb98d39dd7f8c58a7de07a240db1814ab05b9c6c8912d8daaf2ff31c413f37c54,0x0000000000000000000000000000000000000000000000000000000000000000,0x0000000000000000000000000000000000000000000000000000000000000000,true
solc-0.8.36-develop.2026.5.7,solc-0.8.36-develop.2026.5.7,0xfe89fd96f270ac3c0f11921af0390dbb1340f704,default,aavev4hub-borrow,0xcca852bc40e560adc3b1cc58ca5b55638ce826c9,0xe2689cd4a84e23ad2f564004f1c9013e9589d260bde6380aba3ca7e09e4df40c,0x0006000000000000000000000028331b640000000000000000000025ff265c6d,0x0006000000000000000000000028331b640000000000000000000025ff265c6d,true
solc-0.8.36-develop.2026.5.7,solc-0.8.36-develop.2026.5.7,0xfe89fd96f270ac3c0f11921af0390dbb1340f704,default,aavev4hub-borrow,0xcca852bc40e560adc3b1cc58ca5b55638ce826c9,0xe2689cd4a84e23ad2f564004f1c9013e9589d260bde6380aba3ca7e09e4df40d,0x00000000000000000000000000000000000000000000000000000260fb379a9f,0x00000000000000000000000000000000000000000000000000000260fb379a9f,true
solc-0.8.36-develop.2026.5.7,solc-0.8.36-develop.2026.5.7,0xfe89fd96f270ac3c0f11921af0390dbb1340f704,default,aavev4hub-borrow,0xcca852bc40e560adc3b1cc58ca5b55638ce826c9,0xe2689cd4a84e23ad2f564004f1c9013e9589d260bde6380aba3ca7e09e4df40e,0x0000000000000000000000000000000000000000000000000000000000000000,0x0000000000000000000000000000000000000000000000000000000000000000,true
solc-0.8.36-develop.2026.5.7,solc-0.8.36-develop.2026.5.7,0xfe89fd96f270ac3c0f11921af0390dbb1340f704,default,aavev4hub-borrow,0xcca852bc40e560adc3b1cc58ca5b55638ce826c9,0xe2689cd4a84e23ad2f564004f1c9013e9589d260bde6380aba3ca7e09e4df40f,0x03e8000000000000000000000000000000000000000000000000023a9f504f7a,0x03e8000000000000000000000000000000000000000000000000023a9f504f7a,true
solc-0.8.36-develop.2026.5.7,solc-0.8.36-develop.2026.5.7,0xfe89fd96f270ac3c0f11921af0390dbb1340f704,default,aavev4hub-borrow,0xcca852bc40e560adc3b1cc58ca5b55638ce826c9,0xe2689cd4a84e23ad2f564004f1c9013e9589d260bde6380aba3ca7e09e4df410,0x0069fce6cf0045ea81970c084d94cdb49b000000033e96f01e6c78ab999f17dd,0x0069fce6cf0045ea81970c084d94cdb49b000000033e96f01e6c78ab999f17dd,true
solc-0.8.36-develop.2026.5.7,solc-0.8.36-develop.2026.5.7,0xfe89fd96f270ac3c0f11921af0390dbb1340f704,default,aavev4hub-borrow,0xcca852bc40e560adc3b1cc58ca5b55638ce826c9,0xe2689cd4a84e23ad2f564004f1c9013e9589d260bde6380aba3ca7e09e4df411,0x000000000000000000000000a0b86991c6218b36c1d19d4a2e9eb0ce3606eb48,0x000000000000000000000000a0b86991c6218b36c1d19d4a2e9eb0ce3606eb48,true
solc-0.8.36-develop.2026.5.7,solc-0.8.36-develop.2026.5.7,0xfe89fd96f270ac3c0f11921af0390dbb1340f704,default,aavev4hub-borrow,0xcca852bc40e560adc3b1cc58ca5b55638ce826c9,0xe2689cd4a84e23ad2f564004f1c9013e9589d260bde6380aba3ca7e09e4df412,0x000000000000000000000000ad88791b0f81d1fa242f637eb05bee0cbc53fe2f,0x000000000000000000000000ad88791b0f81d1fa242f637eb05bee0cbc53fe2f,true
solc-0.8.36-develop.2026.5.7,solc-0.8.36-develop.2026.5.7,0xfe89fd96f270ac3c0f11921af0390dbb1340f704,default,aavev4hub-borrow,0xcca852bc40e560adc3b1cc58ca5b55638ce826c9,0xe2689cd4a84e23ad2f564004f1c9013e9589d260bde6380aba3ca7e09e4df415,0x0000000000000000000000000000000000000000000000000000000000000000,0x0000000000000000000000000000000000000000000000000000000000000000,true
solc-0.8.36-develop.2026.5.7,solc-0.8.36-develop.2026.5.7,0xfe89fd96f270ac3c0f11921af0390dbb1340f704,default,aavev4hub-repay,0x65407b940966954b23dfa3caa5c0702bb42984dc,0x34feb403857d4bd24516bc55fd629454fb07ab79bf97e76619cddfa97f711514,0x0000000000000000000000000000000000000000000000000000000000000000,0x0000000000000000000000000000000000000000000000000000000000000000,true
solc-0.8.36-develop.2026.5.7,solc-0.8.36-develop.2026.5.7,0xfe89fd96f270ac3c0f11921af0390dbb1340f704,default,aavev4hub-repay,0x65407b940966954b23dfa3caa5c0702bb42984dc,0x360894a13ba1a3210667c828492db98dca3e2076cc3735a920a3ca505d382bbc,0x00000000000000000000000070ed94a65df287dc54184963d7a9edc83dd34223,0x00000000000000000000000070ed94a65df287dc54184963d7a9edc83dd34223,true
solc-0.8.36-develop.2026.5.7,solc-0.8.36-develop.2026.5.7,0xfe89fd96f270ac3c0f11921af0390dbb1340f704,default,aavev4hub-repay,0x65407b940966954b23dfa3caa5c0702bb42984dc,0x3f564729ae51a8fccae3c814006b6fbcf6458a800032ad37470e985541986a5e,0x0000000000000000000000000000000000000000000000000000000000000000,0x0000000000000000000000000000000000000000000000000000000000000000,true
solc-0.8.36-develop.2026.5.7,solc-0.8.36-develop.2026.5.7,0xfe89fd96f270ac3c0f11921af0390dbb1340f704,default,aavev4hub-repay,0x65407b940966954b23dfa3caa5c0702bb42984dc,0x3f564729ae51a8fccae3c814006b6fbcf6458a800032ad37470e985541986a5f,0x0000000000000000000000000000000000000000000000000000000000000000,0x0000000000000000000000000000000000000000000000000000000000000000,true
solc-0.8.36-develop.2026.5.7,solc-0.8.36-develop.2026.5.7,0xfe89fd96f270ac3c0f11921af0390dbb1340f704,default,aavev4hub-repay,0x65407b940966954b23dfa3caa5c0702bb42984dc,0xacd8ef244210bb6898e73c48bf820ed8ecc857a3bab8d79c10e4fa92b1e9ca65,0x000000000000000000000000dac17f958d2ee523a2206206994597c13d831ec7,0x000000000000000000000000dac17f958d2ee523a2206206994597c13d831ec7,true
solc-0.8.36-develop.2026.5.7,solc-0.8.36-develop.2026.5.7,0xfe89fd96f270ac3c0f11921af0390dbb1340f704,default,aavev4hub-repay,0x65407b940966954b23dfa3caa5c0702bb42984dc,0xacd8ef244210bb6898e73c48bf820ed8ecc857a3bab8d79c10e4fa92b1e9ca66,0x00000000000c000000060004cca852bc40e560adc3b1cc58ca5b55638ce826c9,0x00000000000c000000060004cca852bc40e560adc3b1cc58ca5b55638ce826c9,true
solc-0.8.36-develop.2026.5.7,solc-0.8.36-develop.2026.5.7,0xfe89fd96f270ac3c0f11921af0390dbb1340f704,default,aavev4hub-repay,0x65407b940966954b23dfa3caa5c0702bb42984dc,0xf4f75388d1069e4e30c21ff369fde7194e942d194ea70085a3138398c769bb62,0x0000000000000000000000000000000000000000000000000000000000000002,0x0000000000000000000000000000000000000000000000000000000000000002,true
solc-0.8.36-develop.2026.5.7,solc-0.8.36-develop.2026.5.7,0xfe89fd96f270ac3c0f11921af0390dbb1340f704,default,aavev4hub-repay,0xad88791b0f81d1fa242f637eb05bee0cbc53fe2f,0x52d75039926638d3c558b2bdefb945d5be8dae29dedd1c313212a4d472d9fde5,0x000000000000000000000000000000000000000007d0000001900000000023f0,0x000000000000000000000000000000000000000007d0000001900000000023f0,true
solc-0.8.36-develop.2026.5.7,solc-0.8.36-develop.2026.5.7,0xfe89fd96f270ac3c0f11921af0390dbb1340f704,default,aavev4hub-repay,0xcca852bc40e560adc3b1cc58ca5b55638ce826c9,0x360894a13ba1a3210667c828492db98dca3e2076cc3735a920a3ca505d382bbc,0x000000000000000000000000fe89fd96f270ac3c0f11921af0390dbb1340f704,0x000000000000000000000000fe89fd96f270ac3c0f11921af0390dbb1340f704,true
solc-0.8.36-develop.2026.5.7,solc-0.8.36-develop.2026.5.7,0xfe89fd96f270ac3c0f11921af0390dbb1340f704,default,aavev4hub-repay,0xcca852bc40e560adc3b1cc58ca5b55638ce826c9,0x3ecc32a16dd883599cd1f3781d816cd0dfa0bbefd4999b54c60caa6f4647aacd,0x00000000000000000000000000000000000000000000000000000017833c540f,0x00000000000000000000000000000000000000000000000000000017833c540f,true
solc-0.8.36-develop.2026.5.7,solc-0.8.36-develop.2026.5.7,0xfe89fd96f270ac3c0f11921af0390dbb1340f704,default,aavev4hub-repay,0xcca852bc40e560adc3b1cc58ca5b55638ce826c9,0x3ecc32a16dd883599cd1f3781d816cd0dfa0bbefd4999b54c60caa6f4647aace,0x0000000000000000000000000000000000000000000000000000000000000000,0x0000000000000000000000000000000000000000000000000000000000000000,true
solc-0.8.36-develop.2026.5.7,solc-0.8.36-develop.2026.5.7,0xfe89fd96f270ac3c0f11921af0390dbb1340f704,default,aavev4hub-repay,0xcca852bc40e560adc3b1cc58ca5b55638ce826c9,0x3ecc32a16dd883599cd1f3781d816cd0dfa0bbefd4999b54c60caa6f4647aacf,0x000000010000000000030d400000000000000000000000000000000000000000,0x000000010000000000030d400000000000000000000000000000000000000000,true
solc-0.8.36-develop.2026.5.7,solc-0.8.36-develop.2026.5.7,0xfe89fd96f270ac3c0f11921af0390dbb1340f704,default,aavev4hub-repay,0xcca852bc40e560adc3b1cc58ca5b55638ce826c9,0xedc95719e9a3b28dd8e80877cb5880a9be7de1a13fc8b05e7999683b6b567643,0x0006000000000000000000000016f9b218000000000000000000003ae57ed1ec,0x0006000000000000000000000016f9b218000000000000000000003ae57ed1ec,true
solc-0.8.36-develop.2026.5.7,solc-0.8.36-develop.2026.5.7,0xfe89fd96f270ac3c0f11921af0390dbb1340f704,default,aavev4hub-repay,0xcca852bc40e560adc3b1cc58ca5b55638ce826c9,0xedc95719e9a3b28dd8e80877cb5880a9be7de1a13fc8b05e7999683b6b567644,0x00000000000000000000000000000000000000000000000000000222395497fe,0x00000000000000000000000000000000000000000000000000000222395497fe,true
solc-0.8.36-develop.2026.5.7,solc-0.8.36-develop.2026.5.7,0xfe89fd96f270ac3c0f11921af0390dbb1340f704,default,aavev4hub-repay,0xcca852bc40e560adc3b1cc58ca5b55638ce826c9,0xedc95719e9a3b28dd8e80877cb5880a9be7de1a13fc8b05e7999683b6b567645,0x0000000000000000000000000000000000000000000000000000000000000000,0x0000000000000000000000000000000000000000000000000000000000000000,true
solc-0.8.36-develop.2026.5.7,solc-0.8.36-develop.2026.5.7,0xfe89fd96f270ac3c0f11921af0390dbb1340f704,default,aavev4hub-repay,0xcca852bc40e560adc3b1cc58ca5b55638ce826c9,0xedc95719e9a3b28dd8e80877cb5880a9be7de1a13fc8b05e7999683b6b567646,0x03e800000000000000000000000000000000000000000000000001e6ff7d6c7f,0x03e800000000000000000000000000000000000000000000000001e6ff7d6c7f,true
solc-0.8.36-develop.2026.5.7,solc-0.8.36-develop.2026.5.7,0xfe89fd96f270ac3c0f11921af0390dbb1340f704,default,aavev4hub-repay,0xcca852bc40e560adc3b1cc58ca5b55638ce826c9,0xedc95719e9a3b28dd8e80877cb5880a9be7de1a13fc8b05e7999683b6b567647,0x0069fcdd930020191cceb19fadb96b553e000000033e8459528d1f270df1d41b,0x0069fcdd930020191cceb19fadb96b553e000000033e8459528d1f270df1d41b,true
solc-0.8.36-develop.2026.5.7,solc-0.8.36-develop.2026.5.7,0xfe89fd96f270ac3c0f11921af0390dbb1340f704,default,aavev4hub-repay,0xcca852bc40e560adc3b1cc58ca5b55638ce826c9,0xedc95719e9a3b28dd8e80877cb5880a9be7de1a13fc8b05e7999683b6b567648,0x000000000000000000000000dac17f958d2ee523a2206206994597c13d831ec7,0x000000000000000000000000dac17f958d2ee523a2206206994597c13d831ec7,true
solc-0.8.36-develop.2026.5.7,solc-0.8.36-develop.2026.5.7,0xfe89fd96f270ac3c0f11921af0390dbb1340f704,default,aavev4hub-repay,0xcca852bc40e560adc3b1cc58ca5b55638ce826c9,0xedc95719e9a3b28dd8e80877cb5880a9be7de1a13fc8b05e7999683b6b567649,0x000000000000000000000000ad88791b0f81d1fa242f637eb05bee0cbc53fe2f,0x000000000000000000000000ad88791b0f81d1fa242f637eb05bee0cbc53fe2f,true
solc-0.8.36-develop.2026.5.7,solc-0.8.36-develop.2026.5.7,0xfe89fd96f270ac3c0f11921af0390dbb1340f704,default,aavev4hub-repay,0xcca852bc40e560adc3b1cc58ca5b55638ce826c9,0xedc95719e9a3b28dd8e80877cb5880a9be7de1a13fc8b05e7999683b6b56764c,0x0000000000000000000000000000000000000000000000000000000000000000,0x0000000000000000000000000000000000000000000000000000000000000000,true
solc-0.8.36-develop.2026.5.7,solc-0.8.36-develop.2026.5.7,0xfe89fd96f270ac3c0f11921af0390dbb1340f704,default,aavev4hub-repay,0xdac17f958d2ee523a2206206994597c13d831ec7,0x0000000000000000000000000000000000000000000000000000000000000000,0x000000000000000000000000c6cde7c39eb2f0f0095f41570af89efc2c1ea828,0x000000000000000000000000c6cde7c39eb2f0f0095f41570af89efc2c1ea828,true
solc-0.8.36-develop.2026.5.7,solc-0.8.36-develop.2026.5.7,0xfe89fd96f270ac3c0f11921af0390dbb1340f704,default,aavev4hub-repay,0xdac17f958d2ee523a2206206994597c13d831ec7,0x0000000000000000000000000000000000000000000000000000000000000003,0x0000000000000000000000000000000000000000000000000000000000000000,0x0000000000000000000000000000000000000000000000000000000000000000,true
solc-0.8.36-develop.2026.5.7,solc-0.8.36-develop.2026.5.7,0xfe89fd96f270ac3c0f11921af0390dbb1340f704,default,aavev4hub-repay,0xdac17f958d2ee523a2206206994597c13d831ec7,0x0000000000000000000000000000000000000000000000000000000000000004,0x0000000000000000000000000000000000000000000000000000000000000000,0x0000000000000000000000000000000000000000000000000000000000000000,true
solc-0.8.36-develop.2026.5.7,solc-0.8.36-develop.2026.5.7,0xfe89fd96f270ac3c0f11921af0390dbb1340f704,default,aavev4hub-repay,0xdac17f958d2ee523a2206206994597c13d831ec7,0x000000000000000000000000000000000000000000000000000000000000000a,0x0000000000000000000000000000000000000000000000000000000000000000,0x0000000000000000000000000000000000000000000000000000000000000000,true
solc-0.8.36-develop.2026.5.7,solc-0.8.36-develop.2026.5.7,0xfe89fd96f270ac3c0f11921af0390dbb1340f704,default,aavev4hub-repay,0xdac17f958d2ee523a2206206994597c13d831ec7,0x04ae87eb4537faa6b1caeeb08231c692f777967021ee0b73a69a11e4e401d756,0x0000000000000000000000000000000000000000000000000000000000476b92,0x0000000000000000000000000000000000000000000000000000000000476b92,true
solc-0.8.36-develop.2026.5.7,solc-0.8.36-develop.2026.5.7,0xfe89fd96f270ac3c0f11921af0390dbb1340f704,default,aavev4hub-repay,0xdac17f958d2ee523a2206206994597c13d831ec7,0x060a0caf14c4bb275a1a36702be067ac92c6d32d1f5ee4d12adf995a90bb4d96,0x0000000000000000000000000000000000000000000000000000000000476b92,0x0000000000000000000000000000000000000000000000000000000000476b92,true
solc-0.8.36-develop.2026.5.7,solc-0.8.36-develop.2026.5.7,0xfe89fd96f270ac3c0f11921af0390dbb1340f704,default,aavev4hub-repay,0xdac17f958d2ee523a2206206994597c13d831ec7,0x49f1d466fcbc6a83306d99a65fee793ab8f0cf6214c04f5c0e6f487c0bc653e7,0x0000000000000000000000000000000000000000000000000000000000000000,0x0000000000000000000000000000000000000000000000000000000000000000,true
solc-0.8.36-develop.2026.5.7,solc-0.8.36-develop.2026.5.7,0xfe89fd96f270ac3c0f11921af0390dbb1340f704,default,aavev4hub-repay,0xdac17f958d2ee523a2206206994597c13d831ec7,0xea785d0fd2ab5d7b012123d7e15402e754ea63714145e76813b516e4d49462a9,0x0000000000000000000000000000000000000000000000000000003ae57ed1ec,0x0000000000000000000000000000000000000000000000000000003ae57ed1ec,true
solc-0.8.36-develop.2026.5.7,solc-0.8.36-develop.2026.5.7,0xfe89fd96f270ac3c0f11921af0390dbb1340f704,optimized,aavev4hub-borrow,0x2c1d072e956affc0d435cb7ac38ef18d24d9127c,0x0000000000000000000000000000000000000000000000000000000000000002,0x0000000000000000000096d6e33b411dc1f4e3f1e894a5a5d9ce0f96738d0007,0x0000000000000000000096d6e33b411dc1f4e3f1e894a5a5d9ce0f96738d0007,true
solc-0.8.36-develop.2026.5.7,solc-0.8.36-develop.2026.5.7,0xfe89fd96f270ac3c0f11921af0390dbb1340f704,optimized,aavev4hub-borrow,0x2c1d072e956affc0d435cb7ac38ef18d24d9127c,0x0000000000000000000000000000000000000000000000000000000000000005,0x0000000000000000000000000000000000000000000000000000000000000000,0x0000000000000000000000000000000000000000000000000000000000000000,true
solc-0.8.36-develop.2026.5.7,solc-0.8.36-develop.2026.5.7,0xfe89fd96f270ac3c0f11921af0390dbb1340f704,optimized,aavev4hub-borrow,0x581b8bc9d6104f71ad6da1f483b67500968c5994,0x0000000000000000000000000000000000000000000000000000000000000001,0x000000000000000000000000000000000000000000000000000000000632ea00,0x000000000000000000000000000000000000000000000000000000000632ea00,true
solc-0.8.36-develop.2026.5.7,solc-0.8.36-develop.2026.5.7,0xfe89fd96f270ac3c0f11921af0390dbb1340f704,optimized,aavev4hub-borrow,0x8fffffd4afb6115b954bd326cbe7b4ba576818f6,0x0000000000000000000000000000000000000000000000000000000000000002,0x00000000000000000000c9e1a09622afdb659913fefe800feae5dbbfe9d70003,0x00000000000000000000c9e1a09622afdb659913fefe800feae5dbbfe9d70003,true
solc-0.8.36-develop.2026.5.7,solc-0.8.36-develop.2026.5.7,0xfe89fd96f270ac3c0f11921af0390dbb1340f704,optimized,aavev4hub-borrow,0x8fffffd4afb6115b954bd326cbe7b4ba576818f6,0x0000000000000000000000000000000000000000000000000000000000000005,0x0000000000000000000000000000000000000000000000000000000000000000,0x0000000000000000000000000000000000000000000000000000000000000000,true
solc-0.8.36-develop.2026.5.7,solc-0.8.36-develop.2026.5.7,0xfe89fd96f270ac3c0f11921af0390dbb1340f704,optimized,aavev4hub-borrow,0x94e7a5dcbe816e498b89ab752661904e2f56c485,0x0000000000000000000000000000000000000000000000000000000000000000,0x000000000000000000000000000000000000000000000000000000000000000e,0x000000000000000000000000000000000000000000000000000000000000000e,true
solc-0.8.36-develop.2026.5.7,solc-0.8.36-develop.2026.5.7,0xfe89fd96f270ac3c0f11921af0390dbb1340f704,optimized,aavev4hub-borrow,0x94e7a5dcbe816e498b89ab752661904e2f56c485,0x360894a13ba1a3210667c828492db98dca3e2076cc3735a920a3ca505d382bbc,0x000000000000000000000000abd0e26fe17bde4f1f1187ed8aa80c274e03d8b5,0x000000000000000000000000abd0e26fe17bde4f1f1187ed8aa80c274e03d8b5,true
solc-0.8.36-develop.2026.5.7,solc-0.8.36-develop.2026.5.7,0xfe89fd96f270ac3c0f11921af0390dbb1340f704,optimized,aavev4hub-borrow,0x94e7a5dcbe816e498b89ab752661904e2f56c485,0x3c44be3df2152ab29c1991a8ac1f816f5097828618f79862a65c011263dca174,0x0000000000000000000000000000000000000000000000000000000000006000,0x0000000000000000000000000000000000000000000000000000000000006000,true
solc-0.8.36-develop.2026.5.7,solc-0.8.36-develop.2026.5.7,0xfe89fd96f270ac3c0f11921af0390dbb1340f704,optimized,aavev4hub-borrow,0x94e7a5dcbe816e498b89ab752661904e2f56c485,0x4498fd5b26e96f0b0a593b291df9775bbd3ff554c0cce9de7c9fb4e3b570caf8,0x0000000000000000000000000000000000000000000000000000000000000000,0x0000000000000000000000000000000000000000000000000000000000000000,true
solc-0.8.36-develop.2026.5.7,solc-0.8.36-develop.2026.5.7,0xfe89fd96f270ac3c0f11921af0390dbb1340f704,optimized,aavev4hub-borrow,0x94e7a5dcbe816e498b89ab752661904e2f56c485,0x59dd4b18488d12f51eda69757a0ed42a2010c14b564330cc74a06895e60c077c,0x000000000008000000120010cca852bc40e560adc3b1cc58ca5b55638ce826c9,0x000000000008000000120010cca852bc40e560adc3b1cc58ca5b55638ce826c9,true
solc-0.8.36-develop.2026.5.7,solc-0.8.36-develop.2026.5.7,0xfe89fd96f270ac3c0f11921af0390dbb1340f704,optimized,aavev4hub-borrow,0x94e7a5dcbe816e498b89ab752661904e2f56c485,0xacd8ef244210bb6898e73c48bf820ed8ecc857a3bab8d79c10e4fa92b1e9ca66,0x00000000000c000000060005cca852bc40e560adc3b1cc58ca5b55638ce826c9,0x00000000000c000000060005cca852bc40e560adc3b1cc58ca5b55638ce826c9,true
solc-0.8.36-develop.2026.5.7,solc-0.8.36-develop.2026.5.7,0xfe89fd96f270ac3c0f11921af0390dbb1340f704,optimized,aavev4hub-borrow,0x94e7a5dcbe816e498b89ab752661904e2f56c485,0xeb0105a02c46ce1ccb77647d5da60d3914affe116b7576759b2f443ac6fb6e3b,0x00000000000000000000000000000000000000000000000003e800002a191bbc,0x00000000000000000000000000000000000000000000000003e800002a191bbc,true
solc-0.8.36-develop.2026.5.7,solc-0.8.36-develop.2026.5.7,0xfe89fd96f270ac3c0f11921af0390dbb1340f704,optimized,aavev4hub-borrow,0x94e7a5dcbe816e498b89ab752661904e2f56c485,0xed0931f4babc4d26b1bfea6cf161c76b40dfcb98bd04e8faac81ae51b2144b48,0x0000000000000000000000000000000000000000000000f3f20b8dfa69d00000,0x0000000000000000000000000000000000000000000000f3f20b8dfa69d00000,true
solc-0.8.36-develop.2026.5.7,solc-0.8.36-develop.2026.5.7,0xfe89fd96f270ac3c0f11921af0390dbb1340f704,optimized,aavev4hub-borrow,0x94e7a5dcbe816e498b89ab752661904e2f56c485,0xf23e5020aeaebf7d2612ef29d30a540d240a63e09f591fd4088158394b0687d4,0x00000000000000000000000000000000000000000000000000000006f4ccdf5a,0x00000000000000000000000000000000000000000000000000000006f4ccdf5a,true
solc-0.8.36-develop.2026.5.7,solc-0.8.36-develop.2026.5.7,0xfe89fd96f270ac3c0f11921af0390dbb1340f704,optimized,aavev4hub-borrow,0x94e7a5dcbe816e498b89ab752661904e2f56c485,0xf23e5020aeaebf7d2612ef29d30a540d240a63e09f591fd4088158394b0687d5,0x0000000000000000000000000000000000000000000000000000000000000000,0x0000000000000000000000000000000000000000000000000000000000000000,true
solc-0.8.36-develop.2026.5.7,solc-0.8.36-develop.2026.5.7,0xfe89fd96f270ac3c0f11921af0390dbb1340f704,optimized,aavev4hub-borrow,0x96d6e33b411dc1f4e3f1e894a5a5d9ce0f96738d,0x000000000000000000000000000000000000000000000000000000000000000b,0x00000000000000000000000000000000000000000000000068740000aff6010a,0x00000000000000000000000000000000000000000000000068740000aff6010a,true
solc-0.8.36-develop.2026.5.7,solc-0.8.36-develop.2026.5.7,0xfe89fd96f270ac3c0f11921af0390dbb1340f704,optimized,aavev4hub-borrow,0x96d6e33b411dc1f4e3f1e894a5a5d9ce0f96738d,0x640788b4657adc9baab4d87795a285ed6641e8921b9e8b0d43291044e7d50fd8,0x69fce12f69fce11b00000000000000000000000000000000000000003b227057,0x69fce12f69fce11b00000000000000000000000000000000000000003b227057,true
solc-0.8.36-develop.2026.5.7,solc-0.8.36-develop.2026.5.7,0xfe89fd96f270ac3c0f11921af0390dbb1340f704,optimized,aavev4hub-borrow,0x96d6e33b411dc1f4e3f1e894a5a5d9ce0f96738d,0xda586c5b227182720bd292f4bdeaa8b91fcc9f8cd93702354ce522a8ee2ac659,0x0000000000000000000000000000000000000000000000000000000000000001,0x0000000000000000000000000000000000000000000000000000000000000001,true
solc-0.8.36-develop.2026.5.7,solc-0.8.36-develop.2026.5.7,0xfe89fd96f270ac3c0f11921af0390dbb1340f704,optimized,aavev4hub-borrow,0x99b2b6cea9c3d2fd8f4d90f86741c44b212a6127,0x8f331abe73332f95a25873e8b430885974c0409691f89d643119a11623a7924a,0x0000000000000000000000002c1d072e956affc0d435cb7ac38ef18d24d9127c,0x0000000000000000000000002c1d072e956affc0d435cb7ac38ef18d24d9127c,true
solc-0.8.36-develop.2026.5.7,solc-0.8.36-develop.2026.5.7,0xfe89fd96f270ac3c0f11921af0390dbb1340f704,optimized,aavev4hub-borrow,0x99b2b6cea9c3d2fd8f4d90f86741c44b212a6127,0xdc686ec4a0ff239c70e7c7c36e8f853eced3bc8618f48d2b816da2a74311237e,0x000000000000000000000000581b8bc9d6104f71ad6da1f483b67500968c5994,0x000000000000000000000000581b8bc9d6104f71ad6da1f483b67500968c5994,true
solc-0.8.36-develop.2026.5.7,solc-0.8.36-develop.2026.5.7,0xfe89fd96f270ac3c0f11921af0390dbb1340f704,optimized,aavev4hub-borrow,0xa0b86991c6218b36c1d19d4a2e9eb0ce3606eb48,0x0000000000000000000000000000000000000000000000000000000000000001,0x0000000000000000000000004914f61d25e5c567143774b76edbf4d5109a8566,0x0000000000000000000000004914f61d25e5c567143774b76edbf4d5109a8566,true
solc-0.8.36-develop.2026.5.7,solc-0.8.36-develop.2026.5.7,0xfe89fd96f270ac3c0f11921af0390dbb1340f704,optimized,aavev4hub-borrow,0xa0b86991c6218b36c1d19d4a2e9eb0ce3606eb48,0x10d6a54a4754c8869d6886b5f5d7fbfa5b4522237ea5c60d11bc4e7a1ff9390b,0x000000000000000000000000807a96288a1a408dbc13de2b1d087d10356395d2,0x000000000000000000000000807a96288a1a408dbc13de2b1d087d10356395d2,true
solc-0.8.36-develop.2026.5.7,solc-0.8.36-develop.2026.5.7,0xfe89fd96f270ac3c0f11921af0390dbb1340f704,optimized,aavev4hub-borrow,0xa0b86991c6218b36c1d19d4a2e9eb0ce3606eb48,0x7050c9e0f4ca769c69bd3a8ef740bc37934f8e2c036e5a723fd8ee048ed3f8c3,0x00000000000000000000000043506849d7c04f9138d1a2050bbf3a0c054402dd,0x00000000000000000000000043506849d7c04f9138d1a2050bbf3a0c054402dd,true
solc-0.8.36-develop.2026.5.7,solc-0.8.36-develop.2026.5.7,0xfe89fd96f270ac3c0f11921af0390dbb1340f704,optimized,aavev4hub-borrow,0xa0b86991c6218b36c1d19d4a2e9eb0ce3606eb48,0x92695585ccac2945ae3019c9b19a754e0402979b3f8c29928db1909b6aa9f1eb,0x00000000000000000000000000000000000000000000000000000025ff265da8,0x00000000000000000000000000000000000000000000000000000025ff265da8,true
solc-0.8.36-develop.2026.5.7,solc-0.8.36-develop.2026.5.7,0xfe89fd96f270ac3c0f11921af0390dbb1340f704,optimized,aavev4hub-borrow,0xa0b86991c6218b36c1d19d4a2e9eb0ce3606eb48,0xb441100fe50211b58a5ab406babfb303c469dd2b384ff23bfb61616d2989da92,0x00000000000000000000000000000000000000000000000000000006fc23ae58,0x00000000000000000000000000000000000000000000000000000006fc23ae58,true
solc-0.8.36-develop.2026.5.7,solc-0.8.36-develop.2026.5.7,0xfe89fd96f270ac3c0f11921af0390dbb1340f704,optimized,aavev4hub-borrow,0xad88791b0f81d1fa242f637eb05bee0cbc53fe2f,0x2b232c97452f0950c94e2539fdc7e69d21166113cf7a9bcb99b220a3fe5d720a,0x000000000000000000000000000000000000000007d0000001900000000023f0,0x000000000000000000000000000000000000000007d0000001900000000023f0,true
solc-0.8.36-develop.2026.5.7,solc-0.8.36-develop.2026.5.7,0xfe89fd96f270ac3c0f11921af0390dbb1340f704,optimized,aavev4hub-borrow,0xc9e1a09622afdb659913fefe800feae5dbbfe9d7,0x000000000000000000000000000000000000000000000000000000000000000b,0x00000000000000000000000000000000000000000000000003a40001ff190405,0x00000000000000000000000000000000000000000000000003a40001ff190405,true
solc-0.8.36-develop.2026.5.7,solc-0.8.36-develop.2026.5.7,0xfe89fd96f270ac3c0f11921af0390dbb1340f704,optimized,aavev4hub-borrow,0xc9e1a09622afdb659913fefe800feae5dbbfe9d7,0xee57703936e11cb83ff18ce2a0656a9dda182fc8ee76e6bf18bd3333ccd3ffd3,0x69fc469769fc4688000000000000000000000000000000000000000005f5a280,0x69fc469769fc4688000000000000000000000000000000000000000005f5a280,true
solc-0.8.36-develop.2026.5.7,solc-0.8.36-develop.2026.5.7,0xfe89fd96f270ac3c0f11921af0390dbb1340f704,optimized,aavev4hub-borrow,0xc9e1a09622afdb659913fefe800feae5dbbfe9d7,0xf8ad5150ff7987f0464cd848559b538152a0a36ed83b24aa0c11a5e92599ffd7,0x0000000000000000000000000000000000000000000000000000000000000001,0x0000000000000000000000000000000000000000000000000000000000000001,true
solc-0.8.36-develop.2026.5.7,solc-0.8.36-develop.2026.5.7,0xfe89fd96f270ac3c0f11921af0390dbb1340f704,optimized,aavev4hub-borrow,0xcca852bc40e560adc3b1cc58ca5b55638ce826c9,0x360894a13ba1a3210667c828492db98dca3e2076cc3735a920a3ca505d382bbc,0x000000000000000000000000fe89fd96f270ac3c0f11921af0390dbb1340f704,0x000000000000000000000000fe89fd96f270ac3c0f11921af0390dbb1340f704,true
solc-0.8.36-develop.2026.5.7,solc-0.8.36-develop.2026.5.7,0xfe89fd96f270ac3c0f11921af0390dbb1340f704,optimized,aavev4hub-borrow,0xcca852bc40e560adc3b1cc58ca5b55638ce826c9,0x755311b9e2cee471a91b161ccc5deed933d844b5af2b885543cc3c04eb640983,0x001200000000000000000000000000000000000000001241c133ed379d5f9b19,0x001200000000000000000000000000000000000000001241c133ed379d5f9b19,true
solc-0.8.36-develop.2026.5.7,solc-0.8.36-develop.2026.5.7,0xfe89fd96f270ac3c0f11921af0390dbb1340f704,optimized,aavev4hub-borrow,0xcca852bc40e560adc3b1cc58ca5b55638ce826c9,0x755311b9e2cee471a91b161ccc5deed933d844b5af2b885543cc3c04eb640984,0x000000000000000000000000000000000000000000001241c133ed379d5f9b19,0x000000000000000000000000000000000000000000001241c133ed379d5f9b19,true
solc-0.8.36-develop.2026.5.7,solc-0.8.36-develop.2026.5.7,0xfe89fd96f270ac3c0f11921af0390dbb1340f704,optimized,aavev4hub-borrow,0xcca852bc40e560adc3b1cc58ca5b55638ce826c9,0x755311b9e2cee471a91b161ccc5deed933d844b5af2b885543cc3c04eb640985,0x0000000000000000000000000000000000000000000000000000000000000000,0x0000000000000000000000000000000000000000000000000000000000000000,true
solc-0.8.36-develop.2026.5.7,solc-0.8.36-develop.2026.5.7,0xfe89fd96f270ac3c0f11921af0390dbb1340f704,optimized,aavev4hub-borrow,0xcca852bc40e560adc3b1cc58ca5b55638ce826c9,0x755311b9e2cee471a91b161ccc5deed933d844b5af2b885543cc3c04eb640986,0x0000000000000000000000000000000000000000000000000000000000000000,0x0000000000000000000000000000000000000000000000000000000000000000,true
solc-0.8.36-develop.2026.5.7,solc-0.8.36-develop.2026.5.7,0xfe89fd96f270ac3c0f11921af0390dbb1340f704,optimized,aavev4hub-borrow,0xcca852bc40e560adc3b1cc58ca5b55638ce826c9,0x755311b9e2cee471a91b161ccc5deed933d844b5af2b885543cc3c04eb640987,0x0069fce55b000000000000000000000000000000033b2e3c9fd0803ce8000000,0x0069fce55b000000000000000000000000000000033b2e3c9fd0803ce8000000,true
solc-0.8.36-develop.2026.5.7,solc-0.8.36-develop.2026.5.7,0xfe89fd96f270ac3c0f11921af0390dbb1340f704,optimized,aavev4hub-borrow,0xcca852bc40e560adc3b1cc58ca5b55638ce826c9,0x755311b9e2cee471a91b161ccc5deed933d844b5af2b885543cc3c04eb64098c,0x0000000000000000000000000000000000000000000000000000000000000000,0x0000000000000000000000000000000000000000000000000000000000000000,true
solc-0.8.36-develop.2026.5.7,solc-0.8.36-develop.2026.5.7,0xfe89fd96f270ac3c0f11921af0390dbb1340f704,optimized,aavev4hub-borrow,0xcca852bc40e560adc3b1cc58ca5b55638ce826c9,0xb98d39dd7f8c58a7de07a240db1814ab05b9c6c8912d8daaf2ff31c413f37c51,0x0000000000000000000000000000000000000000000000000000020f9289247d,0x0000000000000000000000000000000000000000000000000000020f9289247d,true
solc-0.8.36-develop.2026.5.7,solc-0.8.36-develop.2026.5.7,0xfe89fd96f270ac3c0f11921af0390dbb1340f704,optimized,aavev4hub-borrow,0xcca852bc40e560adc3b1cc58ca5b55638ce826c9,0xb98d39dd7f8c58a7de07a240db1814ab05b9c6c8912d8daaf2ff31c413f37c52,0x0000000000000000000000000000000000000000000000000000000000000000,0x0000000000000000000000000000000000000000000000000000000000000000,true
solc-0.8.36-develop.2026.5.7,solc-0.8.36-develop.2026.5.7,0xfe89fd96f270ac3c0f11921af0390dbb1340f704,optimized,aavev4hub-borrow,0xcca852bc40e560adc3b1cc58ca5b55638ce826c9,0xb98d39dd7f8c58a7de07a240db1814ab05b9c6c8912d8daaf2ff31c413f37c53,0x0000000100000000005b8d8000005b8d800000000000000000000226fdb34d8e,0x0000000100000000005b8d8000005b8d800000000000000000000226fdb34d8e,true
solc-0.8.36-develop.2026.5.7,solc-0.8.36-develop.2026.5.7,0xfe89fd96f270ac3c0f11921af0390dbb1340f704,optimized,aavev4hub-borrow,0xcca852bc40e560adc3b1cc58ca5b55638ce826c9,0xb98d39dd7f8c58a7de07a240db1814ab05b9c6c8912d8daaf2ff31c413f37c54,0x0000000000000000000000000000000000000000000000000000000000000000,0x0000000000000000000000000000000000000000000000000000000000000000,true
solc-0.8.36-develop.2026.5.7,solc-0.8.36-develop.2026.5.7,0xfe89fd96f270ac3c0f11921af0390dbb1340f704,optimized,aavev4hub-borrow,0xcca852bc40e560adc3b1cc58ca5b55638ce826c9,0xe2689cd4a84e23ad2f564004f1c9013e9589d260bde6380aba3ca7e09e4df40c,0x0006000000000000000000000028331b640000000000000000000025ff265c6d,0x0006000000000000000000000028331b640000000000000000000025ff265c6d,true
solc-0.8.36-develop.2026.5.7,solc-0.8.36-develop.2026.5.7,0xfe89fd96f270ac3c0f11921af0390dbb1340f704,optimized,aavev4hub-borrow,0xcca852bc40e560adc3b1cc58ca5b55638ce826c9,0xe2689cd4a84e23ad2f564004f1c9013e9589d260bde6380aba3ca7e09e4df40d,0x00000000000000000000000000000000000000000000000000000260fb379a9f,0x00000000000000000000000000000000000000000000000000000260fb379a9f,true
solc-0.8.36-develop.2026.5.7,solc-0.8.36-develop.2026.5.7,0xfe89fd96f270ac3c0f11921af0390dbb1340f704,optimized,aavev4hub-borrow,0xcca852bc40e560adc3b1cc58ca5b55638ce826c9,0xe2689cd4a84e23ad2f564004f1c9013e9589d260bde6380aba3ca7e09e4df40e,0x0000000000000000000000000000000000000000000000000000000000000000,0x0000000000000000000000000000000000000000000000000000000000000000,true
solc-0.8.36-develop.2026.5.7,solc-0.8.36-develop.2026.5.7,0xfe89fd96f270ac3c0f11921af0390dbb1340f704,optimized,aavev4hub-borrow,0xcca852bc40e560adc3b1cc58ca5b55638ce826c9,0xe2689cd4a84e23ad2f564004f1c9013e9589d260bde6380aba3ca7e09e4df40f,0x03e8000000000000000000000000000000000000000000000000023a9f504f7a,0x03e8000000000000000000000000000000000000000000000000023a9f504f7a,true
solc-0.8.36-develop.2026.5.7,solc-0.8.36-develop.2026.5.7,0xfe89fd96f270ac3c0f11921af0390dbb1340f704,optimized,aavev4hub-borrow,0xcca852bc40e560adc3b1cc58ca5b55638ce826c9,0xe2689cd4a84e23ad2f564004f1c9013e9589d260bde6380aba3ca7e09e4df410,0x0069fce6cf0045ea81970c084d94cdb49b000000033e96f01e6c78ab999f17dd,0x0069fce6cf0045ea81970c084d94cdb49b000000033e96f01e6c78ab999f17dd,true
solc-0.8.36-develop.2026.5.7,solc-0.8.36-develop.2026.5.7,0xfe89fd96f270ac3c0f11921af0390dbb1340f704,optimized,aavev4hub-borrow,0xcca852bc40e560adc3b1cc58ca5b55638ce826c9,0xe2689cd4a84e23ad2f564004f1c9013e9589d260bde6380aba3ca7e09e4df411,0x000000000000000000000000a0b86991c6218b36c1d19d4a2e9eb0ce3606eb48,0x000000000000000000000000a0b86991c6218b36c1d19d4a2e9eb0ce3606eb48,true
solc-0.8.36-develop.2026.5.7,solc-0.8.36-develop.2026.5.7,0xfe89fd96f270ac3c0f11921af0390dbb1340f704,optimized,aavev4hub-borrow,0xcca852bc40e560adc3b1cc58ca5b55638ce826c9,0xe2689cd4a84e23ad2f564004f1c9013e9589d260bde6380aba3ca7e09e4df412,0x000000000000000000000000ad88791b0f81d1fa242f637eb05bee0cbc53fe2f,0x000000000000000000000000ad88791b0f81d1fa242f637eb05bee0cbc53fe2f,true
solc-0.8.36-develop.2026.5.7,solc-0.8.36-develop.2026.5.7,0xfe89fd96f270ac3c0f11921af0390dbb1340f704,optimized,aavev4hub-borrow,0xcca852bc40e560adc3b1cc58ca5b55638ce826c9,0xe2689cd4a84e23ad2f564004f1c9013e9589d260bde6380aba3ca7e09e4df415,0x0000000000000000000000000000000000000000000000000000000000000000,0x0000000000000000000000000000000000000000000000000000000000000000,true
solc-0.8.36-develop.2026.5.7,solc-0.8.36-develop.2026.5.7,0xfe89fd96f270ac3c0f11921af0390dbb1340f704,optimized,aavev4hub-repay,0x65407b940966954b23dfa3caa5c0702bb42984dc,0x34feb403857d4bd24516bc55fd629454fb07ab79bf97e76619cddfa97f711514,0x0000000000000000000000000000000000000000000000000000000000000000,0x0000000000000000000000000000000000000000000000000000000000000000,true
solc-0.8.36-develop.2026.5.7,solc-0.8.36-develop.2026.5.7,0xfe89fd96f270ac3c0f11921af0390dbb1340f704,optimized,aavev4hub-repay,0x65407b940966954b23dfa3caa5c0702bb42984dc,0x360894a13ba1a3210667c828492db98dca3e2076cc3735a920a3ca505d382bbc,0x00000000000000000000000070ed94a65df287dc54184963d7a9edc83dd34223,0x00000000000000000000000070ed94a65df287dc54184963d7a9edc83dd34223,true
solc-0.8.36-develop.2026.5.7,solc-0.8.36-develop.2026.5.7,0xfe89fd96f270ac3c0f11921af0390dbb1340f704,optimized,aavev4hub-repay,0x65407b940966954b23dfa3caa5c0702bb42984dc,0x3f564729ae51a8fccae3c814006b6fbcf6458a800032ad37470e985541986a5e,0x0000000000000000000000000000000000000000000000000000000000000000,0x0000000000000000000000000000000000000000000000000000000000000000,true
solc-0.8.36-develop.2026.5.7,solc-0.8.36-develop.2026.5.7,0xfe89fd96f270ac3c0f11921af0390dbb1340f704,optimized,aavev4hub-repay,0x65407b940966954b23dfa3caa5c0702bb42984dc,0x3f564729ae51a8fccae3c814006b6fbcf6458a800032ad37470e985541986a5f,0x0000000000000000000000000000000000000000000000000000000000000000,0x0000000000000000000000000000000000000000000000000000000000000000,true
solc-0.8.36-develop.2026.5.7,solc-0.8.36-develop.2026.5.7,0xfe89fd96f270ac3c0f11921af0390dbb1340f704,optimized,aavev4hub-repay,0x65407b940966954b23dfa3caa5c0702bb42984dc,0xacd8ef244210bb6898e73c48bf820ed8ecc857a3bab8d79c10e4fa92b1e9ca65,0x000000000000000000000000dac17f958d2ee523a2206206994597c13d831ec7,0x000000000000000000000000dac17f958d2ee523a2206206994597c13d831ec7,true
solc-0.8.36-develop.2026.5.7,solc-0.8.36-develop.2026.5.7,0xfe89fd96f270ac3c0f11921af0390dbb1340f704,optimized,aavev4hub-repay,0x65407b940966954b23dfa3caa5c0702bb42984dc,0xacd8ef244210bb6898e73c48bf820ed8ecc857a3bab8d79c10e4fa92b1e9ca66,0x00000000000c000000060004cca852bc40e560adc3b1cc58ca5b55638ce826c9,0x00000000000c000000060004cca852bc40e560adc3b1cc58ca5b55638ce826c9,true
solc-0.8.36-develop.2026.5.7,solc-0.8.36-develop.2026.5.7,0xfe89fd96f270ac3c0f11921af0390dbb1340f704,optimized,aavev4hub-repay,0x65407b940966954b23dfa3caa5c0702bb42984dc,0xf4f75388d1069e4e30c21ff369fde7194e942d194ea70085a3138398c769bb62,0x0000000000000000000000000000000000000000000000000000000000000002,0x0000000000000000000000000000000000000000000000000000000000000002,true
solc-0.8.36-develop.2026.5.7,solc-0.8.36-develop.2026.5.7,0xfe89fd96f270ac3c0f11921af0390dbb1340f704,optimized,aavev4hub-repay,0xad88791b0f81d1fa242f637eb05bee0cbc53fe2f,0x52d75039926638d3c558b2bdefb945d5be8dae29dedd1c313212a4d472d9fde5,0x000000000000000000000000000000000000000007d0000001900000000023f0,0x000000000000000000000000000000000000000007d0000001900000000023f0,true
solc-0.8.36-develop.2026.5.7,solc-0.8.36-develop.2026.5.7,0xfe89fd96f270ac3c0f11921af0390dbb1340f704,optimized,aavev4hub-repay,0xcca852bc40e560adc3b1cc58ca5b55638ce826c9,0x360894a13ba1a3210667c828492db98dca3e2076cc3735a920a3ca505d382bbc,0x000000000000000000000000fe89fd96f270ac3c0f11921af0390dbb1340f704,0x000000000000000000000000fe89fd96f270ac3c0f11921af0390dbb1340f704,true
solc-0.8.36-develop.2026.5.7,solc-0.8.36-develop.2026.5.7,0xfe89fd96f270ac3c0f11921af0390dbb1340f704,optimized,aavev4hub-repay,0xcca852bc40e560adc3b1cc58ca5b55638ce826c9,0x3ecc32a16dd883599cd1f3781d816cd0dfa0bbefd4999b54c60caa6f4647aacd,0x00000000000000000000000000000000000000000000000000000017833c540f,0x00000000000000000000000000000000000000000000000000000017833c540f,true
solc-0.8.36-develop.2026.5.7,solc-0.8.36-develop.2026.5.7,0xfe89fd96f270ac3c0f11921af0390dbb1340f704,optimized,aavev4hub-repay,0xcca852bc40e560adc3b1cc58ca5b55638ce826c9,0x3ecc32a16dd883599cd1f3781d816cd0dfa0bbefd4999b54c60caa6f4647aace,0x0000000000000000000000000000000000000000000000000000000000000000,0x0000000000000000000000000000000000000000000000000000000000000000,true
solc-0.8.36-develop.2026.5.7,solc-0.8.36-develop.2026.5.7,0xfe89fd96f270ac3c0f11921af0390dbb1340f704,optimized,aavev4hub-repay,0xcca852bc40e560adc3b1cc58ca5b55638ce826c9,0x3ecc32a16dd883599cd1f3781d816cd0dfa0bbefd4999b54c60caa6f4647aacf,0x000000010000000000030d400000000000000000000000000000000000000000,0x000000010000000000030d400000000000000000000000000000000000000000,true
solc-0.8.36-develop.2026.5.7,solc-0.8.36-develop.2026.5.7,0xfe89fd96f270ac3c0f11921af0390dbb1340f704,optimized,aavev4hub-repay,0xcca852bc40e560adc3b1cc58ca5b55638ce826c9,0xedc95719e9a3b28dd8e80877cb5880a9be7de1a13fc8b05e7999683b6b567643,0x0006000000000000000000000016f9b218000000000000000000003ae57ed1ec,0x0006000000000000000000000016f9b218000000000000000000003ae57ed1ec,true
solc-0.8.36-develop.2026.5.7,solc-0.8.36-develop.2026.5.7,0xfe89fd96f270ac3c0f11921af0390dbb1340f704,optimized,aavev4hub-repay,0xcca852bc40e560adc3b1cc58ca5b55638ce826c9,0xedc95719e9a3b28dd8e80877cb5880a9be7de1a13fc8b05e7999683b6b567644,0x00000000000000000000000000000000000000000000000000000222395497fe,0x00000000000000000000000000000000000000000000000000000222395497fe,true
solc-0.8.36-develop.2026.5.7,solc-0.8.36-develop.2026.5.7,0xfe89fd96f270ac3c0f11921af0390dbb1340f704,optimized,aavev4hub-repay,0xcca852bc40e560adc3b1cc58ca5b55638ce826c9,0xedc95719e9a3b28dd8e80877cb5880a9be7de1a13fc8b05e7999683b6b567645,0x0000000000000000000000000000000000000000000000000000000000000000,0x0000000000000000000000000000000000000000000000000000000000000000,true
solc-0.8.36-develop.2026.5.7,solc-0.8.36-develop.2026.5.7,0xfe89fd96f270ac3c0f11921af0390dbb1340f704,optimized,aavev4hub-repay,0xcca852bc40e560adc3b1cc58ca5b55638ce826c9,0xedc95719e9a3b28dd8e80877cb5880a9be7de1a13fc8b05e7999683b6b567646,0x03e800000000000000000000000000000000000000000000000001e6ff7d6c7f,0x03e800000000000000000000000000000000000000000000000001e6ff7d6c7f,true
solc-0.8.36-develop.2026.5.7,solc-0.8.36-develop.2026.5.7,0xfe89fd96f270ac3c0f11921af0390dbb1340f704,optimized,aavev4hub-repay,0xcca852bc40e560adc3b1cc58ca5b55638ce826c9,0xedc95719e9a3b28dd8e80877cb5880a9be7de1a13fc8b05e7999683b6b567647,0x0069fcdd930020191cceb19fadb96b553e000000033e8459528d1f270df1d41b,0x0069fcdd930020191cceb19fadb96b553e000000033e8459528d1f270df1d41b,true
solc-0.8.36-develop.2026.5.7,solc-0.8.36-develop.2026.5.7,0xfe89fd96f270ac3c0f11921af0390dbb1340f704,optimized,aavev4hub-repay,0xcca852bc40e560adc3b1cc58ca5b55638ce826c9,0xedc95719e9a3b28dd8e80877cb5880a9be7de1a13fc8b05e7999683b6b567648,0x000000000000000000000000dac17f958d2ee523a2206206994597c13d831ec7,0x000000000000000000000000dac17f958d2ee523a2206206994597c13d831ec7,true
solc-0.8.36-develop.2026.5.7,solc-0.8.36-develop.2026.5.7,0xfe89fd96f270ac3c0f11921af0390dbb1340f704,optimized,aavev4hub-repay,0xcca852bc40e560adc3b1cc58ca5b55638ce826c9,0xedc95719e9a3b28dd8e80877cb5880a9be7de1a13fc8b05e7999683b6b567649,0x000000000000000000000000ad88791b0f81d1fa242f637eb05bee0cbc53fe2f,0x000000000000000000000000ad88791b0f81d1fa242f637eb05bee0cbc53fe2f,true
solc-0.8.36-develop.2026.5.7,solc-0.8.36-develop.2026.5.7,0xfe89fd96f270ac3c0f11921af0390dbb1340f704,optimized,aavev4hub-repay,0xcca852bc40e560adc3b1cc58ca5b55638ce826c9,0xedc95719e9a3b28dd8e80877cb5880a9be7de1a13fc8b05e7999683b6b56764c,0x0000000000000000000000000000000000000000000000000000000000000000,0x0000000000000000000000000000000000000000000000000000000000000000,true
solc-0.8.36-develop.2026.5.7,solc-0.8.36-develop.2026.5.7,0xfe89fd96f270ac3c0f11921af0390dbb1340f704,optimized,aavev4hub-repay,0xdac17f958d2ee523a2206206994597c13d831ec7,0x0000000000000000000000000000000000000000000000000000000000000000,0x000000000000000000000000c6cde7c39eb2f0f0095f41570af89efc2c1ea828,0x000000000000000000000000c6cde7c39eb2f0f0095f41570af89efc2c1ea828,true
solc-0.8.36-develop.2026.5.7,solc-0.8.36-develop.2026.5.7,0xfe89fd96f270ac3c0f11921af0390dbb1340f704,optimized,aavev4hub-repay,0xdac17f958d2ee523a2206206994597c13d831ec7,0x0000000000000000000000000000000000000000000000000000000000000003,0x0000000000000000000000000000000000000000000000000000000000000000,0x0000000000000000000000000000000000000000000000000000000000000000,true
solc-0.8.36-develop.2026.5.7,solc-0.8.36-develop.2026.5.7,0xfe89fd96f270ac3c0f11921af0390dbb1340f704,optimized,aavev4hub-repay,0xdac17f958d2ee523a2206206994597c13d831ec7,0x0000000000000000000000000000000000000000000000000000000000000004,0x0000000000000000000000000000000000000000000000000000000000000000,0x0000000000000000000000000000000000000000000000000000000000000000,true
solc-0.8.36-develop.2026.5.7,solc-0.8.36-develop.2026.5.7,0xfe89fd96f270ac3c0f11921af0390dbb1340f704,optimized,aavev4hub-repay,0xdac17f958d2ee523a2206206994597c13d831ec7,0x000000000000000000000000000000000000000000000000000000000000000a,0x0000000000000000000000000000000000000000000000000000000000000000,0x0000000000000000000000000000000000000000000000000000000000000000,true
solc-0.8.36-develop.2026.5.7,solc-0.8.36-develop.2026.5.7,0xfe89fd96f270ac3c0f11921af0390dbb1340f704,optimized,aavev4hub-repay,0xdac17f958d2ee523a2206206994597c13d831ec7,0x04ae87eb4537faa6b1caeeb08231c692f777967021ee0b73a69a11e4e401d756,0x0000000000000000000000000000000000000000000000000000000000476b92,0x0000000000000000000000000000000000000000000000000000000000476b92,true
solc-0.8.36-develop.2026.5.7,solc-0.8.36-develop.2026.5.7,0xfe89fd96f270ac3c0f11921af0390dbb1340f704,optimized,aavev4hub-repay,0xdac17f958d2ee523a2206206994597c13d831ec7,0x060a0caf14c4bb275a1a36702be067ac92c6d32d1f5ee4d12adf995a90bb4d96,0x0000000000000000000000000000000000000000000000000000000000476b92,0x0000000000000000000000000000000000000000000000000000000000476b92,true
solc-0.8.36-develop.2026.5.7,solc-0.8.36-develop.2026.5.7,0xfe89fd96f270ac3c0f11921af0390dbb1340f704,optimized,aavev4hub-repay,0xdac17f958d2ee523a2206206994597c13d831ec7,0x49f1d466fcbc6a83306d99a65fee793ab8f0cf6214c04f5c0e6f487c0bc653e7,0x0000000000000000000000000000000000000000000000000000000000000000,0x0000000000000000000000000000000000000000000000000000000000000000,true
solc-0.8.36-develop.2026.5.7,solc-0.8.36-develop.2026.5.7,0xfe89fd96f270ac3c0f11921af0390dbb1340f704,optimized,aavev4hub-repay,0xdac17f958d2ee523a2206206994597c13d831ec7,0xea785d0fd2ab5d7b012123d7e15402e754ea63714145e76813b516e4d49462a9,0x0000000000000000000000000000000000000000000000000000003ae57ed1ec,0x0000000000000000000000000000000000000000000000000000003ae57ed1ec,true
solc-0.8.36-develop.2026.5.7,solc-0.8.36-develop.2026.5.7,0xfe89fd96f270ac3c0f11921af0390dbb1340f704,optimized-high-runs,aavev4hub-borrow,0x2c1d072e956affc0d435cb7ac38ef18d24d9127c,0x0000000000000000000000000000000000000000000000000000000000000002,0x0000000000000000000096d6e33b411dc1f4e3f1e894a5a5d9ce0f96738d0007,0x0000000000000000000096d6e33b411dc1f4e3f1e894a5a5d9ce0f96738d0007,true
solc-0.8.36-develop.2026.5.7,solc-0.8.36-develop.2026.5.7,0xfe89fd96f270ac3c0f11921af0390dbb1340f704,optimized-high-runs,aavev4hub-borrow,0x2c1d072e956affc0d435cb7ac38ef18d24d9127c,0x0000000000000000000000000000000000000000000000000000000000000005,0x0000000000000000000000000000000000000000000000000000000000000000,0x0000000000000000000000000000000000000000000000000000000000000000,true
solc-0.8.36-develop.2026.5.7,solc-0.8.36-develop.2026.5.7,0xfe89fd96f270ac3c0f11921af0390dbb1340f704,optimized-high-runs,aavev4hub-borrow,0x581b8bc9d6104f71ad6da1f483b67500968c5994,0x0000000000000000000000000000000000000000000000000000000000000001,0x000000000000000000000000000000000000000000000000000000000632ea00,0x000000000000000000000000000000000000000000000000000000000632ea00,true
solc-0.8.36-develop.2026.5.7,solc-0.8.36-develop.2026.5.7,0xfe89fd96f270ac3c0f11921af0390dbb1340f704,optimized-high-runs,aavev4hub-borrow,0x8fffffd4afb6115b954bd326cbe7b4ba576818f6,0x0000000000000000000000000000000000000000000000000000000000000002,0x00000000000000000000c9e1a09622afdb659913fefe800feae5dbbfe9d70003,0x00000000000000000000c9e1a09622afdb659913fefe800feae5dbbfe9d70003,true
solc-0.8.36-develop.2026.5.7,solc-0.8.36-develop.2026.5.7,0xfe89fd96f270ac3c0f11921af0390dbb1340f704,optimized-high-runs,aavev4hub-borrow,0x8fffffd4afb6115b954bd326cbe7b4ba576818f6,0x0000000000000000000000000000000000000000000000000000000000000005,0x0000000000000000000000000000000000000000000000000000000000000000,0x0000000000000000000000000000000000000000000000000000000000000000,true
solc-0.8.36-develop.2026.5.7,solc-0.8.36-develop.2026.5.7,0xfe89fd96f270ac3c0f11921af0390dbb1340f704,optimized-high-runs,aavev4hub-borrow,0x94e7a5dcbe816e498b89ab752661904e2f56c485,0x0000000000000000000000000000000000000000000000000000000000000000,0x000000000000000000000000000000000000000000000000000000000000000e,0x000000000000000000000000000000000000000000000000000000000000000e,true
solc-0.8.36-develop.2026.5.7,solc-0.8.36-develop.2026.5.7,0xfe89fd96f270ac3c0f11921af0390dbb1340f704,optimized-high-runs,aavev4hub-borrow,0x94e7a5dcbe816e498b89ab752661904e2f56c485,0x360894a13ba1a3210667c828492db98dca3e2076cc3735a920a3ca505d382bbc,0x000000000000000000000000abd0e26fe17bde4f1f1187ed8aa80c274e03d8b5,0x000000000000000000000000abd0e26fe17bde4f1f1187ed8aa80c274e03d8b5,true
solc-0.8.36-develop.2026.5.7,solc-0.8.36-develop.2026.5.7,0xfe89fd96f270ac3c0f11921af0390dbb1340f704,optimized-high-runs,aavev4hub-borrow,0x94e7a5dcbe816e498b89ab752661904e2f56c485,0x3c44be3df2152ab29c1991a8ac1f816f5097828618f79862a65c011263dca174,0x0000000000000000000000000000000000000000000000000000000000006000,0x0000000000000000000000000000000000000000000000000000000000006000,true
solc-0.8.36-develop.2026.5.7,solc-0.8.36-develop.2026.5.7,0xfe89fd96f270ac3c0f11921af0390dbb1340f704,optimized-high-runs,aavev4hub-borrow,0x94e7a5dcbe816e498b89ab752661904e2f56c485,0x4498fd5b26e96f0b0a593b291df9775bbd3ff554c0cce9de7c9fb4e3b570caf8,0x0000000000000000000000000000000000000000000000000000000000000000,0x0000000000000000000000000000000000000000000000000000000000000000,true
solc-0.8.36-develop.2026.5.7,solc-0.8.36-develop.2026.5.7,0xfe89fd96f270ac3c0f11921af0390dbb1340f704,optimized-high-runs,aavev4hub-borrow,0x94e7a5dcbe816e498b89ab752661904e2f56c485,0x59dd4b18488d12f51eda69757a0ed42a2010c14b564330cc74a06895e60c077c,0x000000000008000000120010cca852bc40e560adc3b1cc58ca5b55638ce826c9,0x000000000008000000120010cca852bc40e560adc3b1cc58ca5b55638ce826c9,true
solc-0.8.36-develop.2026.5.7,solc-0.8.36-develop.2026.5.7,0xfe89fd96f270ac3c0f11921af0390dbb1340f704,optimized-high-runs,aavev4hub-borrow,0x94e7a5dcbe816e498b89ab752661904e2f56c485,0xacd8ef244210bb6898e73c48bf820ed8ecc857a3bab8d79c10e4fa92b1e9ca66,0x00000000000c000000060005cca852bc40e560adc3b1cc58ca5b55638ce826c9,0x00000000000c000000060005cca852bc40e560adc3b1cc58ca5b55638ce826c9,true
solc-0.8.36-develop.2026.5.7,solc-0.8.36-develop.2026.5.7,0xfe89fd96f270ac3c0f11921af0390dbb1340f704,optimized-high-runs,aavev4hub-borrow,0x94e7a5dcbe816e498b89ab752661904e2f56c485,0xeb0105a02c46ce1ccb77647d5da60d3914affe116b7576759b2f443ac6fb6e3b,0x00000000000000000000000000000000000000000000000003e800002a191bbc,0x00000000000000000000000000000000000000000000000003e800002a191bbc,true
solc-0.8.36-develop.2026.5.7,solc-0.8.36-develop.2026.5.7,0xfe89fd96f270ac3c0f11921af0390dbb1340f704,optimized-high-runs,aavev4hub-borrow,0x94e7a5dcbe816e498b89ab752661904e2f56c485,0xed0931f4babc4d26b1bfea6cf161c76b40dfcb98bd04e8faac81ae51b2144b48,0x0000000000000000000000000000000000000000000000f3f20b8dfa69d00000,0x0000000000000000000000000000000000000000000000f3f20b8dfa69d00000,true
solc-0.8.36-develop.2026.5.7,solc-0.8.36-develop.2026.5.7,0xfe89fd96f270ac3c0f11921af0390dbb1340f704,optimized-high-runs,aavev4hub-borrow,0x94e7a5dcbe816e498b89ab752661904e2f56c485,0xf23e5020aeaebf7d2612ef29d30a540d240a63e09f591fd4088158394b0687d4,0x00000000000000000000000000000000000000000000000000000006f4ccdf5a,0x00000000000000000000000000000000000000000000000000000006f4ccdf5a,true
solc-0.8.36-develop.2026.5.7,solc-0.8.36-develop.2026.5.7,0xfe89fd96f270ac3c0f11921af0390dbb1340f704,optimized-high-runs,aavev4hub-borrow,0x94e7a5dcbe816e498b89ab752661904e2f56c485,0xf23e5020aeaebf7d2612ef29d30a540d240a63e09f591fd4088158394b0687d5,0x0000000000000000000000000000000000000000000000000000000000000000,0x0000000000000000000000000000000000000000000000000000000000000000,true
solc-0.8.36-develop.2026.5.7,solc-0.8.36-develop.2026.5.7,0xfe89fd96f270ac3c0f11921af0390dbb1340f704,optimized-high-runs,aavev4hub-borrow,0x96d6e33b411dc1f4e3f1e894a5a5d9ce0f96738d,0x000000000000000000000000000000000000000000000000000000000000000b,0x00000000000000000000000000000000000000000000000068740000aff6010a,0x00000000000000000000000000000000000000000000000068740000aff6010a,true
solc-0.8.36-develop.2026.5.7,solc-0.8.36-develop.2026.5.7,0xfe89fd96f270ac3c0f11921af0390dbb1340f704,optimized-high-runs,aavev4hub-borrow,0x96d6e33b411dc1f4e3f1e894a5a5d9ce0f96738d,0x640788b4657adc9baab4d87795a285ed6641e8921b9e8b0d43291044e7d50fd8,0x69fce12f69fce11b00000000000000000000000000000000000000003b227057,0x69fce12f69fce11b00000000000000000000000000000000000000003b227057,true
solc-0.8.36-develop.2026.5.7,solc-0.8.36-develop.2026.5.7,0xfe89fd96f270ac3c0f11921af0390dbb1340f704,optimized-high-runs,aavev4hub-borrow,0x96d6e33b411dc1f4e3f1e894a5a5d9ce0f96738d,0xda586c5b227182720bd292f4bdeaa8b91fcc9f8cd93702354ce522a8ee2ac659,0x0000000000000000000000000000000000000000000000000000000000000001,0x0000000000000000000000000000000000000000000000000000000000000001,true
solc-0.8.36-develop.2026.5.7,solc-0.8.36-develop.2026.5.7,0xfe89fd96f270ac3c0f11921af0390dbb1340f704,optimized-high-runs,aavev4hub-borrow,0x99b2b6cea9c3d2fd8f4d90f86741c44b212a6127,0x8f331abe73332f95a25873e8b430885974c0409691f89d643119a11623a7924a,0x0000000000000000000000002c1d072e956affc0d435cb7ac38ef18d24d9127c,0x0000000000000000000000002c1d072e956affc0d435cb7ac38ef18d24d9127c,true
solc-0.8.36-develop.2026.5.7,solc-0.8.36-develop.2026.5.7,0xfe89fd96f270ac3c0f11921af0390dbb1340f704,optimized-high-runs,aavev4hub-borrow,0x99b2b6cea9c3d2fd8f4d90f86741c44b212a6127,0xdc686ec4a0ff239c70e7c7c36e8f853eced3bc8618f48d2b816da2a74311237e,0x000000000000000000000000581b8bc9d6104f71ad6da1f483b67500968c5994,0x000000000000000000000000581b8bc9d6104f71ad6da1f483b67500968c5994,true
solc-0.8.36-develop.2026.5.7,solc-0.8.36-develop.2026.5.7,0xfe89fd96f270ac3c0f11921af0390dbb1340f704,optimized-high-runs,aavev4hub-borrow,0xa0b86991c6218b36c1d19d4a2e9eb0ce3606eb48,0x0000000000000000000000000000000000000000000000000000000000000001,0x0000000000000000000000004914f61d25e5c567143774b76edbf4d5109a8566,0x0000000000000000000000004914f61d25e5c567143774b76edbf4d5109a8566,true
solc-0.8.36-develop.2026.5.7,solc-0.8.36-develop.2026.5.7,0xfe89fd96f270ac3c0f11921af0390dbb1340f704,optimized-high-runs,aavev4hub-borrow,0xa0b86991c6218b36c1d19d4a2e9eb0ce3606eb48,0x10d6a54a4754c8869d6886b5f5d7fbfa5b4522237ea5c60d11bc4e7a1ff9390b,0x000000000000000000000000807a96288a1a408dbc13de2b1d087d10356395d2,0x000000000000000000000000807a96288a1a408dbc13de2b1d087d10356395d2,true
solc-0.8.36-develop.2026.5.7,solc-0.8.36-develop.2026.5.7,0xfe89fd96f270ac3c0f11921af0390dbb1340f704,optimized-high-runs,aavev4hub-borrow,0xa0b86991c6218b36c1d19d4a2e9eb0ce3606eb48,0x7050c9e0f4ca769c69bd3a8ef740bc37934f8e2c036e5a723fd8ee048ed3f8c3,0x00000000000000000000000043506849d7c04f9138d1a2050bbf3a0c054402dd,0x00000000000000000000000043506849d7c04f9138d1a2050bbf3a0c054402dd,true
solc-0.8.36-develop.2026.5.7,solc-0.8.36-develop.2026.5.7,0xfe89fd96f270ac3c0f11921af0390dbb1340f704,optimized-high-runs,aavev4hub-borrow,0xa0b86991c6218b36c1d19d4a2e9eb0ce3606eb48,0x92695585ccac2945ae3019c9b19a754e0402979b3f8c29928db1909b6aa9f1eb,0x00000000000000000000000000000000000000000000000000000025ff265da8,0x00000000000000000000000000000000000000000000000000000025ff265da8,true
solc-0.8.36-develop.2026.5.7,solc-0.8.36-develop.2026.5.7,0xfe89fd96f270ac3c0f11921af0390dbb1340f704,optimized-high-runs,aavev4hub-borrow,0xa0b86991c6218b36c1d19d4a2e9eb0ce3606eb48,0xb441100fe50211b58a5ab406babfb303c469dd2b384ff23bfb61616d2989da92,0x00000000000000000000000000000000000000000000000000000006fc23ae58,0x00000000000000000000000000000000000000000000000000000006fc23ae58,true
solc-0.8.36-develop.2026.5.7,solc-0.8.36-develop.2026.5.7,0xfe89fd96f270ac3c0f11921af0390dbb1340f704,optimized-high-runs,aavev4hub-borrow,0xad88791b0f81d1fa242f637eb05bee0cbc53fe2f,0x2b232c97452f0950c94e2539fdc7e69d21166113cf7a9bcb99b220a3fe5d720a,0x000000000000000000000000000000000000000007d0000001900000000023f0,0x000000000000000000000000000000000000000007d0000001900000000023f0,true
solc-0.8.36-develop.2026.5.7,solc-0.8.36-develop.2026.5.7,0xfe89fd96f270ac3c0f11921af0390dbb1340f704,optimized-high-runs,aavev4hub-borrow,0xc9e1a09622afdb659913fefe800feae5dbbfe9d7,0x000000000000000000000000000000000000000000000000000000000000000b,0x00000000000000000000000000000000000000000000000003a40001ff190405,0x00000000000000000000000000000000000000000000000003a40001ff190405,true
solc-0.8.36-develop.2026.5.7,solc-0.8.36-develop.2026.5.7,0xfe89fd96f270ac3c0f11921af0390dbb1340f704,optimized-high-runs,aavev4hub-borrow,0xc9e1a09622afdb659913fefe800feae5dbbfe9d7,0xee57703936e11cb83ff18ce2a0656a9dda182fc8ee76e6bf18bd3333ccd3ffd3,0x69fc469769fc4688000000000000000000000000000000000000000005f5a280,0x69fc469769fc4688000000000000000000000000000000000000000005f5a280,true
solc-0.8.36-develop.2026.5.7,solc-0.8.36-develop.2026.5.7,0xfe89fd96f270ac3c0f11921af0390dbb1340f704,optimized-high-runs,aavev4hub-borrow,0xc9e1a09622afdb659913fefe800feae5dbbfe9d7,0xf8ad5150ff7987f0464cd848559b538152a0a36ed83b24aa0c11a5e92599ffd7,0x0000000000000000000000000000000000000000000000000000000000000001,0x0000000000000000000000000000000000000000000000000000000000000001,true
solc-0.8.36-develop.2026.5.7,solc-0.8.36-develop.2026.5.7,0xfe89fd96f270ac3c0f11921af0390dbb1340f704,optimized-high-runs,aavev4hub-borrow,0xcca852bc40e560adc3b1cc58ca5b55638ce826c9,0x360894a13ba1a3210667c828492db98dca3e2076cc3735a920a3ca505d382bbc,0x000000000000000000000000fe89fd96f270ac3c0f11921af0390dbb1340f704,0x000000000000000000000000fe89fd96f270ac3c0f11921af0390dbb1340f704,true
solc-0.8.36-develop.2026.5.7,solc-0.8.36-develop.2026.5.7,0xfe89fd96f270ac3c0f11921af0390dbb1340f704,optimized-high-runs,aavev4hub-borrow,0xcca852bc40e560adc3b1cc58ca5b55638ce826c9,0x755311b9e2cee471a91b161ccc5deed933d844b5af2b885543cc3c04eb640983,0x001200000000000000000000000000000000000000001241c133ed379d5f9b19,0x001200000000000000000000000000000000000000001241c133ed379d5f9b19,true
solc-0.8.36-develop.2026.5.7,solc-0.8.36-develop.2026.5.7,0xfe89fd96f270ac3c0f11921af0390dbb1340f704,optimized-high-runs,aavev4hub-borrow,0xcca852bc40e560adc3b1cc58ca5b55638ce826c9,0x755311b9e2cee471a91b161ccc5deed933d844b5af2b885543cc3c04eb640984,0x000000000000000000000000000000000000000000001241c133ed379d5f9b19,0x000000000000000000000000000000000000000000001241c133ed379d5f9b19,true
solc-0.8.36-develop.2026.5.7,solc-0.8.36-develop.2026.5.7,0xfe89fd96f270ac3c0f11921af0390dbb1340f704,optimized-high-runs,aavev4hub-borrow,0xcca852bc40e560adc3b1cc58ca5b55638ce826c9,0x755311b9e2cee471a91b161ccc5deed933d844b5af2b885543cc3c04eb640985,0x0000000000000000000000000000000000000000000000000000000000000000,0x0000000000000000000000000000000000000000000000000000000000000000,true
solc-0.8.36-develop.2026.5.7,solc-0.8.36-develop.2026.5.7,0xfe89fd96f270ac3c0f11921af0390dbb1340f704,optimized-high-runs,aavev4hub-borrow,0xcca852bc40e560adc3b1cc58ca5b55638ce826c9,0x755311b9e2cee471a91b161ccc5deed933d844b5af2b885543cc3c04eb640986,0x0000000000000000000000000000000000000000000000000000000000000000,0x0000000000000000000000000000000000000000000000000000000000000000,true
solc-0.8.36-develop.2026.5.7,solc-0.8.36-develop.2026.5.7,0xfe89fd96f270ac3c0f11921af0390dbb1340f704,optimized-high-runs,aavev4hub-borrow,0xcca852bc40e560adc3b1cc58ca5b55638ce826c9,0x755311b9e2cee471a91b161ccc5deed933d844b5af2b885543cc3c04eb640987,0x0069fce55b000000000000000000000000000000033b2e3c9fd0803ce8000000,0x0069fce55b000000000000000000000000000000033b2e3c9fd0803ce8000000,true
solc-0.8.36-develop.2026.5.7,solc-0.8.36-develop.2026.5.7,0xfe89fd96f270ac3c0f11921af0390dbb1340f704,optimized-high-runs,aavev4hub-borrow,0xcca852bc40e560adc3b1cc58ca5b55638ce826c9,0x755311b9e2cee471a91b161ccc5deed933d844b5af2b885543cc3c04eb64098c,0x0000000000000000000000000000000000000000000000000000000000000000,0x0000000000000000000000000000000000000000000000000000000000000000,true
solc-0.8.36-develop.2026.5.7,solc-0.8.36-develop.2026.5.7,0xfe89fd96f270ac3c0f11921af0390dbb1340f704,optimized-high-runs,aavev4hub-borrow,0xcca852bc40e560adc3b1cc58ca5b55638ce826c9,0xb98d39dd7f8c58a7de07a240db1814ab05b9c6c8912d8daaf2ff31c413f37c51,0x0000000000000000000000000000000000000000000000000000020f9289247d,0x0000000000000000000000000000000000000000000000000000020f9289247d,true
solc-0.8.36-develop.2026.5.7,solc-0.8.36-develop.2026.5.7,0xfe89fd96f270ac3c0f11921af0390dbb1340f704,optimized-high-runs,aavev4hub-borrow,0xcca852bc40e560adc3b1cc58ca5b55638ce826c9,0xb98d39dd7f8c58a7de07a240db1814ab05b9c6c8912d8daaf2ff31c413f37c52,0x0000000000000000000000000000000000000000000000000000000000000000,0x0000000000000000000000000000000000000000000000000000000000000000,true
solc-0.8.36-develop.2026.5.7,solc-0.8.36-develop.2026.5.7,0xfe89fd96f270ac3c0f11921af0390dbb1340f704,optimized-high-runs,aavev4hub-borrow,0xcca852bc40e560adc3b1cc58ca5b55638ce826c9,0xb98d39dd7f8c58a7de07a240db1814ab05b9c6c8912d8daaf2ff31c413f37c53,0x0000000100000000005b8d8000005b8d800000000000000000000226fdb34d8e,0x0000000100000000005b8d8000005b8d800000000000000000000226fdb34d8e,true
solc-0.8.36-develop.2026.5.7,solc-0.8.36-develop.2026.5.7,0xfe89fd96f270ac3c0f11921af0390dbb1340f704,optimized-high-runs,aavev4hub-borrow,0xcca852bc40e560adc3b1cc58ca5b55638ce826c9,0xb98d39dd7f8c58a7de07a240db1814ab05b9c6c8912d8daaf2ff31c413f37c54,0x0000000000000000000000000000000000000000000000000000000000000000,0x0000000000000000000000000000000000000000000000000000000000000000,true
solc-0.8.36-develop.2026.5.7,solc-0.8.36-develop.2026.5.7,0xfe89fd96f270ac3c0f11921af0390dbb1340f704,optimized-high-runs,aavev4hub-borrow,0xcca852bc40e560adc3b1cc58ca5b55638ce826c9,0xe2689cd4a84e23ad2f564004f1c9013e9589d260bde6380aba3ca7e09e4df40c,0x0006000000000000000000000028331b640000000000000000000025ff265c6d,0x0006000000000000000000000028331b640000000000000000000025ff265c6d,true
solc-0.8.36-develop.2026.5.7,solc-0.8.36-develop.2026.5.7,0xfe89fd96f270ac3c0f11921af0390dbb1340f704,optimized-high-runs,aavev4hub-borrow,0xcca852bc40e560adc3b1cc58ca5b55638ce826c9,0xe2689cd4a84e23ad2f564004f1c9013e9589d260bde6380aba3ca7e09e4df40d,0x00000000000000000000000000000000000000000000000000000260fb379a9f,0x00000000000000000000000000000000000000000000000000000260fb379a9f,true
solc-0.8.36-develop.2026.5.7,solc-0.8.36-develop.2026.5.7,0xfe89fd96f270ac3c0f11921af0390dbb1340f704,optimized-high-runs,aavev4hub-borrow,0xcca852bc40e560adc3b1cc58ca5b55638ce826c9,0xe2689cd4a84e23ad2f564004f1c9013e9589d260bde6380aba3ca7e09e4df40e,0x0000000000000000000000000000000000000000000000000000000000000000,0x0000000000000000000000000000000000000000000000000000000000000000,true
solc-0.8.36-develop.2026.5.7,solc-0.8.36-develop.2026.5.7,0xfe89fd96f270ac3c0f11921af0390dbb1340f704,optimized-high-runs,aavev4hub-borrow,0xcca852bc40e560adc3b1cc58ca5b55638ce826c9,0xe2689cd4a84e23ad2f564004f1c9013e9589d260bde6380aba3ca7e09e4df40f,0x03e8000000000000000000000000000000000000000000000000023a9f504f7a,0x03e8000000000000000000000000000000000000000000000000023a9f504f7a,true
solc-0.8.36-develop.2026.5.7,solc-0.8.36-develop.2026.5.7,0xfe89fd96f270ac3c0f11921af0390dbb1340f704,optimized-high-runs,aavev4hub-borrow,0xcca852bc40e560adc3b1cc58ca5b55638ce826c9,0xe2689cd4a84e23ad2f564004f1c9013e9589d260bde6380aba3ca7e09e4df410,0x0069fce6cf0045ea81970c084d94cdb49b000000033e96f01e6c78ab999f17dd,0x0069fce6cf0045ea81970c084d94cdb49b000000033e96f01e6c78ab999f17dd,true
solc-0.8.36-develop.2026.5.7,solc-0.8.36-develop.2026.5.7,0xfe89fd96f270ac3c0f11921af0390dbb1340f704,optimized-high-runs,aavev4hub-borrow,0xcca852bc40e560adc3b1cc58ca5b55638ce826c9,0xe2689cd4a84e23ad2f564004f1c9013e9589d260bde6380aba3ca7e09e4df411,0x000000000000000000000000a0b86991c6218b36c1d19d4a2e9eb0ce3606eb48,0x000000000000000000000000a0b86991c6218b36c1d19d4a2e9eb0ce3606eb48,true
solc-0.8.36-develop.2026.5.7,solc-0.8.36-develop.2026.5.7,0xfe89fd96f270ac3c0f11921af0390dbb1340f704,optimized-high-runs,aavev4hub-borrow,0xcca852bc40e560adc3b1cc58ca5b55638ce826c9,0xe2689cd4a84e23ad2f564004f1c9013e9589d260bde6380aba3ca7e09e4df412,0x000000000000000000000000ad88791b0f81d1fa242f637eb05bee0cbc53fe2f,0x000000000000000000000000ad88791b0f81d1fa242f637eb05bee0cbc53fe2f,true
solc-0.8.36-develop.2026.5.7,solc-0.8.36-develop.2026.5.7,0xfe89fd96f270ac3c0f11921af0390dbb1340f704,optimized-high-runs,aavev4hub-borrow,0xcca852bc40e560adc3b1cc58ca5b55638ce826c9,0xe2689cd4a84e23ad2f564004f1c9013e9589d260bde6380aba3ca7e09e4df415,0x0000000000000000000000000000000000000000000000000000000000000000,0x0000000000000000000000000000000000000000000000000000000000000000,true
solc-0.8.36-develop.2026.5.7,solc-0.8.36-develop.2026.5.7,0xfe89fd96f270ac3c0f11921af0390dbb1340f704,optimized-high-runs,aavev4hub-repay,0x65407b940966954b23dfa3caa5c0702bb42984dc,0x34feb403857d4bd24516bc55fd629454fb07ab79bf97e76619cddfa97f711514,0x0000000000000000000000000000000000000000000000000000000000000000,0x0000000000000000000000000000000000000000000000000000000000000000,true
solc-0.8.36-develop.2026.5.7,solc-0.8.36-develop.2026.5.7,0xfe89fd96f270ac3c0f11921af0390dbb1340f704,optimized-high-runs,aavev4hub-repay,0x65407b940966954b23dfa3caa5c0702bb42984dc,0x360894a13ba1a3210667c828492db98dca3e2076cc3735a920a3ca505d382bbc,0x00000000000000000000000070ed94a65df287dc54184963d7a9edc83dd34223,0x00000000000000000000000070ed94a65df287dc54184963d7a9edc83dd34223,true
solc-0.8.36-develop.2026.5.7,solc-0.8.36-develop.2026.5.7,0xfe89fd96f270ac3c0f11921af0390dbb1340f704,optimized-high-runs,aavev4hub-repay,0x65407b940966954b23dfa3caa5c0702bb42984dc,0x3f564729ae51a8fccae3c814006b6fbcf6458a800032ad37470e985541986a5e,0x0000000000000000000000000000000000000000000000000000000000000000,0x0000000000000000000000000000000000000000000000000000000000000000,true
solc-0.8.36-develop.2026.5.7,solc-0.8.36-develop.2026.5.7,0xfe89fd96f270ac3c0f11921af0390dbb1340f704,optimized-high-runs,aavev4hub-repay,0x65407b940966954b23dfa3caa5c0702bb42984dc,0x3f564729ae51a8fccae3c814006b6fbcf6458a800032ad37470e985541986a5f,0x0000000000000000000000000000000000000000000000000000000000000000,0x0000000000000000000000000000000000000000000000000000000000000000,true
solc-0.8.36-develop.2026.5.7,solc-0.8.36-develop.2026.5.7,0xfe89fd96f270ac3c0f11921af0390dbb1340f704,optimized-high-runs,aavev4hub-repay,0x65407b940966954b23dfa3caa5c0702bb42984dc,0xacd8ef244210bb6898e73c48bf820ed8ecc857a3bab8d79c10e4fa92b1e9ca65,0x000000000000000000000000dac17f958d2ee523a2206206994597c13d831ec7,0x000000000000000000000000dac17f958d2ee523a2206206994597c13d831ec7,true
solc-0.8.36-develop.2026.5.7,solc-0.8.36-develop.2026.5.7,0xfe89fd96f270ac3c0f11921af0390dbb1340f704,optimized-high-runs,aavev4hub-repay,0x65407b940966954b23dfa3caa5c0702bb42984dc,0xacd8ef244210bb6898e73c48bf820ed8ecc857a3bab8d79c10e4fa92b1e9ca66,0x00000000000c000000060004cca852bc40e560adc3b1cc58ca5b55638ce826c9,0x00000000000c000000060004cca852bc40e560adc3b1cc58ca5b55638ce826c9,true
solc-0.8.36-develop.2026.5.7,solc-0.8.36-develop.2026.5.7,0xfe89fd96f270ac3c0f11921af0390dbb1340f704,optimized-high-runs,aavev4hub-repay,0x65407b940966954b23dfa3caa5c0702bb42984dc,0xf4f75388d1069e4e30c21ff369fde7194e942d194ea70085a3138398c769bb62,0x0000000000000000000000000000000000000000000000000000000000000002,0x0000000000000000000000000000000000000000000000000000000000000002,true
solc-0.8.36-develop.2026.5.7,solc-0.8.36-develop.2026.5.7,0xfe89fd96f270ac3c0f11921af0390dbb1340f704,optimized-high-runs,aavev4hub-repay,0xad88791b0f81d1fa242f637eb05bee0cbc53fe2f,0x52d75039926638d3c558b2bdefb945d5be8dae29dedd1c313212a4d472d9fde5,0x000000000000000000000000000000000000000007d0000001900000000023f0,0x000000000000000000000000000000000000000007d0000001900000000023f0,true
solc-0.8.36-develop.2026.5.7,solc-0.8.36-develop.2026.5.7,0xfe89fd96f270ac3c0f11921af0390dbb1340f704,optimized-high-runs,aavev4hub-repay,0xcca852bc40e560adc3b1cc58ca5b55638ce826c9,0x360894a13ba1a3210667c828492db98dca3e2076cc3735a920a3ca505d382bbc,0x000000000000000000000000fe89fd96f270ac3c0f11921af0390dbb1340f704,0x000000000000000000000000fe89fd96f270ac3c0f11921af0390dbb1340f704,true
solc-0.8.36-develop.2026.5.7,solc-0.8.36-develop.2026.5.7,0xfe89fd96f270ac3c0f11921af0390dbb1340f704,optimized-high-runs,aavev4hub-repay,0xcca852bc40e560adc3b1cc58ca5b55638ce826c9,0x3ecc32a16dd883599cd1f3781d816cd0dfa0bbefd4999b54c60caa6f4647aacd,0x00000000000000000000000000000000000000000000000000000017833c540f,0x00000000000000000000000000000000000000000000000000000017833c540f,true
solc-0.8.36-develop.2026.5.7,solc-0.8.36-develop.2026.5.7,0xfe89fd96f270ac3c0f11921af0390dbb1340f704,optimized-high-runs,aavev4hub-repay,0xcca852bc40e560adc3b1cc58ca5b55638ce826c9,0x3ecc32a16dd883599cd1f3781d816cd0dfa0bbefd4999b54c60caa6f4647aace,0x0000000000000000000000000000000000000000000000000000000000000000,0x0000000000000000000000000000000000000000000000000000000000000000,true
solc-0.8.36-develop.2026.5.7,solc-0.8.36-develop.2026.5.7,0xfe89fd96f270ac3c0f11921af0390dbb1340f704,optimized-high-runs,aavev4hub-repay,0xcca852bc40e560adc3b1cc58ca5b55638ce826c9,0x3ecc32a16dd883599cd1f3781d816cd0dfa0bbefd4999b54c60caa6f4647aacf,0x000000010000000000030d400000000000000000000000000000000000000000,0x000000010000000000030d400000000000000000000000000000000000000000,true
solc-0.8.36-develop.2026.5.7,solc-0.8.36-develop.2026.5.7,0xfe89fd96f270ac3c0f11921af0390dbb1340f704,optimized-high-runs,aavev4hub-repay,0xcca852bc40e560adc3b1cc58ca5b55638ce826c9,0xedc95719e9a3b28dd8e80877cb5880a9be7de1a13fc8b05e7999683b6b567643,0x0006000000000000000000000016f9b218000000000000000000003ae57ed1ec,0x0006000000000000000000000016f9b218000000000000000000003ae57ed1ec,true
solc-0.8.36-develop.2026.5.7,solc-0.8.36-develop.2026.5.7,0xfe89fd96f270ac3c0f11921af0390dbb1340f704,optimized-high-runs,aavev4hub-repay,0xcca852bc40e560adc3b1cc58ca5b55638ce826c9,0xedc95719e9a3b28dd8e80877cb5880a9be7de1a13fc8b05e7999683b6b567644,0x00000000000000000000000000000000000000000000000000000222395497fe,0x00000000000000000000000000000000000000000000000000000222395497fe,true
solc-0.8.36-develop.2026.5.7,solc-0.8.36-develop.2026.5.7,0xfe89fd96f270ac3c0f11921af0390dbb1340f704,optimized-high-runs,aavev4hub-repay,0xcca852bc40e560adc3b1cc58ca5b55638ce826c9,0xedc95719e9a3b28dd8e80877cb5880a9be7de1a13fc8b05e7999683b6b567645,0x0000000000000000000000000000000000000000000000000000000000000000,0x0000000000000000000000000000000000000000000000000000000000000000,true
solc-0.8.36-develop.2026.5.7,solc-0.8.36-develop.2026.5.7,0xfe89fd96f270ac3c0f11921af0390dbb1340f704,optimized-high-runs,aavev4hub-repay,0xcca852bc40e560adc3b1cc58ca5b55638ce826c9,0xedc95719e9a3b28dd8e80877cb5880a9be7de1a13fc8b05e7999683b6b567646,0x03e800000000000000000000000000000000000000000000000001e6ff7d6c7f,0x03e800000000000000000000000000000000000000000000000001e6ff7d6c7f,true
solc-0.8.36-develop.2026.5.7,solc-0.8.36-develop.2026.5.7,0xfe89fd96f270ac3c0f11921af0390dbb1340f704,optimized-high-runs,aavev4hub-repay,0xcca852bc40e560adc3b1cc58ca5b55638ce826c9,0xedc95719e9a3b28dd8e80877cb5880a9be7de1a13fc8b05e7999683b6b567647,0x0069fcdd930020191cceb19fadb96b553e000000033e8459528d1f270df1d41b,0x0069fcdd930020191cceb19fadb96b553e000000033e8459528d1f270df1d41b,true
solc-0.8.36-develop.2026.5.7,solc-0.8.36-develop.2026.5.7,0xfe89fd96f270ac3c0f11921af0390dbb1340f704,optimized-high-runs,aavev4hub-repay,0xcca852bc40e560adc3b1cc58ca5b55638ce826c9,0xedc95719e9a3b28dd8e80877cb5880a9be7de1a13fc8b05e7999683b6b567648,0x000000000000000000000000dac17f958d2ee523a2206206994597c13d831ec7,0x000000000000000000000000dac17f958d2ee523a2206206994597c13d831ec7,true
solc-0.8.36-develop.2026.5.7,solc-0.8.36-develop.2026.5.7,0xfe89fd96f270ac3c0f11921af0390dbb1340f704,optimized-high-runs,aavev4hub-repay,0xcca852bc40e560adc3b1cc58ca5b55638ce826c9,0xedc95719e9a3b28dd8e80877cb5880a9be7de1a13fc8b05e7999683b6b567649,0x000000000000000000000000ad88791b0f81d1fa242f637eb05bee0cbc53fe2f,0x000000000000000000000000ad88791b0f81d1fa242f637eb05bee0cbc53fe2f,true
solc-0.8.36-develop.2026.5.7,solc-0.8.36-develop.2026.5.7,0xfe89fd96f270ac3c0f11921af0390dbb1340f704,optimized-high-runs,aavev4hub-repay,0xcca852bc40e560adc3b1cc58ca5b55638ce826c9,0xedc95719e9a3b28dd8e80877cb5880a9be7de1a13fc8b05e7999683b6b56764c,0x0000000000000000000000000000000000000000000000000000000000000000,0x0000000000000000000000000000000000000000000000000000000000000000,true
solc-0.8.36-develop.2026.5.7,solc-0.8.36-develop.2026.5.7,0xfe89fd96f270ac3c0f11921af0390dbb1340f704,optimized-high-runs,aavev4hub-repay,0xdac17f958d2ee523a2206206994597c13d831ec7,0x0000000000000000000000000000000000000000000000000000000000000000,0x000000000000000000000000c6cde7c39eb2f0f0095f41570af89efc2c1ea828,0x000000000000000000000000c6cde7c39eb2f0f0095f41570af89efc2c1ea828,true
solc-0.8.36-develop.2026.5.7,solc-0.8.36-develop.2026.5.7,0xfe89fd96f270ac3c0f11921af0390dbb1340f704,optimized-high-runs,aavev4hub-repay,0xdac17f958d2ee523a2206206994597c13d831ec7,0x0000000000000000000000000000000000000000000000000000000000000003,0x0000000000000000000000000000000000000000000000000000000000000000,0x0000000000000000000000000000000000000000000000000000000000000000,true
solc-0.8.36-develop.2026.5.7,solc-0.8.36-develop.2026.5.7,0xfe89fd96f270ac3c0f11921af0390dbb1340f704,optimized-high-runs,aavev4hub-repay,0xdac17f958d2ee523a2206206994597c13d831ec7,0x0000000000000000000000000000000000000000000000000000000000000004,0x0000000000000000000000000000000000000000000000000000000000000000,0x0000000000000000000000000000000000000000000000000000000000000000,true
solc-0.8.36-develop.2026.5.7,solc-0.8.36-develop.2026.5.7,0xfe89fd96f270ac3c0f11921af0390dbb1340f704,optimized-high-runs,aavev4hub-repay,0xdac17f958d2ee523a2206206994597c13d831ec7,0x000000000000000000000000000000000000000000000000000000000000000a,0x0000000000000000000000000000000000000000000000000000000000000000,0x0000000000000000000000000000000000000000000000000000000000000000,true
solc-0.8.36-develop.2026.5.7,solc-0.8.36-develop.2026.5.7,0xfe89fd96f270ac3c0f11921af0390dbb1340f704,optimized-high-runs,aavev4hub-repay,0xdac17f958d2ee523a2206206994597c13d831ec7,0x04ae87eb4537faa6b1caeeb08231c692f777967021ee0b73a69a11e4e401d756,0x0000000000000000000000000000000000000000000000000000000000476b92,0x0000000000000000000000000000000000000000000000000000000000476b92,true
solc-0.8.36-develop.2026.5.7,solc-0.8.36-develop.2026.5.7,0xfe89fd96f270ac3c0f11921af0390dbb1340f704,optimized-high-runs,aavev4hub-repay,0xdac17f958d2ee523a2206206994597c13d831ec7,0x060a0caf14c4bb275a1a36702be067ac92c6d32d1f5ee4d12adf995a90bb4d96,0x0000000000000000000000000000000000000000000000000000000000476b92,0x0000000000000000000000000000000000000000000000000000000000476b92,true
solc-0.8.36-develop.2026.5.7,solc-0.8.36-develop.2026.5.7,0xfe89fd96f270ac3c0f11921af0390dbb1340f704,optimized-high-runs,aavev4hub-repay,0xdac17f958d2ee523a2206206994597c13d831ec7,0x49f1d466fcbc6a83306d99a65fee793ab8f0cf6214c04f5c0e6f487c0bc653e7,0x0000000000000000000000000000000000000000000000000000000000000000,0x0000000000000000000000000000000000000000000000000000000000000000,true
solc-0.8.36-develop.2026.5.7,solc-0.8.36-develop.2026.5.7,0xfe89fd96f270ac3c0f11921af0390dbb1340f704,optimized-high-runs,aavev4hub-repay,0xdac17f958d2ee523a2206206994597c13d831ec7,0xea785d0fd2ab5d7b012123d7e15402e754ea63714145e76813b516e4d49462a9,0x0000000000000000000000000000000000000000000000000000003ae57ed1ec,0x0000000000000000000000000000000000000000000000000000003ae57ed1ec,true
solc-0.8.36-develop.2026.5.7,solc-0.8.36-develop.2026.5.7,0xfe89fd96f270ac3c0f11921af0390dbb1340f704,optimized-low-runs,aavev4hub-borrow,0x2c1d072e956affc0d435cb7ac38ef18d24d9127c,0x0000000000000000000000000000000000000000000000000000000000000002,0x0000000000000000000096d6e33b411dc1f4e3f1e894a5a5d9ce0f96738d0007,0x0000000000000000000096d6e33b411dc1f4e3f1e894a5a5d9ce0f96738d0007,true
solc-0.8.36-develop.2026.5.7,solc-0.8.36-develop.2026.5.7,0xfe89fd96f270ac3c0f11921af0390dbb1340f704,optimized-low-runs,aavev4hub-borrow,0x2c1d072e956affc0d435cb7ac38ef18d24d9127c,0x0000000000000000000000000000000000000000000000000000000000000005,0x0000000000000000000000000000000000000000000000000000000000000000,0x0000000000000000000000000000000000000000000000000000000000000000,true
solc-0.8.36-develop.2026.5.7,solc-0.8.36-develop.2026.5.7,0xfe89fd96f270ac3c0f11921af0390dbb1340f704,optimized-low-runs,aavev4hub-borrow,0x581b8bc9d6104f71ad6da1f483b67500968c5994,0x0000000000000000000000000000000000000000000000000000000000000001,0x000000000000000000000000000000000000000000000000000000000632ea00,0x000000000000000000000000000000000000000000000000000000000632ea00,true
solc-0.8.36-develop.2026.5.7,solc-0.8.36-develop.2026.5.7,0xfe89fd96f270ac3c0f11921af0390dbb1340f704,optimized-low-runs,aavev4hub-borrow,0x8fffffd4afb6115b954bd326cbe7b4ba576818f6,0x0000000000000000000000000000000000000000000000000000000000000002,0x00000000000000000000c9e1a09622afdb659913fefe800feae5dbbfe9d70003,0x00000000000000000000c9e1a09622afdb659913fefe800feae5dbbfe9d70003,true
solc-0.8.36-develop.2026.5.7,solc-0.8.36-develop.2026.5.7,0xfe89fd96f270ac3c0f11921af0390dbb1340f704,optimized-low-runs,aavev4hub-borrow,0x8fffffd4afb6115b954bd326cbe7b4ba576818f6,0x0000000000000000000000000000000000000000000000000000000000000005,0x0000000000000000000000000000000000000000000000000000000000000000,0x0000000000000000000000000000000000000000000000000000000000000000,true
solc-0.8.36-develop.2026.5.7,solc-0.8.36-develop.2026.5.7,0xfe89fd96f270ac3c0f11921af0390dbb1340f704,optimized-low-runs,aavev4hub-borrow,0x94e7a5dcbe816e498b89ab752661904e2f56c485,0x0000000000000000000000000000000000000000000000000000000000000000,0x000000000000000000000000000000000000000000000000000000000000000e,0x000000000000000000000000000000000000000000000000000000000000000e,true
solc-0.8.36-develop.2026.5.7,solc-0.8.36-develop.2026.5.7,0xfe89fd96f270ac3c0f11921af0390dbb1340f704,optimized-low-runs,aavev4hub-borrow,0x94e7a5dcbe816e498b89ab752661904e2f56c485,0x360894a13ba1a3210667c828492db98dca3e2076cc3735a920a3ca505d382bbc,0x000000000000000000000000abd0e26fe17bde4f1f1187ed8aa80c274e03d8b5,0x000000000000000000000000abd0e26fe17bde4f1f1187ed8aa80c274e03d8b5,true
solc-0.8.36-develop.2026.5.7,solc-0.8.36-develop.2026.5.7,0xfe89fd96f270ac3c0f11921af0390dbb1340f704,optimized-low-runs,aavev4hub-borrow,0x94e7a5dcbe816e498b89ab752661904e2f56c485,0x3c44be3df2152ab29c1991a8ac1f816f5097828618f79862a65c011263dca174,0x0000000000000000000000000000000000000000000000000000000000006000,0x0000000000000000000000000000000000000000000000000000000000006000,true
solc-0.8.36-develop.2026.5.7,solc-0.8.36-develop.2026.5.7,0xfe89fd96f270ac3c0f11921af0390dbb1340f704,optimized-low-runs,aavev4hub-borrow,0x94e7a5dcbe816e498b89ab752661904e2f56c485,0x4498fd5b26e96f0b0a593b291df9775bbd3ff554c0cce9de7c9fb4e3b570caf8,0x0000000000000000000000000000000000000000000000000000000000000000,0x0000000000000000000000000000000000000000000000000000000000000000,true
solc-0.8.36-develop.2026.5.7,solc-0.8.36-develop.2026.5.7,0xfe89fd96f270ac3c0f11921af0390dbb1340f704,optimized-low-runs,aavev4hub-borrow,0x94e7a5dcbe816e498b89ab752661904e2f56c485,0x59dd4b18488d12f51eda69757a0ed42a2010c14b564330cc74a06895e60c077c,0x000000000008000000120010cca852bc40e560adc3b1cc58ca5b55638ce826c9,0x000000000008000000120010cca852bc40e560adc3b1cc58ca5b55638ce826c9,true
solc-0.8.36-develop.2026.5.7,solc-0.8.36-develop.2026.5.7,0xfe89fd96f270ac3c0f11921af0390dbb1340f704,optimized-low-runs,aavev4hub-borrow,0x94e7a5dcbe816e498b89ab752661904e2f56c485,0xacd8ef244210bb6898e73c48bf820ed8ecc857a3bab8d79c10e4fa92b1e9ca66,0x00000000000c000000060005cca852bc40e560adc3b1cc58ca5b55638ce826c9,0x00000000000c000000060005cca852bc40e560adc3b1cc58ca5b55638ce826c9,true
solc-0.8.36-develop.2026.5.7,solc-0.8.36-develop.2026.5.7,0xfe89fd96f270ac3c0f11921af0390dbb1340f704,optimized-low-runs,aavev4hub-borrow,0x94e7a5dcbe816e498b89ab752661904e2f56c485,0xeb0105a02c46ce1ccb77647d5da60d3914affe116b7576759b2f443ac6fb6e3b,0x00000000000000000000000000000000000000000000000003e800002a191bbc,0x00000000000000000000000000000000000000000000000003e800002a191bbc,true
solc-0.8.36-develop.2026.5.7,solc-0.8.36-develop.2026.5.7,0xfe89fd96f270ac3c0f11921af0390dbb1340f704,optimized-low-runs,aavev4hub-borrow,0x94e7a5dcbe816e498b89ab752661904e2f56c485,0xed0931f4babc4d26b1bfea6cf161c76b40dfcb98bd04e8faac81ae51b2144b48,0x0000000000000000000000000000000000000000000000f3f20b8dfa69d00000,0x0000000000000000000000000000000000000000000000f3f20b8dfa69d00000,true
solc-0.8.36-develop.2026.5.7,solc-0.8.36-develop.2026.5.7,0xfe89fd96f270ac3c0f11921af0390dbb1340f704,optimized-low-runs,aavev4hub-borrow,0x94e7a5dcbe816e498b89ab752661904e2f56c485,0xf23e5020aeaebf7d2612ef29d30a540d240a63e09f591fd4088158394b0687d4,0x00000000000000000000000000000000000000000000000000000006f4ccdf5a,0x00000000000000000000000000000000000000000000000000000006f4ccdf5a,true
solc-0.8.36-develop.2026.5.7,solc-0.8.36-develop.2026.5.7,0xfe89fd96f270ac3c0f11921af0390dbb1340f704,optimized-low-runs,aavev4hub-borrow,0x94e7a5dcbe816e498b89ab752661904e2f56c485,0xf23e5020aeaebf7d2612ef29d30a540d240a63e09f591fd4088158394b0687d5,0x0000000000000000000000000000000000000000000000000000000000000000,0x0000000000000000000000000000000000000000000000000000000000000000,true
solc-0.8.36-develop.2026.5.7,solc-0.8.36-develop.2026.5.7,0xfe89fd96f270ac3c0f11921af0390dbb1340f704,optimized-low-runs,aavev4hub-borrow,0x96d6e33b411dc1f4e3f1e894a5a5d9ce0f96738d,0x000000000000000000000000000000000000000000000000000000000000000b,0x00000000000000000000000000000000000000000000000068740000aff6010a,0x00000000000000000000000000000000000000000000000068740000aff6010a,true
solc-0.8.36-develop.2026.5.7,solc-0.8.36-develop.2026.5.7,0xfe89fd96f270ac3c0f11921af0390dbb1340f704,optimized-low-runs,aavev4hub-borrow,0x96d6e33b411dc1f4e3f1e894a5a5d9ce0f96738d,0x640788b4657adc9baab4d87795a285ed6641e8921b9e8b0d43291044e7d50fd8,0x69fce12f69fce11b00000000000000000000000000000000000000003b227057,0x69fce12f69fce11b00000000000000000000000000000000000000003b227057,true
solc-0.8.36-develop.2026.5.7,solc-0.8.36-develop.2026.5.7,0xfe89fd96f270ac3c0f11921af0390dbb1340f704,optimized-low-runs,aavev4hub-borrow,0x96d6e33b411dc1f4e3f1e894a5a5d9ce0f96738d,0xda586c5b227182720bd292f4bdeaa8b91fcc9f8cd93702354ce522a8ee2ac659,0x0000000000000000000000000000000000000000000000000000000000000001,0x0000000000000000000000000000000000000000000000000000000000000001,true
solc-0.8.36-develop.2026.5.7,solc-0.8.36-develop.2026.5.7,0xfe89fd96f270ac3c0f11921af0390dbb1340f704,optimized-low-runs,aavev4hub-borrow,0x99b2b6cea9c3d2fd8f4d90f86741c44b212a6127,0x8f331abe73332f95a25873e8b430885974c0409691f89d643119a11623a7924a,0x0000000000000000000000002c1d072e956affc0d435cb7ac38ef18d24d9127c,0x0000000000000000000000002c1d072e956affc0d435cb7ac38ef18d24d9127c,true
solc-0.8.36-develop.2026.5.7,solc-0.8.36-develop.2026.5.7,0xfe89fd96f270ac3c0f11921af0390dbb1340f704,optimized-low-runs,aavev4hub-borrow,0x99b2b6cea9c3d2fd8f4d90f86741c44b212a6127,0xdc686ec4a0ff239c70e7c7c36e8f853eced3bc8618f48d2b816da2a74311237e,0x000000000000000000000000581b8bc9d6104f71ad6da1f483b67500968c5994,0x000000000000000000000000581b8bc9d6104f71ad6da1f483b67500968c5994,true
solc-0.8.36-develop.2026.5.7,solc-0.8.36-develop.2026.5.7,0xfe89fd96f270ac3c0f11921af0390dbb1340f704,optimized-low-runs,aavev4hub-borrow,0xa0b86991c6218b36c1d19d4a2e9eb0ce3606eb48,0x0000000000000000000000000000000000000000000000000000000000000001,0x0000000000000000000000004914f61d25e5c567143774b76edbf4d5109a8566,0x0000000000000000000000004914f61d25e5c567143774b76edbf4d5109a8566,true
solc-0.8.36-develop.2026.5.7,solc-0.8.36-develop.2026.5.7,0xfe89fd96f270ac3c0f11921af0390dbb1340f704,optimized-low-runs,aavev4hub-borrow,0xa0b86991c6218b36c1d19d4a2e9eb0ce3606eb48,0x10d6a54a4754c8869d6886b5f5d7fbfa5b4522237ea5c60d11bc4e7a1ff9390b,0x000000000000000000000000807a96288a1a408dbc13de2b1d087d10356395d2,0x000000000000000000000000807a96288a1a408dbc13de2b1d087d10356395d2,true
solc-0.8.36-develop.2026.5.7,solc-0.8.36-develop.2026.5.7,0xfe89fd96f270ac3c0f11921af0390dbb1340f704,optimized-low-runs,aavev4hub-borrow,0xa0b86991c6218b36c1d19d4a2e9eb0ce3606eb48,0x7050c9e0f4ca769c69bd3a8ef740bc37934f8e2c036e5a723fd8ee048ed3f8c3,0x00000000000000000000000043506849d7c04f9138d1a2050bbf3a0c054402dd,0x00000000000000000000000043506849d7c04f9138d1a2050bbf3a0c054402dd,true
solc-0.8.36-develop.2026.5.7,solc-0.8.36-develop.2026.5.7,0xfe89fd96f270ac3c0f11921af0390dbb1340f704,optimized-low-runs,aavev4hub-borrow,0xa0b86991c6218b36c1d19d4a2e9eb0ce3606eb48,0x92695585ccac2945ae3019c9b19a754e0402979b3f8c29928db1909b6aa9f1eb,0x00000000000000000000000000000000000000000000000000000025ff265da8,0x00000000000000000000000000000000000000000000000000000025ff265da8,true
solc-0.8.36-develop.2026.5.7,solc-0.8.36-develop.2026.5.7,0xfe89fd96f270ac3c0f11921af0390dbb1340f704,optimized-low-runs,aavev4hub-borrow,0xa0b86991c6218b36c1d19d4a2e9eb0ce3606eb48,0xb441100fe50211b58a5ab406babfb303c469dd2b384ff23bfb61616d2989da92,0x00000000000000000000000000000000000000000000000000000006fc23ae58,0x00000000000000000000000000000000000000000000000000000006fc23ae58,true
solc-0.8.36-develop.2026.5.7,solc-0.8.36-develop.2026.5.7,0xfe89fd96f270ac3c0f11921af0390dbb1340f704,optimized-low-runs,aavev4hub-borrow,0xad88791b0f81d1fa242f637eb05bee0cbc53fe2f,0x2b232c97452f0950c94e2539fdc7e69d21166113cf7a9bcb99b220a3fe5d720a,0x000000000000000000000000000000000000000007d0000001900000000023f0,0x000000000000000000000000000000000000000007d0000001900000000023f0,true
solc-0.8.36-develop.2026.5.7,solc-0.8.36-develop.2026.5.7,0xfe89fd96f270ac3c0f11921af0390dbb1340f704,optimized-low-runs,aavev4hub-borrow,0xc9e1a09622afdb659913fefe800feae5dbbfe9d7,0x000000000000000000000000000000000000000000000000000000000000000b,0x00000000000000000000000000000000000000000000000003a40001ff190405,0x00000000000000000000000000000000000000000000000003a40001ff190405,true
solc-0.8.36-develop.2026.5.7,solc-0.8.36-develop.2026.5.7,0xfe89fd96f270ac3c0f11921af0390dbb1340f704,optimized-low-runs,aavev4hub-borrow,0xc9e1a09622afdb659913fefe800feae5dbbfe9d7,0xee57703936e11cb83ff18ce2a0656a9dda182fc8ee76e6bf18bd3333ccd3ffd3,0x69fc469769fc4688000000000000000000000000000000000000000005f5a280,0x69fc469769fc4688000000000000000000000000000000000000000005f5a280,true
solc-0.8.36-develop.2026.5.7,solc-0.8.36-develop.2026.5.7,0xfe89fd96f270ac3c0f11921af0390dbb1340f704,optimized-low-runs,aavev4hub-borrow,0xc9e1a09622afdb659913fefe800feae5dbbfe9d7,0xf8ad5150ff7987f0464cd848559b538152a0a36ed83b24aa0c11a5e92599ffd7,0x0000000000000000000000000000000000000000000000000000000000000001,0x0000000000000000000000000000000000000000000000000000000000000001,true
solc-0.8.36-develop.2026.5.7,solc-0.8.36-develop.2026.5.7,0xfe89fd96f270ac3c0f11921af0390dbb1340f704,optimized-low-runs,aavev4hub-borrow,0xcca852bc40e560adc3b1cc58ca5b55638ce826c9,0x360894a13ba1a3210667c828492db98dca3e2076cc3735a920a3ca505d382bbc,0x000000000000000000000000fe89fd96f270ac3c0f11921af0390dbb1340f704,0x000000000000000000000000fe89fd96f270ac3c0f11921af0390dbb1340f704,true
solc-0.8.36-develop.2026.5.7,solc-0.8.36-develop.2026.5.7,0xfe89fd96f270ac3c0f11921af0390dbb1340f704,optimized-low-runs,aavev4hub-borrow,0xcca852bc40e560adc3b1cc58ca5b55638ce826c9,0x755311b9e2cee471a91b161ccc5deed933d844b5af2b885543cc3c04eb640983,0x001200000000000000000000000000000000000000001241c133ed379d5f9b19,0x001200000000000000000000000000000000000000001241c133ed379d5f9b19,true
solc-0.8.36-develop.2026.5.7,solc-0.8.36-develop.2026.5.7,0xfe89fd96f270ac3c0f11921af0390dbb1340f704,optimized-low-runs,aavev4hub-borrow,0xcca852bc40e560adc3b1cc58ca5b55638ce826c9,0x755311b9e2cee471a91b161ccc5deed933d844b5af2b885543cc3c04eb640984,0x000000000000000000000000000000000000000000001241c133ed379d5f9b19,0x000000000000000000000000000000000000000000001241c133ed379d5f9b19,true
solc-0.8.36-develop.2026.5.7,solc-0.8.36-develop.2026.5.7,0xfe89fd96f270ac3c0f11921af0390dbb1340f704,optimized-low-runs,aavev4hub-borrow,0xcca852bc40e560adc3b1cc58ca5b55638ce826c9,0x755311b9e2cee471a91b161ccc5deed933d844b5af2b885543cc3c04eb640985,0x0000000000000000000000000000000000000000000000000000000000000000,0x0000000000000000000000000000000000000000000000000000000000000000,true
solc-0.8.36-develop.2026.5.7,solc-0.8.36-develop.2026.5.7,0xfe89fd96f270ac3c0f11921af0390dbb1340f704,optimized-low-runs,aavev4hub-borrow,0xcca852bc40e560adc3b1cc58ca5b55638ce826c9,0x755311b9e2cee471a91b161ccc5deed933d844b5af2b885543cc3c04eb640986,0x0000000000000000000000000000000000000000000000000000000000000000,0x0000000000000000000000000000000000000000000000000000000000000000,true
solc-0.8.36-develop.2026.5.7,solc-0.8.36-develop.2026.5.7,0xfe89fd96f270ac3c0f11921af0390dbb1340f704,optimized-low-runs,aavev4hub-borrow,0xcca852bc40e560adc3b1cc58ca5b55638ce826c9,0x755311b9e2cee471a91b161ccc5deed933d844b5af2b885543cc3c04eb640987,0x0069fce55b000000000000000000000000000000033b2e3c9fd0803ce8000000,0x0069fce55b000000000000000000000000000000033b2e3c9fd0803ce8000000,true
solc-0.8.36-develop.2026.5.7,solc-0.8.36-develop.2026.5.7,0xfe89fd96f270ac3c0f11921af0390dbb1340f704,optimized-low-runs,aavev4hub-borrow,0xcca852bc40e560adc3b1cc58ca5b55638ce826c9,0x755311b9e2cee471a91b161ccc5deed933d844b5af2b885543cc3c04eb64098c,0x0000000000000000000000000000000000000000000000000000000000000000,0x0000000000000000000000000000000000000000000000000000000000000000,true
solc-0.8.36-develop.2026.5.7,solc-0.8.36-develop.2026.5.7,0xfe89fd96f270ac3c0f11921af0390dbb1340f704,optimized-low-runs,aavev4hub-borrow,0xcca852bc40e560adc3b1cc58ca5b55638ce826c9,0xb98d39dd7f8c58a7de07a240db1814ab05b9c6c8912d8daaf2ff31c413f37c51,0x0000000000000000000000000000000000000000000000000000020f9289247d,0x0000000000000000000000000000000000000000000000000000020f9289247d,true
solc-0.8.36-develop.2026.5.7,solc-0.8.36-develop.2026.5.7,0xfe89fd96f270ac3c0f11921af0390dbb1340f704,optimized-low-runs,aavev4hub-borrow,0xcca852bc40e560adc3b1cc58ca5b55638ce826c9,0xb98d39dd7f8c58a7de07a240db1814ab05b9c6c8912d8daaf2ff31c413f37c52,0x0000000000000000000000000000000000000000000000000000000000000000,0x0000000000000000000000000000000000000000000000000000000000000000,true
solc-0.8.36-develop.2026.5.7,solc-0.8.36-develop.2026.5.7,0xfe89fd96f270ac3c0f11921af0390dbb1340f704,optimized-low-runs,aavev4hub-borrow,0xcca852bc40e560adc3b1cc58ca5b55638ce826c9,0xb98d39dd7f8c58a7de07a240db1814ab05b9c6c8912d8daaf2ff31c413f37c53,0x0000000100000000005b8d8000005b8d800000000000000000000226fdb34d8e,0x0000000100000000005b8d8000005b8d800000000000000000000226fdb34d8e,true
solc-0.8.36-develop.2026.5.7,solc-0.8.36-develop.2026.5.7,0xfe89fd96f270ac3c0f11921af0390dbb1340f704,optimized-low-runs,aavev4hub-borrow,0xcca852bc40e560adc3b1cc58ca5b55638ce826c9,0xb98d39dd7f8c58a7de07a240db1814ab05b9c6c8912d8daaf2ff31c413f37c54,0x0000000000000000000000000000000000000000000000000000000000000000,0x0000000000000000000000000000000000000000000000000000000000000000,true
solc-0.8.36-develop.2026.5.7,solc-0.8.36-develop.2026.5.7,0xfe89fd96f270ac3c0f11921af0390dbb1340f704,optimized-low-runs,aavev4hub-borrow,0xcca852bc40e560adc3b1cc58ca5b55638ce826c9,0xe2689cd4a84e23ad2f564004f1c9013e9589d260bde6380aba3ca7e09e4df40c,0x0006000000000000000000000028331b640000000000000000000025ff265c6d,0x0006000000000000000000000028331b640000000000000000000025ff265c6d,true
solc-0.8.36-develop.2026.5.7,solc-0.8.36-develop.2026.5.7,0xfe89fd96f270ac3c0f11921af0390dbb1340f704,optimized-low-runs,aavev4hub-borrow,0xcca852bc40e560adc3b1cc58ca5b55638ce826c9,0xe2689cd4a84e23ad2f564004f1c9013e9589d260bde6380aba3ca7e09e4df40d,0x00000000000000000000000000000000000000000000000000000260fb379a9f,0x00000000000000000000000000000000000000000000000000000260fb379a9f,true
solc-0.8.36-develop.2026.5.7,solc-0.8.36-develop.2026.5.7,0xfe89fd96f270ac3c0f11921af0390dbb1340f704,optimized-low-runs,aavev4hub-borrow,0xcca852bc40e560adc3b1cc58ca5b55638ce826c9,0xe2689cd4a84e23ad2f564004f1c9013e9589d260bde6380aba3ca7e09e4df40e,0x0000000000000000000000000000000000000000000000000000000000000000,0x0000000000000000000000000000000000000000000000000000000000000000,true
solc-0.8.36-develop.2026.5.7,solc-0.8.36-develop.2026.5.7,0xfe89fd96f270ac3c0f11921af0390dbb1340f704,optimized-low-runs,aavev4hub-borrow,0xcca852bc40e560adc3b1cc58ca5b55638ce826c9,0xe2689cd4a84e23ad2f564004f1c9013e9589d260bde6380aba3ca7e09e4df40f,0x03e8000000000000000000000000000000000000000000000000023a9f504f7a,0x03e8000000000000000000000000000000000000000000000000023a9f504f7a,true
solc-0.8.36-develop.2026.5.7,solc-0.8.36-develop.2026.5.7,0xfe89fd96f270ac3c0f11921af0390dbb1340f704,optimized-low-runs,aavev4hub-borrow,0xcca852bc40e560adc3b1cc58ca5b55638ce826c9,0xe2689cd4a84e23ad2f564004f1c9013e9589d260bde6380aba3ca7e09e4df410,0x0069fce6cf0045ea81970c084d94cdb49b000000033e96f01e6c78ab999f17dd,0x0069fce6cf0045ea81970c084d94cdb49b000000033e96f01e6c78ab999f17dd,true
solc-0.8.36-develop.2026.5.7,solc-0.8.36-develop.2026.5.7,0xfe89fd96f270ac3c0f11921af0390dbb1340f704,optimized-low-runs,aavev4hub-borrow,0xcca852bc40e560adc3b1cc58ca5b55638ce826c9,0xe2689cd4a84e23ad2f564004f1c9013e9589d260bde6380aba3ca7e09e4df411,0x000000000000000000000000a0b86991c6218b36c1d19d4a2e9eb0ce3606eb48,0x000000000000000000000000a0b86991c6218b36c1d19d4a2e9eb0ce3606eb48,true
solc-0.8.36-develop.2026.5.7,solc-0.8.36-develop.2026.5.7,0xfe89fd96f270ac3c0f11921af0390dbb1340f704,optimized-low-runs,aavev4hub-borrow,0xcca852bc40e560adc3b1cc58ca5b55638ce826c9,0xe2689cd4a84e23ad2f564004f1c9013e9589d260bde6380aba3ca7e09e4df412,0x000000000000000000000000ad88791b0f81d1fa242f637eb05bee0cbc53fe2f,0x000000000000000000000000ad88791b0f81d1fa242f637eb05bee0cbc53fe2f,true
solc-0.8.36-develop.2026.5.7,solc-0.8.36-develop.2026.5.7,0xfe89fd96f270ac3c0f11921af0390dbb1340f704,optimized-low-runs,aavev4hub-borrow,0xcca852bc40e560adc3b1cc58ca5b55638ce826c9,0xe2689cd4a84e23ad2f564004f1c9013e9589d260bde6380aba3ca7e09e4df415,0x0000000000000000000000000000000000000000000000000000000000000000,0x0000000000000000000000000000000000000000000000000000000000000000,true
solc-0.8.36-develop.2026.5.7,solc-0.8.36-develop.2026.5.7,0xfe89fd96f270ac3c0f11921af0390dbb1340f704,optimized-low-runs,aavev4hub-repay,0x65407b940966954b23dfa3caa5c0702bb42984dc,0x34feb403857d4bd24516bc55fd629454fb07ab79bf97e76619cddfa97f711514,0x0000000000000000000000000000000000000000000000000000000000000000,0x0000000000000000000000000000000000000000000000000000000000000000,true
solc-0.8.36-develop.2026.5.7,solc-0.8.36-develop.2026.5.7,0xfe89fd96f270ac3c0f11921af0390dbb1340f704,optimized-low-runs,aavev4hub-repay,0x65407b940966954b23dfa3caa5c0702bb42984dc,0x360894a13ba1a3210667c828492db98dca3e2076cc3735a920a3ca505d382bbc,0x00000000000000000000000070ed94a65df287dc54184963d7a9edc83dd34223,0x00000000000000000000000070ed94a65df287dc54184963d7a9edc83dd34223,true
solc-0.8.36-develop.2026.5.7,solc-0.8.36-develop.2026.5.7,0xfe89fd96f270ac3c0f11921af0390dbb1340f704,optimized-low-runs,aavev4hub-repay,0x65407b940966954b23dfa3caa5c0702bb42984dc,0x3f564729ae51a8fccae3c814006b6fbcf6458a800032ad37470e985541986a5e,0x0000000000000000000000000000000000000000000000000000000000000000,0x0000000000000000000000000000000000000000000000000000000000000000,true
solc-0.8.36-develop.2026.5.7,solc-0.8.36-develop.2026.5.7,0xfe89fd96f270ac3c0f11921af0390dbb1340f704,optimized-low-runs,aavev4hub-repay,0x65407b940966954b23dfa3caa5c0702bb42984dc,0x3f564729ae51a8fccae3c814006b6fbcf6458a800032ad37470e985541986a5f,0x0000000000000000000000000000000000000000000000000000000000000000,0x0000000000000000000000000000000000000000000000000000000000000000,true
solc-0.8.36-develop.2026.5.7,solc-0.8.36-develop.2026.5.7,0xfe89fd96f270ac3c0f11921af0390dbb1340f704,optimized-low-runs,aavev4hub-repay,0x65407b940966954b23dfa3caa5c0702bb42984dc,0xacd8ef244210bb6898e73c48bf820ed8ecc857a3bab8d79c10e4fa92b1e9ca65,0x000000000000000000000000dac17f958d2ee523a2206206994597c13d831ec7,0x000000000000000000000000dac17f958d2ee523a2206206994597c13d831ec7,true
solc-0.8.36-develop.2026.5.7,solc-0.8.36-develop.2026.5.7,0xfe89fd96f270ac3c0f11921af0390dbb1340f704,optimized-low-runs,aavev4hub-repay,0x65407b940966954b23dfa3caa5c0702bb42984dc,0xacd8ef244210bb6898e73c48bf820ed8ecc857a3bab8d79c10e4fa92b1e9ca66,0x00000000000c000000060004cca852bc40e560adc3b1cc58ca5b55638ce826c9,0x00000000000c000000060004cca852bc40e560adc3b1cc58ca5b55638ce826c9,true
solc-0.8.36-develop.2026.5.7,solc-0.8.36-develop.2026.5.7,0xfe89fd96f270ac3c0f11921af0390dbb1340f704,optimized-low-runs,aavev4hub-repay,0x65407b940966954b23dfa3caa5c0702bb42984dc,0xf4f75388d1069e4e30c21ff369fde7194e942d194ea70085a3138398c769bb62,0x0000000000000000000000000000000000000000000000000000000000000002,0x0000000000000000000000000000000000000000000000000000000000000002,true
solc-0.8.36-develop.2026.5.7,solc-0.8.36-develop.2026.5.7,0xfe89fd96f270ac3c0f11921af0390dbb1340f704,optimized-low-runs,aavev4hub-repay,0xad88791b0f81d1fa242f637eb05bee0cbc53fe2f,0x52d75039926638d3c558b2bdefb945d5be8dae29dedd1c313212a4d472d9fde5,0x000000000000000000000000000000000000000007d0000001900000000023f0,0x000000000000000000000000000000000000000007d0000001900000000023f0,true
solc-0.8.36-develop.2026.5.7,solc-0.8.36-develop.2026.5.7,0xfe89fd96f270ac3c0f11921af0390dbb1340f704,optimized-low-runs,aavev4hub-repay,0xcca852bc40e560adc3b1cc58ca5b55638ce826c9,0x360894a13ba1a3210667c828492db98dca3e2076cc3735a920a3ca505d382bbc,0x000000000000000000000000fe89fd96f270ac3c0f11921af0390dbb1340f704,0x000000000000000000000000fe89fd96f270ac3c0f11921af0390dbb1340f704,true
solc-0.8.36-develop.2026.5.7,solc-0.8.36-develop.2026.5.7,0xfe89fd96f270ac3c0f11921af0390dbb1340f704,optimized-low-runs,aavev4hub-repay,0xcca852bc40e560adc3b1cc58ca5b55638ce826c9,0x3ecc32a16dd883599cd1f3781d816cd0dfa0bbefd4999b54c60caa6f4647aacd,0x00000000000000000000000000000000000000000000000000000017833c540f,0x00000000000000000000000000000000000000000000000000000017833c540f,true
solc-0.8.36-develop.2026.5.7,solc-0.8.36-develop.2026.5.7,0xfe89fd96f270ac3c0f11921af0390dbb1340f704,optimized-low-runs,aavev4hub-repay,0xcca852bc40e560adc3b1cc58ca5b55638ce826c9,0x3ecc32a16dd883599cd1f3781d816cd0dfa0bbefd4999b54c60caa6f4647aace,0x0000000000000000000000000000000000000000000000000000000000000000,0x0000000000000000000000000000000000000000000000000000000000000000,true
solc-0.8.36-develop.2026.5.7,solc-0.8.36-develop.2026.5.7,0xfe89fd96f270ac3c0f11921af0390dbb1340f704,optimized-low-runs,aavev4hub-repay,0xcca852bc40e560adc3b1cc58ca5b55638ce826c9,0x3ecc32a16dd883599cd1f3781d816cd0dfa0bbefd4999b54c60caa6f4647aacf,0x000000010000000000030d400000000000000000000000000000000000000000,0x000000010000000000030d400000000000000000000000000000000000000000,true
solc-0.8.36-develop.2026.5.7,solc-0.8.36-develop.2026.5.7,0xfe89fd96f270ac3c0f11921af0390dbb1340f704,optimized-low-runs,aavev4hub-repay,0xcca852bc40e560adc3b1cc58ca5b55638ce826c9,0xedc95719e9a3b28dd8e80877cb5880a9be7de1a13fc8b05e7999683b6b567643,0x0006000000000000000000000016f9b218000000000000000000003ae57ed1ec,0x0006000000000000000000000016f9b218000000000000000000003ae57ed1ec,true
solc-0.8.36-develop.2026.5.7,solc-0.8.36-develop.2026.5.7,0xfe89fd96f270ac3c0f11921af0390dbb1340f704,optimized-low-runs,aavev4hub-repay,0xcca852bc40e560adc3b1cc58ca5b55638ce826c9,0xedc95719e9a3b28dd8e80877cb5880a9be7de1a13fc8b05e7999683b6b567644,0x00000000000000000000000000000000000000000000000000000222395497fe,0x00000000000000000000000000000000000000000000000000000222395497fe,true
solc-0.8.36-develop.2026.5.7,solc-0.8.36-develop.2026.5.7,0xfe89fd96f270ac3c0f11921af0390dbb1340f704,optimized-low-runs,aavev4hub-repay,0xcca852bc40e560adc3b1cc58ca5b55638ce826c9,0xedc95719e9a3b28dd8e80877cb5880a9be7de1a13fc8b05e7999683b6b567645,0x0000000000000000000000000000000000000000000000000000000000000000,0x0000000000000000000000000000000000000000000000000000000000000000,true
solc-0.8.36-develop.2026.5.7,solc-0.8.36-develop.2026.5.7,0xfe89fd96f270ac3c0f11921af0390dbb1340f704,optimized-low-runs,aavev4hub-repay,0xcca852bc40e560adc3b1cc58ca5b55638ce826c9,0xedc95719e9a3b28dd8e80877cb5880a9be7de1a13fc8b05e7999683b6b567646,0x03e800000000000000000000000000000000000000000000000001e6ff7d6c7f,0x03e800000000000000000000000000000000000000000000000001e6ff7d6c7f,true
solc-0.8.36-develop.2026.5.7,solc-0.8.36-develop.2026.5.7,0xfe89fd96f270ac3c0f11921af0390dbb1340f704,optimized-low-runs,aavev4hub-repay,0xcca852bc40e560adc3b1cc58ca5b55638ce826c9,0xedc95719e9a3b28dd8e80877cb5880a9be7de1a13fc8b05e7999683b6b567647,0x0069fcdd930020191cceb19fadb96b553e000000033e8459528d1f270df1d41b,0x0069fcdd930020191cceb19fadb96b553e000000033e8459528d1f270df1d41b,true
solc-0.8.36-develop.2026.5.7,solc-0.8.36-develop.2026.5.7,0xfe89fd96f270ac3c0f11921af0390dbb1340f704,optimized-low-runs,aavev4hub-repay,0xcca852bc40e560adc3b1cc58ca5b55638ce826c9,0xedc95719e9a3b28dd8e80877cb5880a9be7de1a13fc8b05e7999683b6b567648,0x000000000000000000000000dac17f958d2ee523a2206206994597c13d831ec7,0x000000000000000000000000dac17f958d2ee523a2206206994597c13d831ec7,true
solc-0.8.36-develop.2026.5.7,solc-0.8.36-develop.2026.5.7,0xfe89fd96f270ac3c0f11921af0390dbb1340f704,optimized-low-runs,aavev4hub-repay,0xcca852bc40e560adc3b1cc58ca5b55638ce826c9,0xedc95719e9a3b28dd8e80877cb5880a9be7de1a13fc8b05e7999683b6b567649,0x000000000000000000000000ad88791b0f81d1fa242f637eb05bee0cbc53fe2f,0x000000000000000000000000ad88791b0f81d1fa242f637eb05bee0cbc53fe2f,true
solc-0.8.36-develop.2026.5.7,solc-0.8.36-develop.2026.5.7,0xfe89fd96f270ac3c0f11921af0390dbb1340f704,optimized-low-runs,aavev4hub-repay,0xcca852bc40e560adc3b1cc58ca5b55638ce826c9,0xedc95719e9a3b28dd8e80877cb5880a9be7de1a13fc8b05e7999683b6b56764c,0x0000000000000000000000000000000000000000000000000000000000000000,0x0000000000000000000000000000000000000000000000000000000000000000,true
solc-0.8.36-develop.2026.5.7,solc-0.8.36-develop.2026.5.7,0xfe89fd96f270ac3c0f11921af0390dbb1340f704,optimized-low-runs,aavev4hub-repay,0xdac17f958d2ee523a2206206994597c13d831ec7,0x0000000000000000000000000000000000000000000000000000000000000000,0x000000000000000000000000c6cde7c39eb2f0f0095f41570af89efc2c1ea828,0x000000000000000000000000c6cde7c39eb2f0f0095f41570af89efc2c1ea828,true
solc-0.8.36-develop.2026.5.7,solc-0.8.36-develop.2026.5.7,0xfe89fd96f270ac3c0f11921af0390dbb1340f704,optimized-low-runs,aavev4hub-repay,0xdac17f958d2ee523a2206206994597c13d831ec7,0x0000000000000000000000000000000000000000000000000000000000000003,0x0000000000000000000000000000000000000000000000000000000000000000,0x0000000000000000000000000000000000000000000000000000000000000000,true
solc-0.8.36-develop.2026.5.7,solc-0.8.36-develop.2026.5.7,0xfe89fd96f270ac3c0f11921af0390dbb1340f704,optimized-low-runs,aavev4hub-repay,0xdac17f958d2ee523a2206206994597c13d831ec7,0x0000000000000000000000000000000000000000000000000000000000000004,0x0000000000000000000000000000000000000000000000000000000000000000,0x0000000000000000000000000000000000000000000000000000000000000000,true
solc-0.8.36-develop.2026.5.7,solc-0.8.36-develop.2026.5.7,0xfe89fd96f270ac3c0f11921af0390dbb1340f704,optimized-low-runs,aavev4hub-repay,0xdac17f958d2ee523a2206206994597c13d831ec7,0x000000000000000000000000000000000000000000000000000000000000000a,0x0000000000000000000000000000000000000000000000000000000000000000,0x0000000000000000000000000000000000000000000000000000000000000000,true
solc-0.8.36-develop.2026.5.7,solc-0.8.36-develop.2026.5.7,0xfe89fd96f270ac3c0f11921af0390dbb1340f704,optimized-low-runs,aavev4hub-repay,0xdac17f958d2ee523a2206206994597c13d831ec7,0x04ae87eb4537faa6b1caeeb08231c692f777967021ee0b73a69a11e4e401d756,0x0000000000000000000000000000000000000000000000000000000000476b92,0x0000000000000000000000000000000000000000000000000000000000476b92,true
solc-0.8.36-develop.2026.5.7,solc-0.8.36-develop.2026.5.7,0xfe89fd96f270ac3c0f11921af0390dbb1340f704,optimized-low-runs,aavev4hub-repay,0xdac17f958d2ee523a2206206994597c13d831ec7,0x060a0caf14c4bb275a1a36702be067ac92c6d32d1f5ee4d12adf995a90bb4d96,0x0000000000000000000000000000000000000000000000000000000000476b92,0x0000000000000000000000000000000000000000000000000000000000476b92,true
solc-0.8.36-develop.2026.5.7,solc-0.8.36-develop.2026.5.7,0xfe89fd96f270ac3c0f11921af0390dbb1340f704,optimized-low-runs,aavev4hub-repay,0xdac17f958d2ee523a2206206994597c13d831ec7,0x49f1d466fcbc6a83306d99a65fee793ab8f0cf6214c04f5c0e6f487c0bc653e7,0x0000000000000000000000000000000000000000000000000000000000000000,0x0000000000000000000000000000000000000000000000000000000000000000,true
solc-0.8.36-develop.2026.5.7,solc-0.8.36-develop.2026.5.7,0xfe89fd96f270ac3c0f11921af0390dbb1340f704,optimized-low-runs,aavev4hub-repay,0xdac17f958d2ee523a2206206994597c13d831ec7,0xea785d0fd2ab5d7b012123d7e15402e754ea63714145e76813b516e4d49462a9,0x0000000000000000000000000000000000000000000000000000003ae57ed1ec,0x0000000000000000000000000000000000000000000000000000003ae57ed1ec,true
solc-0.8.36-develop.2026.5.7,solc-0.8.36-develop.2026.5.7,0xfe89fd96f270ac3c0f11921af0390dbb1340f704,via-ir,aavev4hub-borrow,0x2c1d072e956affc0d435cb7ac38ef18d24d9127c,0x0000000000000000000000000000000000000000000000000000000000000002,0x0000000000000000000096d6e33b411dc1f4e3f1e894a5a5d9ce0f96738d0007,0x0000000000000000000096d6e33b411dc1f4e3f1e894a5a5d9ce0f96738d0007,true
solc-0.8.36-develop.2026.5.7,solc-0.8.36-develop.2026.5.7,0xfe89fd96f270ac3c0f11921af0390dbb1340f704,via-ir,aavev4hub-borrow,0x2c1d072e956affc0d435cb7ac38ef18d24d9127c,0x0000000000000000000000000000000000000000000000000000000000000005,0x0000000000000000000000000000000000000000000000000000000000000000,0x0000000000000000000000000000000000000000000000000000000000000000,true
solc-0.8.36-develop.2026.5.7,solc-0.8.36-develop.2026.5.7,0xfe89fd96f270ac3c0f11921af0390dbb1340f704,via-ir,aavev4hub-borrow,0x581b8bc9d6104f71ad6da1f483b67500968c5994,0x0000000000000000000000000000000000000000000000000000000000000001,0x000000000000000000000000000000000000000000000000000000000632ea00,0x000000000000000000000000000000000000000000000000000000000632ea00,true
solc-0.8.36-develop.2026.5.7,solc-0.8.36-develop.2026.5.7,0xfe89fd96f270ac3c0f11921af0390dbb1340f704,via-ir,aavev4hub-borrow,0x8fffffd4afb6115b954bd326cbe7b4ba576818f6,0x0000000000000000000000000000000000000000000000000000000000000002,0x00000000000000000000c9e1a09622afdb659913fefe800feae5dbbfe9d70003,0x00000000000000000000c9e1a09622afdb659913fefe800feae5dbbfe9d70003,true
solc-0.8.36-develop.2026.5.7,solc-0.8.36-develop.2026.5.7,0xfe89fd96f270ac3c0f11921af0390dbb1340f704,via-ir,aavev4hub-borrow,0x8fffffd4afb6115b954bd326cbe7b4ba576818f6,0x0000000000000000000000000000000000000000000000000000000000000005,0x0000000000000000000000000000000000000000000000000000000000000000,0x0000000000000000000000000000000000000000000000000000000000000000,true
solc-0.8.36-develop.2026.5.7,solc-0.8.36-develop.2026.5.7,0xfe89fd96f270ac3c0f11921af0390dbb1340f704,via-ir,aavev4hub-borrow,0x94e7a5dcbe816e498b89ab752661904e2f56c485,0x0000000000000000000000000000000000000000000000000000000000000000,0x000000000000000000000000000000000000000000000000000000000000000e,0x000000000000000000000000000000000000000000000000000000000000000e,true
solc-0.8.36-develop.2026.5.7,solc-0.8.36-develop.2026.5.7,0xfe89fd96f270ac3c0f11921af0390dbb1340f704,via-ir,aavev4hub-borrow,0x94e7a5dcbe816e498b89ab752661904e2f56c485,0x360894a13ba1a3210667c828492db98dca3e2076cc3735a920a3ca505d382bbc,0x000000000000000000000000abd0e26fe17bde4f1f1187ed8aa80c274e03d8b5,0x000000000000000000000000abd0e26fe17bde4f1f1187ed8aa80c274e03d8b5,true
solc-0.8.36-develop.2026.5.7,solc-0.8.36-develop.2026.5.7,0xfe89fd96f270ac3c0f11921af0390dbb1340f704,via-ir,aavev4hub-borrow,0x94e7a5dcbe816e498b89ab752661904e2f56c485,0x3c44be3df2152ab29c1991a8ac1f816f5097828618f79862a65c011263dca174,0x0000000000000000000000000000000000000000000000000000000000006000,0x0000000000000000000000000000000000000000000000000000000000006000,true
solc-0.8.36-develop.2026.5.7,solc-0.8.36-develop.2026.5.7,0xfe89fd96f270ac3c0f11921af0390dbb1340f704,via-ir,aavev4hub-borrow,0x94e7a5dcbe816e498b89ab752661904e2f56c485,0x4498fd5b26e96f0b0a593b291df9775bbd3ff554c0cce9de7c9fb4e3b570caf8,0x0000000000000000000000000000000000000000000000000000000000000000,0x0000000000000000000000000000000000000000000000000000000000000000,true
solc-0.8.36-develop.2026.5.7,solc-0.8.36-develop.2026.5.7,0xfe89fd96f270ac3c0f11921af0390dbb1340f704,via-ir,aavev4hub-borrow,0x94e7a5dcbe816e498b89ab752661904e2f56c485,0x59dd4b18488d12f51eda69757a0ed42a2010c14b564330cc74a06895e60c077c,0x000000000008000000120010cca852bc40e560adc3b1cc58ca5b55638ce826c9,0x000000000008000000120010cca852bc40e560adc3b1cc58ca5b55638ce826c9,true
solc-0.8.36-develop.2026.5.7,solc-0.8.36-develop.2026.5.7,0xfe89fd96f270ac3c0f11921af0390dbb1340f704,via-ir,aavev4hub-borrow,0x94e7a5dcbe816e498b89ab752661904e2f56c485,0xacd8ef244210bb6898e73c48bf820ed8ecc857a3bab8d79c10e4fa92b1e9ca66,0x00000000000c000000060005cca852bc40e560adc3b1cc58ca5b55638ce826c9,0x00000000000c000000060005cca852bc40e560adc3b1cc58ca5b55638ce826c9,true
solc-0.8.36-develop.2026.5.7,solc-0.8.36-develop.2026.5.7,0xfe89fd96f270ac3c0f11921af0390dbb1340f704,via-ir,aavev4hub-borrow,0x94e7a5dcbe816e498b89ab752661904e2f56c485,0xeb0105a02c46ce1ccb77647d5da60d3914affe116b7576759b2f443ac6fb6e3b,0x00000000000000000000000000000000000000000000000003e800002a191bbc,0x00000000000000000000000000000000000000000000000003e800002a191bbc,true
solc-0.8.36-develop.2026.5.7,solc-0.8.36-develop.2026.5.7,0xfe89fd96f270ac3c0f11921af0390dbb1340f704,via-ir,aavev4hub-borrow,0x94e7a5dcbe816e498b89ab752661904e2f56c485,0xed0931f4babc4d26b1bfea6cf161c76b40dfcb98bd04e8faac81ae51b2144b48,0x0000000000000000000000000000000000000000000000f3f20b8dfa69d00000,0x0000000000000000000000000000000000000000000000f3f20b8dfa69d00000,true
solc-0.8.36-develop.2026.5.7,solc-0.8.36-develop.2026.5.7,0xfe89fd96f270ac3c0f11921af0390dbb1340f704,via-ir,aavev4hub-borrow,0x94e7a5dcbe816e498b89ab752661904e2f56c485,0xf23e5020aeaebf7d2612ef29d30a540d240a63e09f591fd4088158394b0687d4,0x00000000000000000000000000000000000000000000000000000006f4ccdf5a,0x00000000000000000000000000000000000000000000000000000006f4ccdf5a,true
solc-0.8.36-develop.2026.5.7,solc-0.8.36-develop.2026.5.7,0xfe89fd96f270ac3c0f11921af0390dbb1340f704,via-ir,aavev4hub-borrow,0x94e7a5dcbe816e498b89ab752661904e2f56c485,0xf23e5020aeaebf7d2612ef29d30a540d240a63e09f591fd4088158394b0687d5,0x0000000000000000000000000000000000000000000000000000000000000000,0x0000000000000000000000000000000000000000000000000000000000000000,true
solc-0.8.36-develop.2026.5.7,solc-0.8.36-develop.2026.5.7,0xfe89fd96f270ac3c0f11921af0390dbb1340f704,via-ir,aavev4hub-borrow,0x96d6e33b411dc1f4e3f1e894a5a5d9ce0f96738d,0x000000000000000000000000000000000000000000000000000000000000000b,0x00000000000000000000000000000000000000000000000068740000aff6010a,0x00000000000000000000000000000000000000000000000068740000aff6010a,true
solc-0.8.36-develop.2026.5.7,solc-0.8.36-develop.2026.5.7,0xfe89fd96f270ac3c0f11921af0390dbb1340f704,via-ir,aavev4hub-borrow,0x96d6e33b411dc1f4e3f1e894a5a5d9ce0f96738d,0x640788b4657adc9baab4d87795a285ed6641e8921b9e8b0d43291044e7d50fd8,0x69fce12f69fce11b00000000000000000000000000000000000000003b227057,0x69fce12f69fce11b00000000000000000000000000000000000000003b227057,true
solc-0.8.36-develop.2026.5.7,solc-0.8.36-develop.2026.5.7,0xfe89fd96f270ac3c0f11921af0390dbb1340f704,via-ir,aavev4hub-borrow,0x96d6e33b411dc1f4e3f1e894a5a5d9ce0f96738d,0xda586c5b227182720bd292f4bdeaa8b91fcc9f8cd93702354ce522a8ee2ac659,0x0000000000000000000000000000000000000000000000000000000000000001,0x0000000000000000000000000000000000000000000000000000000000000001,true
solc-0.8.36-develop.2026.5.7,solc-0.8.36-develop.2026.5.7,0xfe89fd96f270ac3c0f11921af0390dbb1340f704,via-ir,aavev4hub-borrow,0x99b2b6cea9c3d2fd8f4d90f86741c44b212a6127,0x8f331abe73332f95a25873e8b430885974c0409691f89d643119a11623a7924a,0x0000000000000000000000002c1d072e956affc0d435cb7ac38ef18d24d9127c,0x0000000000000000000000002c1d072e956affc0d435cb7ac38ef18d24d9127c,true
solc-0.8.36-develop.2026.5.7,solc-0.8.36-develop.2026.5.7,0xfe89fd96f270ac3c0f11921af0390dbb1340f704,via-ir,aavev4hub-borrow,0x99b2b6cea9c3d2fd8f4d90f86741c44b212a6127,0xdc686ec4a0ff239c70e7c7c36e8f853eced3bc8618f48d2b816da2a74311237e,0x000000000000000000000000581b8bc9d6104f71ad6da1f483b67500968c5994,0x000000000000000000000000581b8bc9d6104f71ad6da1f483b67500968c5994,true
solc-0.8.36-develop.2026.5.7,solc-0.8.36-develop.2026.5.7,0xfe89fd96f270ac3c0f11921af0390dbb1340f704,via-ir,aavev4hub-borrow,0xa0b86991c6218b36c1d19d4a2e9eb0ce3606eb48,0x0000000000000000000000000000000000000000000000000000000000000001,0x0000000000000000000000004914f61d25e5c567143774b76edbf4d5109a8566,0x0000000000000000000000004914f61d25e5c567143774b76edbf4d5109a8566,true
solc-0.8.36-develop.2026.5.7,solc-0.8.36-develop.2026.5.7,0xfe89fd96f270ac3c0f11921af0390dbb1340f704,via-ir,aavev4hub-borrow,0xa0b86991c6218b36c1d19d4a2e9eb0ce3606eb48,0x10d6a54a4754c8869d6886b5f5d7fbfa5b4522237ea5c60d11bc4e7a1ff9390b,0x000000000000000000000000807a96288a1a408dbc13de2b1d087d10356395d2,0x000000000000000000000000807a96288a1a408dbc13de2b1d087d10356395d2,true
solc-0.8.36-develop.2026.5.7,solc-0.8.36-develop.2026.5.7,0xfe89fd96f270ac3c0f11921af0390dbb1340f704,via-ir,aavev4hub-borrow,0xa0b86991c6218b36c1d19d4a2e9eb0ce3606eb48,0x7050c9e0f4ca769c69bd3a8ef740bc37934f8e2c036e5a723fd8ee048ed3f8c3,0x00000000000000000000000043506849d7c04f9138d1a2050bbf3a0c054402dd,0x00000000000000000000000043506849d7c04f9138d1a2050bbf3a0c054402dd,true
solc-0.8.36-develop.2026.5.7,solc-0.8.36-develop.2026.5.7,0xfe89fd96f270ac3c0f11921af0390dbb1340f704,via-ir,aavev4hub-borrow,0xa0b86991c6218b36c1d19d4a2e9eb0ce3606eb48,0x92695585ccac2945ae3019c9b19a754e0402979b3f8c29928db1909b6aa9f1eb,0x00000000000000000000000000000000000000000000000000000025ff265da8,0x00000000000000000000000000000000000000000000000000000025ff265da8,true
solc-0.8.36-develop.2026.5.7,solc-0.8.36-develop.2026.5.7,0xfe89fd96f270ac3c0f11921af0390dbb1340f704,via-ir,aavev4hub-borrow,0xa0b86991c6218b36c1d19d4a2e9eb0ce3606eb48,0xb441100fe50211b58a5ab406babfb303c469dd2b384ff23bfb61616d2989da92,0x00000000000000000000000000000000000000000000000000000006fc23ae58,0x00000000000000000000000000000000000000000000000000000006fc23ae58,true
solc-0.8.36-develop.2026.5.7,solc-0.8.36-develop.2026.5.7,0xfe89fd96f270ac3c0f11921af0390dbb1340f704,via-ir,aavev4hub-borrow,0xad88791b0f81d1fa242f637eb05bee0cbc53fe2f,0x2b232c97452f0950c94e2539fdc7e69d21166113cf7a9bcb99b220a3fe5d720a,0x000000000000000000000000000000000000000007d0000001900000000023f0,0x000000000000000000000000000000000000000007d0000001900000000023f0,true
solc-0.8.36-develop.2026.5.7,solc-0.8.36-develop.2026.5.7,0xfe89fd96f270ac3c0f11921af0390dbb1340f704,via-ir,aavev4hub-borrow,0xc9e1a09622afdb659913fefe800feae5dbbfe9d7,0x000000000000000000000000000000000000000000000000000000000000000b,0x00000000000000000000000000000000000000000000000003a40001ff190405,0x00000000000000000000000000000000000000000000000003a40001ff190405,true
solc-0.8.36-develop.2026.5.7,solc-0.8.36-develop.2026.5.7,0xfe89fd96f270ac3c0f11921af0390dbb1340f704,via-ir,aavev4hub-borrow,0xc9e1a09622afdb659913fefe800feae5dbbfe9d7,0xee57703936e11cb83ff18ce2a0656a9dda182fc8ee76e6bf18bd3333ccd3ffd3,0x69fc469769fc4688000000000000000000000000000000000000000005f5a280,0x69fc469769fc4688000000000000000000000000000000000000000005f5a280,true
solc-0.8.36-develop.2026.5.7,solc-0.8.36-develop.2026.5.7,0xfe89fd96f270ac3c0f11921af0390dbb1340f704,via-ir,aavev4hub-borrow,0xc9e1a09622afdb659913fefe800feae5dbbfe9d7,0xf8ad5150ff7987f0464cd848559b538152a0a36ed83b24aa0c11a5e92599ffd7,0x0000000000000000000000000000000000000000000000000000000000000001,0x0000000000000000000000000000000000000000000000000000000000000001,true
solc-0.8.36-develop.2026.5.7,solc-0.8.36-develop.2026.5.7,0xfe89fd96f270ac3c0f11921af0390dbb1340f704,via-ir,aavev4hub-borrow,0xcca852bc40e560adc3b1cc58ca5b55638ce826c9,0x360894a13ba1a3210667c828492db98dca3e2076cc3735a920a3ca505d382bbc,0x000000000000000000000000fe89fd96f270ac3c0f11921af0390dbb1340f704,0x000000000000000000000000fe89fd96f270ac3c0f11921af0390dbb1340f704,true
solc-0.8.36-develop.2026.5.7,solc-0.8.36-develop.2026.5.7,0xfe89fd96f270ac3c0f11921af0390dbb1340f704,via-ir,aavev4hub-borrow,0xcca852bc40e560adc3b1cc58ca5b55638ce826c9,0x755311b9e2cee471a91b161ccc5deed933d844b5af2b885543cc3c04eb640983,0x001200000000000000000000000000000000000000001241c133ed379d5f9b19,0x001200000000000000000000000000000000000000001241c133ed379d5f9b19,true
solc-0.8.36-develop.2026.5.7,solc-0.8.36-develop.2026.5.7,0xfe89fd96f270ac3c0f11921af0390dbb1340f704,via-ir,aavev4hub-borrow,0xcca852bc40e560adc3b1cc58ca5b55638ce826c9,0x755311b9e2cee471a91b161ccc5deed933d844b5af2b885543cc3c04eb640984,0x000000000000000000000000000000000000000000001241c133ed379d5f9b19,0x000000000000000000000000000000000000000000001241c133ed379d5f9b19,true
solc-0.8.36-develop.2026.5.7,solc-0.8.36-develop.2026.5.7,0xfe89fd96f270ac3c0f11921af0390dbb1340f704,via-ir,aavev4hub-borrow,0xcca852bc40e560adc3b1cc58ca5b55638ce826c9,0x755311b9e2cee471a91b161ccc5deed933d844b5af2b885543cc3c04eb640985,0x0000000000000000000000000000000000000000000000000000000000000000,0x0000000000000000000000000000000000000000000000000000000000000000,true
solc-0.8.36-develop.2026.5.7,solc-0.8.36-develop.2026.5.7,0xfe89fd96f270ac3c0f11921af0390dbb1340f704,via-ir,aavev4hub-borrow,0xcca852bc40e560adc3b1cc58ca5b55638ce826c9,0x755311b9e2cee471a91b161ccc5deed933d844b5af2b885543cc3c04eb640986,0x0000000000000000000000000000000000000000000000000000000000000000,0x0000000000000000000000000000000000000000000000000000000000000000,true
solc-0.8.36-develop.2026.5.7,solc-0.8.36-develop.2026.5.7,0xfe89fd96f270ac3c0f11921af0390dbb1340f704,via-ir,aavev4hub-borrow,0xcca852bc40e560adc3b1cc58ca5b55638ce826c9,0x755311b9e2cee471a91b161ccc5deed933d844b5af2b885543cc3c04eb640987,0x0069fce55b000000000000000000000000000000033b2e3c9fd0803ce8000000,0x0069fce55b000000000000000000000000000000033b2e3c9fd0803ce8000000,true
solc-0.8.36-develop.2026.5.7,solc-0.8.36-develop.2026.5.7,0xfe89fd96f270ac3c0f11921af0390dbb1340f704,via-ir,aavev4hub-borrow,0xcca852bc40e560adc3b1cc58ca5b55638ce826c9,0x755311b9e2cee471a91b161ccc5deed933d844b5af2b885543cc3c04eb64098c,0x0000000000000000000000000000000000000000000000000000000000000000,0x0000000000000000000000000000000000000000000000000000000000000000,true
solc-0.8.36-develop.2026.5.7,solc-0.8.36-develop.2026.5.7,0xfe89fd96f270ac3c0f11921af0390dbb1340f704,via-ir,aavev4hub-borrow,0xcca852bc40e560adc3b1cc58ca5b55638ce826c9,0xb98d39dd7f8c58a7de07a240db1814ab05b9c6c8912d8daaf2ff31c413f37c51,0x0000000000000000000000000000000000000000000000000000020f9289247d,0x0000000000000000000000000000000000000000000000000000020f9289247d,true
solc-0.8.36-develop.2026.5.7,solc-0.8.36-develop.2026.5.7,0xfe89fd96f270ac3c0f11921af0390dbb1340f704,via-ir,aavev4hub-borrow,0xcca852bc40e560adc3b1cc58ca5b55638ce826c9,0xb98d39dd7f8c58a7de07a240db1814ab05b9c6c8912d8daaf2ff31c413f37c52,0x0000000000000000000000000000000000000000000000000000000000000000,0x0000000000000000000000000000000000000000000000000000000000000000,true
solc-0.8.36-develop.2026.5.7,solc-0.8.36-develop.2026.5.7,0xfe89fd96f270ac3c0f11921af0390dbb1340f704,via-ir,aavev4hub-borrow,0xcca852bc40e560adc3b1cc58ca5b55638ce826c9,0xb98d39dd7f8c58a7de07a240db1814ab05b9c6c8912d8daaf2ff31c413f37c53,0x0000000100000000005b8d8000005b8d800000000000000000000226fdb34d8e,0x0000000100000000005b8d8000005b8d800000000000000000000226fdb34d8e,true
solc-0.8.36-develop.2026.5.7,solc-0.8.36-develop.2026.5.7,0xfe89fd96f270ac3c0f11921af0390dbb1340f704,via-ir,aavev4hub-borrow,0xcca852bc40e560adc3b1cc58ca5b55638ce826c9,0xb98d39dd7f8c58a7de07a240db1814ab05b9c6c8912d8daaf2ff31c413f37c54,0x0000000000000000000000000000000000000000000000000000000000000000,0x0000000000000000000000000000000000000000000000000000000000000000,true
solc-0.8.36-develop.2026.5.7,solc-0.8.36-develop.2026.5.7,0xfe89fd96f270ac3c0f11921af0390dbb1340f704,via-ir,aavev4hub-borrow,0xcca852bc40e560adc3b1cc58ca5b55638ce826c9,0xe2689cd4a84e23ad2f564004f1c9013e9589d260bde6380aba3ca7e09e4df40c,0x0006000000000000000000000028331b640000000000000000000025ff265c6d,0x0006000000000000000000000028331b640000000000000000000025ff265c6d,true
solc-0.8.36-develop.2026.5.7,solc-0.8.36-develop.2026.5.7,0xfe89fd96f270ac3c0f11921af0390dbb1340f704,via-ir,aavev4hub-borrow,0xcca852bc40e560adc3b1cc58ca5b55638ce826c9,0xe2689cd4a84e23ad2f564004f1c9013e9589d260bde6380aba3ca7e09e4df40d,0x00000000000000000000000000000000000000000000000000000260fb379a9f,0x00000000000000000000000000000000000000000000000000000260fb379a9f,true
solc-0.8.36-develop.2026.5.7,solc-0.8.36-develop.2026.5.7,0xfe89fd96f270ac3c0f11921af0390dbb1340f704,via-ir,aavev4hub-borrow,0xcca852bc40e560adc3b1cc58ca5b55638ce826c9,0xe2689cd4a84e23ad2f564004f1c9013e9589d260bde6380aba3ca7e09e4df40e,0x0000000000000000000000000000000000000000000000000000000000000000,0x0000000000000000000000000000000000000000000000000000000000000000,true
solc-0.8.36-develop.2026.5.7,solc-0.8.36-develop.2026.5.7,0xfe89fd96f270ac3c0f11921af0390dbb1340f704,via-ir,aavev4hub-borrow,0xcca852bc40e560adc3b1cc58ca5b55638ce826c9,0xe2689cd4a84e23ad2f564004f1c9013e9589d260bde6380aba3ca7e09e4df40f,0x03e8000000000000000000000000000000000000000000000000023a9f504f7a,0x03e8000000000000000000000000000000000000000000000000023a9f504f7a,true
solc-0.8.36-develop.2026.5.7,solc-0.8.36-develop.2026.5.7,0xfe89fd96f270ac3c0f11921af0390dbb1340f704,via-ir,aavev4hub-borrow,0xcca852bc40e560adc3b1cc58ca5b55638ce826c9,0xe2689cd4a84e23ad2f564004f1c9013e9589d260bde6380aba3ca7e09e4df410,0x0069fce6cf0045ea81970c084d94cdb49b000000033e96f01e6c78ab999f17dd,0x0069fce6cf0045ea81970c084d94cdb49b000000033e96f01e6c78ab999f17dd,true
solc-0.8.36-develop.2026.5.7,solc-0.8.36-develop.2026.5.7,0xfe89fd96f270ac3c0f11921af0390dbb1340f704,via-ir,aavev4hub-borrow,0xcca852bc40e560adc3b1cc58ca5b55638ce826c9,0xe2689cd4a84e23ad2f564004f1c9013e9589d260bde6380aba3ca7e09e4df411,0x000000000000000000000000a0b86991c6218b36c1d19d4a2e9eb0ce3606eb48,0x000000000000000000000000a0b86991c6218b36c1d19d4a2e9eb0ce3606eb48,true
solc-0.8.36-develop.2026.5.7,solc-0.8.36-develop.2026.5.7,0xfe89fd96f270ac3c0f11921af0390dbb1340f704,via-ir,aavev4hub-borrow,0xcca852bc40e560adc3b1cc58ca5b55638ce826c9,0xe2689cd4a84e23ad2f564004f1c9013e9589d260bde6380aba3ca7e09e4df412,0x000000000000000000000000ad88791b0f81d1fa242f637eb05bee0cbc53fe2f,0x000000000000000000000000ad88791b0f81d1fa242f637eb05bee0cbc53fe2f,true
solc-0.8.36-develop.2026.5.7,solc-0.8.36-develop.2026.5.7,0xfe89fd96f270ac3c0f11921af0390dbb1340f704,via-ir,aavev4hub-borrow,0xcca852bc40e560adc3b1cc58ca5b55638ce826c9,0xe2689cd4a84e23ad2f564004f1c9013e9589d260bde6380aba3ca7e09e4df415,0x0000000000000000000000000000000000000000000000000000000000000000,0x0000000000000000000000000000000000000000000000000000000000000000,true
solc-0.8.36-develop.2026.5.7,solc-0.8.36-develop.2026.5.7,0xfe89fd96f270ac3c0f11921af0390dbb1340f704,via-ir,aavev4hub-repay,0x65407b940966954b23dfa3caa5c0702bb42984dc,0x34feb403857d4bd24516bc55fd629454fb07ab79bf97e76619cddfa97f711514,0x0000000000000000000000000000000000000000000000000000000000000000,0x0000000000000000000000000000000000000000000000000000000000000000,true
solc-0.8.36-develop.2026.5.7,solc-0.8.36-develop.2026.5.7,0xfe89fd96f270ac3c0f11921af0390dbb1340f704,via-ir,aavev4hub-repay,0x65407b940966954b23dfa3caa5c0702bb42984dc,0x360894a13ba1a3210667c828492db98dca3e2076cc3735a920a3ca505d382bbc,0x00000000000000000000000070ed94a65df287dc54184963d7a9edc83dd34223,0x00000000000000000000000070ed94a65df287dc54184963d7a9edc83dd34223,true
solc-0.8.36-develop.2026.5.7,solc-0.8.36-develop.2026.5.7,0xfe89fd96f270ac3c0f11921af0390dbb1340f704,via-ir,aavev4hub-repay,0x65407b940966954b23dfa3caa5c0702bb42984dc,0x3f564729ae51a8fccae3c814006b6fbcf6458a800032ad37470e985541986a5e,0x0000000000000000000000000000000000000000000000000000000000000000,0x0000000000000000000000000000000000000000000000000000000000000000,true
solc-0.8.36-develop.2026.5.7,solc-0.8.36-develop.2026.5.7,0xfe89fd96f270ac3c0f11921af0390dbb1340f704,via-ir,aavev4hub-repay,0x65407b940966954b23dfa3caa5c0702bb42984dc,0x3f564729ae51a8fccae3c814006b6fbcf6458a800032ad37470e985541986a5f,0x0000000000000000000000000000000000000000000000000000000000000000,0x0000000000000000000000000000000000000000000000000000000000000000,true
solc-0.8.36-develop.2026.5.7,solc-0.8.36-develop.2026.5.7,0xfe89fd96f270ac3c0f11921af0390dbb1340f704,via-ir,aavev4hub-repay,0x65407b940966954b23dfa3caa5c0702bb42984dc,0xacd8ef244210bb6898e73c48bf820ed8ecc857a3bab8d79c10e4fa92b1e9ca65,0x000000000000000000000000dac17f958d2ee523a2206206994597c13d831ec7,0x000000000000000000000000dac17f958d2ee523a2206206994597c13d831ec7,true
solc-0.8.36-develop.2026.5.7,solc-0.8.36-develop.2026.5.7,0xfe89fd96f270ac3c0f11921af0390dbb1340f704,via-ir,aavev4hub-repay,0x65407b940966954b23dfa3caa5c0702bb42984dc,0xacd8ef244210bb6898e73c48bf820ed8ecc857a3bab8d79c10e4fa92b1e9ca66,0x00000000000c000000060004cca852bc40e560adc3b1cc58ca5b55638ce826c9,0x00000000000c000000060004cca852bc40e560adc3b1cc58ca5b55638ce826c9,true
solc-0.8.36-develop.2026.5.7,solc-0.8.36-develop.2026.5.7,0xfe89fd96f270ac3c0f11921af0390dbb1340f704,via-ir,aavev4hub-repay,0x65407b940966954b23dfa3caa5c0702bb42984dc,0xf4f75388d1069e4e30c21ff369fde7194e942d194ea70085a3138398c769bb62,0x0000000000000000000000000000000000000000000000000000000000000002,0x0000000000000000000000000000000000000000000000000000000000000002,true
solc-0.8.36-develop.2026.5.7,solc-0.8.36-develop.2026.5.7,0xfe89fd96f270ac3c0f11921af0390dbb1340f704,via-ir,aavev4hub-repay,0xad88791b0f81d1fa242f637eb05bee0cbc53fe2f,0x52d75039926638d3c558b2bdefb945d5be8dae29dedd1c313212a4d472d9fde5,0x000000000000000000000000000000000000000007d0000001900000000023f0,0x000000000000000000000000000000000000000007d0000001900000000023f0,true
solc-0.8.36-develop.2026.5.7,solc-0.8.36-develop.2026.5.7,0xfe89fd96f270ac3c0f11921af0390dbb1340f704,via-ir,aavev4hub-repay,0xcca852bc40e560adc3b1cc58ca5b55638ce826c9,0x360894a13ba1a3210667c828492db98dca3e2076cc3735a920a3ca505d382bbc,0x000000000000000000000000fe89fd96f270ac3c0f11921af0390dbb1340f704,0x000000000000000000000000fe89fd96f270ac3c0f11921af0390dbb1340f704,true
solc-0.8.36-develop.2026.5.7,solc-0.8.36-develop.2026.5.7,0xfe89fd96f270ac3c0f11921af0390dbb1340f704,via-ir,aavev4hub-repay,0xcca852bc40e560adc3b1cc58ca5b55638ce826c9,0x3ecc32a16dd883599cd1f3781d816cd0dfa0bbefd4999b54c60caa6f4647aacd,0x00000000000000000000000000000000000000000000000000000017833c540f,0x00000000000000000000000000000000000000000000000000000017833c540f,true
solc-0.8.36-develop.2026.5.7,solc-0.8.36-develop.2026.5.7,0xfe89fd96f270ac3c0f11921af0390dbb1340f704,via-ir,aavev4hub-repay,0xcca852bc40e560adc3b1cc58ca5b55638ce826c9,0x3ecc32a16dd883599cd1f3781d816cd0dfa0bbefd4999b54c60caa6f4647aace,0x0000000000000000000000000000000000000000000000000000000000000000,0x0000000000000000000000000000000000000000000000000000000000000000,true
solc-0.8.36-develop.2026.5.7,solc-0.8.36-develop.2026.5.7,0xfe89fd96f270ac3c0f11921af0390dbb1340f704,via-ir,aavev4hub-repay,0xcca852bc40e560adc3b1cc58ca5b55638ce826c9,0x3ecc32a16dd883599cd1f3781d816cd0dfa0bbefd4999b54c60caa6f4647aacf,0x000000010000000000030d400000000000000000000000000000000000000000,0x000000010000000000030d400000000000000000000000000000000000000000,true
solc-0.8.36-develop.2026.5.7,solc-0.8.36-develop.2026.5.7,0xfe89fd96f270ac3c0f11921af0390dbb1340f704,via-ir,aavev4hub-repay,0xcca852bc40e560adc3b1cc58ca5b55638ce826c9,0xedc95719e9a3b28dd8e80877cb5880a9be7de1a13fc8b05e7999683b6b567643,0x0006000000000000000000000016f9b218000000000000000000003ae57ed1ec,0x0006000000000000000000000016f9b218000000000000000000003ae57ed1ec,true
solc-0.8.36-develop.2026.5.7,solc-0.8.36-develop.2026.5.7,0xfe89fd96f270ac3c0f11921af0390dbb1340f704,via-ir,aavev4hub-repay,0xcca852bc40e560adc3b1cc58ca5b55638ce826c9,0xedc95719e9a3b28dd8e80877cb5880a9be7de1a13fc8b05e7999683b6b567644,0x00000000000000000000000000000000000000000000000000000222395497fe,0x00000000000000000000000000000000000000000000000000000222395497fe,true
solc-0.8.36-develop.2026.5.7,solc-0.8.36-develop.2026.5.7,0xfe89fd96f270ac3c0f11921af0390dbb1340f704,via-ir,aavev4hub-repay,0xcca852bc40e560adc3b1cc58ca5b55638ce826c9,0xedc95719e9a3b28dd8e80877cb5880a9be7de1a13fc8b05e7999683b6b567645,0x0000000000000000000000000000000000000000000000000000000000000000,0x0000000000000000000000000000000000000000000000000000000000000000,true
solc-0.8.36-develop.2026.5.7,solc-0.8.36-develop.2026.5.7,0xfe89fd96f270ac3c0f11921af0390dbb1340f704,via-ir,aavev4hub-repay,0xcca852bc40e560adc3b1cc58ca5b55638ce826c9,0xedc95719e9a3b28dd8e80877cb5880a9be7de1a13fc8b05e7999683b6b567646,0x03e800000000000000000000000000000000000000000000000001e6ff7d6c7f,0x03e800000000000000000000000000000000000000000000000001e6ff7d6c7f,true
solc-0.8.36-develop.2026.5.7,solc-0.8.36-develop.2026.5.7,0xfe89fd96f270ac3c0f11921af0390dbb1340f704,via-ir,aavev4hub-repay,0xcca852bc40e560adc3b1cc58ca5b55638ce826c9,0xedc95719e9a3b28dd8e80877cb5880a9be7de1a13fc8b05e7999683b6b567647,0x0069fcdd930020191cceb19fadb96b553e000000033e8459528d1f270df1d41b,0x0069fcdd930020191cceb19fadb96b553e000000033e8459528d1f270df1d41b,true
solc-0.8.36-develop.2026.5.7,solc-0.8.36-develop.2026.5.7,0xfe89fd96f270ac3c0f11921af0390dbb1340f704,via-ir,aavev4hub-repay,0xcca852bc40e560adc3b1cc58ca5b55638ce826c9,0xedc95719e9a3b28dd8e80877cb5880a9be7de1a13fc8b05e7999683b6b567648,0x000000000000000000000000dac17f958d2ee523a2206206994597c13d831ec7,0x000000000000000000000000dac17f958d2ee523a2206206994597c13d831ec7,true
solc-0.8.36-develop.2026.5.7,solc-0.8.36-develop.2026.5.7,0xfe89fd96f270ac3c0f11921af0390dbb1340f704,via-ir,aavev4hub-repay,0xcca852bc40e560adc3b1cc58ca5b55638ce826c9,0xedc95719e9a3b28dd8e80877cb5880a9be7de1a13fc8b05e7999683b6b567649,0x000000000000000000000000ad88791b0f81d1fa242f637eb05bee0cbc53fe2f,0x000000000000000000000000ad88791b0f81d1fa242f637eb05bee0cbc53fe2f,true
solc-0.8.36-develop.2026.5.7,solc-0.8.36-develop.2026.5.7,0xfe89fd96f270ac3c0f11921af0390dbb1340f704,via-ir,aavev4hub-repay,0xcca852bc40e560adc3b1cc58ca5b55638ce826c9,0xedc95719e9a3b28dd8e80877cb5880a9be7de1a13fc8b05e7999683b6b56764c,0x0000000000000000000000000000000000000000000000000000000000000000,0x0000000000000000000000000000000000000000000000000000000000000000,true
solc-0.8.36-develop.2026.5.7,solc-0.8.36-develop.2026.5.7,0xfe89fd96f270ac3c0f11921af0390dbb1340f704,via-ir,aavev4hub-repay,0xdac17f958d2ee523a2206206994597c13d831ec7,0x0000000000000000000000000000000000000000000000000000000000000000,0x000000000000000000000000c6cde7c39eb2f0f0095f41570af89efc2c1ea828,0x000000000000000000000000c6cde7c39eb2f0f0095f41570af89efc2c1ea828,true
solc-0.8.36-develop.2026.5.7,solc-0.8.36-develop.2026.5.7,0xfe89fd96f270ac3c0f11921af0390dbb1340f704,via-ir,aavev4hub-repay,0xdac17f958d2ee523a2206206994597c13d831ec7,0x0000000000000000000000000000000000000000000000000000000000000003,0x0000000000000000000000000000000000000000000000000000000000000000,0x0000000000000000000000000000000000000000000000000000000000000000,true
solc-0.8.36-develop.2026.5.7,solc-0.8.36-develop.2026.5.7,0xfe89fd96f270ac3c0f11921af0390dbb1340f704,via-ir,aavev4hub-repay,0xdac17f958d2ee523a2206206994597c13d831ec7,0x0000000000000000000000000000000000000000000000000000000000000004,0x0000000000000000000000000000000000000000000000000000000000000000,0x0000000000000000000000000000000000000000000000000000000000000000,true
solc-0.8.36-develop.2026.5.7,solc-0.8.36-develop.2026.5.7,0xfe89fd96f270ac3c0f11921af0390dbb1340f704,via-ir,aavev4hub-repay,0xdac17f958d2ee523a2206206994597c13d831ec7,0x000000000000000000000000000000000000000000000000000000000000000a,0x0000000000000000000000000000000000000000000000000000000000000000,0x0000000000000000000000000000000000000000000000000000000000000000,true
solc-0.8.36-develop.2026.5.7,solc-0.8.36-develop.2026.5.7,0xfe89fd96f270ac3c0f11921af0390dbb1340f704,via-ir,aavev4hub-repay,0xdac17f958d2ee523a2206206994597c13d831ec7,0x04ae87eb4537faa6b1caeeb08231c692f777967021ee0b73a69a11e4e401d756,0x0000000000000000000000000000000000000000000000000000000000476b92,0x0000000000000000000000000000000000000000000000000000000000476b92,true
solc-0.8.36-develop.2026.5.7,solc-0.8.36-develop.2026.5.7,0xfe89fd96f270ac3c0f11921af0390dbb1340f704,via-ir,aavev4hub-repay,0xdac17f958d2ee523a2206206994597c13d831ec7,0x060a0caf14c4bb275a1a36702be067ac92c6d32d1f5ee4d12adf995a90bb4d96,0x0000000000000000000000000000000000000000000000000000000000476b92,0x0000000000000000000000000000000000000000000000000000000000476b92,true
solc-0.8.36-develop.2026.5.7,solc-0.8.36-develop.2026.5.7,0xfe89fd96f270ac3c0f11921af0390dbb1340f704,via-ir,aavev4hub-repay,0xdac17f958d2ee523a2206206994597c13d831ec7,0x49f1d466fcbc6a83306d99a65fee793ab8f0cf6214c04f5c0e6f487c0bc653e7,0x0000000000000000000000000000000000000000000000000000000000000000,0x0000000000000000000000000000000000000000000000000000000000000000,true
solc-0.8.36-develop.2026.5.7,solc-0.8.36-develop.2026.5.7,0xfe89fd96f270ac3c0f11921af0390dbb1340f704,via-ir,aavev4hub-repay,0xdac17f958d2ee523a2206206994597c13d831ec7,0xea785d0fd2ab5d7b012123d7e15402e754ea63714145e76813b516e4d49462a9,0x0000000000000000000000000000000000000000000000000000003ae57ed1ec,0x0000000000000000000000000000000000000000000000000000003ae57ed1ec,true
solc-0.8.36-develop.2026.5.7,solc-0.8.36-develop.2026.5.7,0xfe89fd96f270ac3c0f11921af0390dbb1340f704,via-ir-high-runs,aavev4hub-borrow,0x2c1d072e956affc0d435cb7ac38ef18d24d9127c,0x0000000000000000000000000000000000000000000000000000000000000002,0x0000000000000000000096d6e33b411dc1f4e3f1e894a5a5d9ce0f96738d0007,0x0000000000000000000096d6e33b411dc1f4e3f1e894a5a5d9ce0f96738d0007,true
solc-0.8.36-develop.2026.5.7,solc-0.8.36-develop.2026.5.7,0xfe89fd96f270ac3c0f11921af0390dbb1340f704,via-ir-high-runs,aavev4hub-borrow,0x2c1d072e956affc0d435cb7ac38ef18d24d9127c,0x0000000000000000000000000000000000000000000000000000000000000005,0x0000000000000000000000000000000000000000000000000000000000000000,0x0000000000000000000000000000000000000000000000000000000000000000,true
solc-0.8.36-develop.2026.5.7,solc-0.8.36-develop.2026.5.7,0xfe89fd96f270ac3c0f11921af0390dbb1340f704,via-ir-high-runs,aavev4hub-borrow,0x581b8bc9d6104f71ad6da1f483b67500968c5994,0x0000000000000000000000000000000000000000000000000000000000000001,0x000000000000000000000000000000000000000000000000000000000632ea00,0x000000000000000000000000000000000000000000000000000000000632ea00,true
solc-0.8.36-develop.2026.5.7,solc-0.8.36-develop.2026.5.7,0xfe89fd96f270ac3c0f11921af0390dbb1340f704,via-ir-high-runs,aavev4hub-borrow,0x8fffffd4afb6115b954bd326cbe7b4ba576818f6,0x0000000000000000000000000000000000000000000000000000000000000002,0x00000000000000000000c9e1a09622afdb659913fefe800feae5dbbfe9d70003,0x00000000000000000000c9e1a09622afdb659913fefe800feae5dbbfe9d70003,true
solc-0.8.36-develop.2026.5.7,solc-0.8.36-develop.2026.5.7,0xfe89fd96f270ac3c0f11921af0390dbb1340f704,via-ir-high-runs,aavev4hub-borrow,0x8fffffd4afb6115b954bd326cbe7b4ba576818f6,0x0000000000000000000000000000000000000000000000000000000000000005,0x0000000000000000000000000000000000000000000000000000000000000000,0x0000000000000000000000000000000000000000000000000000000000000000,true
solc-0.8.36-develop.2026.5.7,solc-0.8.36-develop.2026.5.7,0xfe89fd96f270ac3c0f11921af0390dbb1340f704,via-ir-high-runs,aavev4hub-borrow,0x94e7a5dcbe816e498b89ab752661904e2f56c485,0x0000000000000000000000000000000000000000000000000000000000000000,0x000000000000000000000000000000000000000000000000000000000000000e,0x000000000000000000000000000000000000000000000000000000000000000e,true
solc-0.8.36-develop.2026.5.7,solc-0.8.36-develop.2026.5.7,0xfe89fd96f270ac3c0f11921af0390dbb1340f704,via-ir-high-runs,aavev4hub-borrow,0x94e7a5dcbe816e498b89ab752661904e2f56c485,0x360894a13ba1a3210667c828492db98dca3e2076cc3735a920a3ca505d382bbc,0x000000000000000000000000abd0e26fe17bde4f1f1187ed8aa80c274e03d8b5,0x000000000000000000000000abd0e26fe17bde4f1f1187ed8aa80c274e03d8b5,true
solc-0.8.36-develop.2026.5.7,solc-0.8.36-develop.2026.5.7,0xfe89fd96f270ac3c0f11921af0390dbb1340f704,via-ir-high-runs,aavev4hub-borrow,0x94e7a5dcbe816e498b89ab752661904e2f56c485,0x3c44be3df2152ab29c1991a8ac1f816f5097828618f79862a65c011263dca174,0x0000000000000000000000000000000000000000000000000000000000006000,0x0000000000000000000000000000000000000000000000000000000000006000,true
solc-0.8.36-develop.2026.5.7,solc-0.8.36-develop.2026.5.7,0xfe89fd96f270ac3c0f11921af0390dbb1340f704,via-ir-high-runs,aavev4hub-borrow,0x94e7a5dcbe816e498b89ab752661904e2f56c485,0x4498fd5b26e96f0b0a593b291df9775bbd3ff554c0cce9de7c9fb4e3b570caf8,0x0000000000000000000000000000000000000000000000000000000000000000,0x0000000000000000000000000000000000000000000000000000000000000000,true
solc-0.8.36-develop.2026.5.7,solc-0.8.36-develop.2026.5.7,0xfe89fd96f270ac3c0f11921af0390dbb1340f704,via-ir-high-runs,aavev4hub-borrow,0x94e7a5dcbe816e498b89ab752661904e2f56c485,0x59dd4b18488d12f51eda69757a0ed42a2010c14b564330cc74a06895e60c077c,0x000000000008000000120010cca852bc40e560adc3b1cc58ca5b55638ce826c9,0x000000000008000000120010cca852bc40e560adc3b1cc58ca5b55638ce826c9,true
solc-0.8.36-develop.2026.5.7,solc-0.8.36-develop.2026.5.7,0xfe89fd96f270ac3c0f11921af0390dbb1340f704,via-ir-high-runs,aavev4hub-borrow,0x94e7a5dcbe816e498b89ab752661904e2f56c485,0xacd8ef244210bb6898e73c48bf820ed8ecc857a3bab8d79c10e4fa92b1e9ca66,0x00000000000c000000060005cca852bc40e560adc3b1cc58ca5b55638ce826c9,0x00000000000c000000060005cca852bc40e560adc3b1cc58ca5b55638ce826c9,true
solc-0.8.36-develop.2026.5.7,solc-0.8.36-develop.2026.5.7,0xfe89fd96f270ac3c0f11921af0390dbb1340f704,via-ir-high-runs,aavev4hub-borrow,0x94e7a5dcbe816e498b89ab752661904e2f56c485,0xeb0105a02c46ce1ccb77647d5da60d3914affe116b7576759b2f443ac6fb6e3b,0x00000000000000000000000000000000000000000000000003e800002a191bbc,0x00000000000000000000000000000000000000000000000003e800002a191bbc,true
solc-0.8.36-develop.2026.5.7,solc-0.8.36-develop.2026.5.7,0xfe89fd96f270ac3c0f11921af0390dbb1340f704,via-ir-high-runs,aavev4hub-borrow,0x94e7a5dcbe816e498b89ab752661904e2f56c485,0xed0931f4babc4d26b1bfea6cf161c76b40dfcb98bd04e8faac81ae51b2144b48,0x0000000000000000000000000000000000000000000000f3f20b8dfa69d00000,0x0000000000000000000000000000000000000000000000f3f20b8dfa69d00000,true
solc-0.8.36-develop.2026.5.7,solc-0.8.36-develop.2026.5.7,0xfe89fd96f270ac3c0f11921af0390dbb1340f704,via-ir-high-runs,aavev4hub-borrow,0x94e7a5dcbe816e498b89ab752661904e2f56c485,0xf23e5020aeaebf7d2612ef29d30a540d240a63e09f591fd4088158394b0687d4,0x00000000000000000000000000000000000000000000000000000006f4ccdf5a,0x00000000000000000000000000000000000000000000000000000006f4ccdf5a,true
solc-0.8.36-develop.2026.5.7,solc-0.8.36-develop.2026.5.7,0xfe89fd96f270ac3c0f11921af0390dbb1340f704,via-ir-high-runs,aavev4hub-borrow,0x94e7a5dcbe816e498b89ab752661904e2f56c485,0xf23e5020aeaebf7d2612ef29d30a540d240a63e09f591fd4088158394b0687d5,0x0000000000000000000000000000000000000000000000000000000000000000,0x0000000000000000000000000000000000000000000000000000000000000000,true
solc-0.8.36-develop.2026.5.7,solc-0.8.36-develop.2026.5.7,0xfe89fd96f270ac3c0f11921af0390dbb1340f704,via-ir-high-runs,aavev4hub-borrow,0x96d6e33b411dc1f4e3f1e894a5a5d9ce0f96738d,0x000000000000000000000000000000000000000000000000000000000000000b,0x00000000000000000000000000000000000000000000000068740000aff6010a,0x00000000000000000000000000000000000000000000000068740000aff6010a,true
solc-0.8.36-develop.2026.5.7,solc-0.8.36-develop.2026.5.7,0xfe89fd96f270ac3c0f11921af0390dbb1340f704,via-ir-high-runs,aavev4hub-borrow,0x96d6e33b411dc1f4e3f1e894a5a5d9ce0f96738d,0x640788b4657adc9baab4d87795a285ed6641e8921b9e8b0d43291044e7d50fd8,0x69fce12f69fce11b00000000000000000000000000000000000000003b227057,0x69fce12f69fce11b00000000000000000000000000000000000000003b227057,true
solc-0.8.36-develop.2026.5.7,solc-0.8.36-develop.2026.5.7,0xfe89fd96f270ac3c0f11921af0390dbb1340f704,via-ir-high-runs,aavev4hub-borrow,0x96d6e33b411dc1f4e3f1e894a5a5d9ce0f96738d,0xda586c5b227182720bd292f4bdeaa8b91fcc9f8cd93702354ce522a8ee2ac659,0x0000000000000000000000000000000000000000000000000000000000000001,0x0000000000000000000000000000000000000000000000000000000000000001,true
solc-0.8.36-develop.2026.5.7,solc-0.8.36-develop.2026.5.7,0xfe89fd96f270ac3c0f11921af0390dbb1340f704,via-ir-high-runs,aavev4hub-borrow,0x99b2b6cea9c3d2fd8f4d90f86741c44b212a6127,0x8f331abe73332f95a25873e8b430885974c0409691f89d643119a11623a7924a,0x0000000000000000000000002c1d072e956affc0d435cb7ac38ef18d24d9127c,0x0000000000000000000000002c1d072e956affc0d435cb7ac38ef18d24d9127c,true
solc-0.8.36-develop.2026.5.7,solc-0.8.36-develop.2026.5.7,0xfe89fd96f270ac3c0f11921af0390dbb1340f704,via-ir-high-runs,aavev4hub-borrow,0x99b2b6cea9c3d2fd8f4d90f86741c44b212a6127,0xdc686ec4a0ff239c70e7c7c36e8f853eced3bc8618f48d2b816da2a74311237e,0x000000000000000000000000581b8bc9d6104f71ad6da1f483b67500968c5994,0x000000000000000000000000581b8bc9d6104f71ad6da1f483b67500968c5994,true
solc-0.8.36-develop.2026.5.7,solc-0.8.36-develop.2026.5.7,0xfe89fd96f270ac3c0f11921af0390dbb1340f704,via-ir-high-runs,aavev4hub-borrow,0xa0b86991c6218b36c1d19d4a2e9eb0ce3606eb48,0x0000000000000000000000000000000000000000000000000000000000000001,0x0000000000000000000000004914f61d25e5c567143774b76edbf4d5109a8566,0x0000000000000000000000004914f61d25e5c567143774b76edbf4d5109a8566,true
solc-0.8.36-develop.2026.5.7,solc-0.8.36-develop.2026.5.7,0xfe89fd96f270ac3c0f11921af0390dbb1340f704,via-ir-high-runs,aavev4hub-borrow,0xa0b86991c6218b36c1d19d4a2e9eb0ce3606eb48,0x10d6a54a4754c8869d6886b5f5d7fbfa5b4522237ea5c60d11bc4e7a1ff9390b,0x000000000000000000000000807a96288a1a408dbc13de2b1d087d10356395d2,0x000000000000000000000000807a96288a1a408dbc13de2b1d087d10356395d2,true
solc-0.8.36-develop.2026.5.7,solc-0.8.36-develop.2026.5.7,0xfe89fd96f270ac3c0f11921af0390dbb1340f704,via-ir-high-runs,aavev4hub-borrow,0xa0b86991c6218b36c1d19d4a2e9eb0ce3606eb48,0x7050c9e0f4ca769c69bd3a8ef740bc37934f8e2c036e5a723fd8ee048ed3f8c3,0x00000000000000000000000043506849d7c04f9138d1a2050bbf3a0c054402dd,0x00000000000000000000000043506849d7c04f9138d1a2050bbf3a0c054402dd,true
solc-0.8.36-develop.2026.5.7,solc-0.8.36-develop.2026.5.7,0xfe89fd96f270ac3c0f11921af0390dbb1340f704,via-ir-high-runs,aavev4hub-borrow,0xa0b86991c6218b36c1d19d4a2e9eb0ce3606eb48,0x92695585ccac2945ae3019c9b19a754e0402979b3f8c29928db1909b6aa9f1eb,0x00000000000000000000000000000000000000000000000000000025ff265da8,0x00000000000000000000000000000000000000000000000000000025ff265da8,true
solc-0.8.36-develop.2026.5.7,solc-0.8.36-develop.2026.5.7,0xfe89fd96f270ac3c0f11921af0390dbb1340f704,via-ir-high-runs,aavev4hub-borrow,0xa0b86991c6218b36c1d19d4a2e9eb0ce3606eb48,0xb441100fe50211b58a5ab406babfb303c469dd2b384ff23bfb61616d2989da92,0x00000000000000000000000000000000000000000000000000000006fc23ae58,0x00000000000000000000000000000000000000000000000000000006fc23ae58,true
solc-0.8.36-develop.2026.5.7,solc-0.8.36-develop.2026.5.7,0xfe89fd96f270ac3c0f11921af0390dbb1340f704,via-ir-high-runs,aavev4hub-borrow,0xad88791b0f81d1fa242f637eb05bee0cbc53fe2f,0x2b232c97452f0950c94e2539fdc7e69d21166113cf7a9bcb99b220a3fe5d720a,0x000000000000000000000000000000000000000007d0000001900000000023f0,0x000000000000000000000000000000000000000007d0000001900000000023f0,true
solc-0.8.36-develop.2026.5.7,solc-0.8.36-develop.2026.5.7,0xfe89fd96f270ac3c0f11921af0390dbb1340f704,via-ir-high-runs,aavev4hub-borrow,0xc9e1a09622afdb659913fefe800feae5dbbfe9d7,0x000000000000000000000000000000000000000000000000000000000000000b,0x00000000000000000000000000000000000000000000000003a40001ff190405,0x00000000000000000000000000000000000000000000000003a40001ff190405,true
solc-0.8.36-develop.2026.5.7,solc-0.8.36-develop.2026.5.7,0xfe89fd96f270ac3c0f11921af0390dbb1340f704,via-ir-high-runs,aavev4hub-borrow,0xc9e1a09622afdb659913fefe800feae5dbbfe9d7,0xee57703936e11cb83ff18ce2a0656a9dda182fc8ee76e6bf18bd3333ccd3ffd3,0x69fc469769fc4688000000000000000000000000000000000000000005f5a280,0x69fc469769fc4688000000000000000000000000000000000000000005f5a280,true
solc-0.8.36-develop.2026.5.7,solc-0.8.36-develop.2026.5.7,0xfe89fd96f270ac3c0f11921af0390dbb1340f704,via-ir-high-runs,aavev4hub-borrow,0xc9e1a09622afdb659913fefe800feae5dbbfe9d7,0xf8ad5150ff7987f0464cd848559b538152a0a36ed83b24aa0c11a5e92599ffd7,0x0000000000000000000000000000000000000000000000000000000000000001,0x0000000000000000000000000000000000000000000000000000000000000001,true
solc-0.8.36-develop.2026.5.7,solc-0.8.36-develop.2026.5.7,0xfe89fd96f270ac3c0f11921af0390dbb1340f704,via-ir-high-runs,aavev4hub-borrow,0xcca852bc40e560adc3b1cc58ca5b55638ce826c9,0x360894a13ba1a3210667c828492db98dca3e2076cc3735a920a3ca505d382bbc,0x000000000000000000000000fe89fd96f270ac3c0f11921af0390dbb1340f704,0x000000000000000000000000fe89fd96f270ac3c0f11921af0390dbb1340f704,true
solc-0.8.36-develop.2026.5.7,solc-0.8.36-develop.2026.5.7,0xfe89fd96f270ac3c0f11921af0390dbb1340f704,via-ir-high-runs,aavev4hub-borrow,0xcca852bc40e560adc3b1cc58ca5b55638ce826c9,0x755311b9e2cee471a91b161ccc5deed933d844b5af2b885543cc3c04eb640983,0x001200000000000000000000000000000000000000001241c133ed379d5f9b19,0x001200000000000000000000000000000000000000001241c133ed379d5f9b19,true
solc-0.8.36-develop.2026.5.7,solc-0.8.36-develop.2026.5.7,0xfe89fd96f270ac3c0f11921af0390dbb1340f704,via-ir-high-runs,aavev4hub-borrow,0xcca852bc40e560adc3b1cc58ca5b55638ce826c9,0x755311b9e2cee471a91b161ccc5deed933d844b5af2b885543cc3c04eb640984,0x000000000000000000000000000000000000000000001241c133ed379d5f9b19,0x000000000000000000000000000000000000000000001241c133ed379d5f9b19,true
solc-0.8.36-develop.2026.5.7,solc-0.8.36-develop.2026.5.7,0xfe89fd96f270ac3c0f11921af0390dbb1340f704,via-ir-high-runs,aavev4hub-borrow,0xcca852bc40e560adc3b1cc58ca5b55638ce826c9,0x755311b9e2cee471a91b161ccc5deed933d844b5af2b885543cc3c04eb640985,0x0000000000000000000000000000000000000000000000000000000000000000,0x0000000000000000000000000000000000000000000000000000000000000000,true
solc-0.8.36-develop.2026.5.7,solc-0.8.36-develop.2026.5.7,0xfe89fd96f270ac3c0f11921af0390dbb1340f704,via-ir-high-runs,aavev4hub-borrow,0xcca852bc40e560adc3b1cc58ca5b55638ce826c9,0x755311b9e2cee471a91b161ccc5deed933d844b5af2b885543cc3c04eb640986,0x0000000000000000000000000000000000000000000000000000000000000000,0x0000000000000000000000000000000000000000000000000000000000000000,true
solc-0.8.36-develop.2026.5.7,solc-0.8.36-develop.2026.5.7,0xfe89fd96f270ac3c0f11921af0390dbb1340f704,via-ir-high-runs,aavev4hub-borrow,0xcca852bc40e560adc3b1cc58ca5b55638ce826c9,0x755311b9e2cee471a91b161ccc5deed933d844b5af2b885543cc3c04eb640987,0x0069fce55b000000000000000000000000000000033b2e3c9fd0803ce8000000,0x0069fce55b000000000000000000000000000000033b2e3c9fd0803ce8000000,true
solc-0.8.36-develop.2026.5.7,solc-0.8.36-develop.2026.5.7,0xfe89fd96f270ac3c0f11921af0390dbb1340f704,via-ir-high-runs,aavev4hub-borrow,0xcca852bc40e560adc3b1cc58ca5b55638ce826c9,0x755311b9e2cee471a91b161ccc5deed933d844b5af2b885543cc3c04eb64098c,0x0000000000000000000000000000000000000000000000000000000000000000,0x0000000000000000000000000000000000000000000000000000000000000000,true
solc-0.8.36-develop.2026.5.7,solc-0.8.36-develop.2026.5.7,0xfe89fd96f270ac3c0f11921af0390dbb1340f704,via-ir-high-runs,aavev4hub-borrow,0xcca852bc40e560adc3b1cc58ca5b55638ce826c9,0xb98d39dd7f8c58a7de07a240db1814ab05b9c6c8912d8daaf2ff31c413f37c51,0x0000000000000000000000000000000000000000000000000000020f9289247d,0x0000000000000000000000000000000000000000000000000000020f9289247d,true
solc-0.8.36-develop.2026.5.7,solc-0.8.36-develop.2026.5.7,0xfe89fd96f270ac3c0f11921af0390dbb1340f704,via-ir-high-runs,aavev4hub-borrow,0xcca852bc40e560adc3b1cc58ca5b55638ce826c9,0xb98d39dd7f8c58a7de07a240db1814ab05b9c6c8912d8daaf2ff31c413f37c52,0x0000000000000000000000000000000000000000000000000000000000000000,0x0000000000000000000000000000000000000000000000000000000000000000,true
solc-0.8.36-develop.2026.5.7,solc-0.8.36-develop.2026.5.7,0xfe89fd96f270ac3c0f11921af0390dbb1340f704,via-ir-high-runs,aavev4hub-borrow,0xcca852bc40e560adc3b1cc58ca5b55638ce826c9,0xb98d39dd7f8c58a7de07a240db1814ab05b9c6c8912d8daaf2ff31c413f37c53,0x0000000100000000005b8d8000005b8d800000000000000000000226fdb34d8e,0x0000000100000000005b8d8000005b8d800000000000000000000226fdb34d8e,true
solc-0.8.36-develop.2026.5.7,solc-0.8.36-develop.2026.5.7,0xfe89fd96f270ac3c0f11921af0390dbb1340f704,via-ir-high-runs,aavev4hub-borrow,0xcca852bc40e560adc3b1cc58ca5b55638ce826c9,0xb98d39dd7f8c58a7de07a240db1814ab05b9c6c8912d8daaf2ff31c413f37c54,0x0000000000000000000000000000000000000000000000000000000000000000,0x0000000000000000000000000000000000000000000000000000000000000000,true
solc-0.8.36-develop.2026.5.7,solc-0.8.36-develop.2026.5.7,0xfe89fd96f270ac3c0f11921af0390dbb1340f704,via-ir-high-runs,aavev4hub-borrow,0xcca852bc40e560adc3b1cc58ca5b55638ce826c9,0xe2689cd4a84e23ad2f564004f1c9013e9589d260bde6380aba3ca7e09e4df40c,0x0006000000000000000000000028331b640000000000000000000025ff265c6d,0x0006000000000000000000000028331b640000000000000000000025ff265c6d,true
solc-0.8.36-develop.2026.5.7,solc-0.8.36-develop.2026.5.7,0xfe89fd96f270ac3c0f11921af0390dbb1340f704,via-ir-high-runs,aavev4hub-borrow,0xcca852bc40e560adc3b1cc58ca5b55638ce826c9,0xe2689cd4a84e23ad2f564004f1c9013e9589d260bde6380aba3ca7e09e4df40d,0x00000000000000000000000000000000000000000000000000000260fb379a9f,0x00000000000000000000000000000000000000000000000000000260fb379a9f,true
solc-0.8.36-develop.2026.5.7,solc-0.8.36-develop.2026.5.7,0xfe89fd96f270ac3c0f11921af0390dbb1340f704,via-ir-high-runs,aavev4hub-borrow,0xcca852bc40e560adc3b1cc58ca5b55638ce826c9,0xe2689cd4a84e23ad2f564004f1c9013e9589d260bde6380aba3ca7e09e4df40e,0x0000000000000000000000000000000000000000000000000000000000000000,0x0000000000000000000000000000000000000000000000000000000000000000,true
solc-0.8.36-develop.2026.5.7,solc-0.8.36-develop.2026.5.7,0xfe89fd96f270ac3c0f11921af0390dbb1340f704,via-ir-high-runs,aavev4hub-borrow,0xcca852bc40e560adc3b1cc58ca5b55638ce826c9,0xe2689cd4a84e23ad2f564004f1c9013e9589d260bde6380aba3ca7e09e4df40f,0x03e8000000000000000000000000000000000000000000000000023a9f504f7a,0x03e8000000000000000000000000000000000000000000000000023a9f504f7a,true
solc-0.8.36-develop.2026.5.7,solc-0.8.36-develop.2026.5.7,0xfe89fd96f270ac3c0f11921af0390dbb1340f704,via-ir-high-runs,aavev4hub-borrow,0xcca852bc40e560adc3b1cc58ca5b55638ce826c9,0xe2689cd4a84e23ad2f564004f1c9013e9589d260bde6380aba3ca7e09e4df410,0x0069fce6cf0045ea81970c084d94cdb49b000000033e96f01e6c78ab999f17dd,0x0069fce6cf0045ea81970c084d94cdb49b000000033e96f01e6c78ab999f17dd,true
solc-0.8.36-develop.2026.5.7,solc-0.8.36-develop.2026.5.7,0xfe89fd96f270ac3c0f11921af0390dbb1340f704,via-ir-high-runs,aavev4hub-borrow,0xcca852bc40e560adc3b1cc58ca5b55638ce826c9,0xe2689cd4a84e23ad2f564004f1c9013e9589d260bde6380aba3ca7e09e4df411,0x000000000000000000000000a0b86991c6218b36c1d19d4a2e9eb0ce3606eb48,0x000000000000000000000000a0b86991c6218b36c1d19d4a2e9eb0ce3606eb48,true
solc-0.8.36-develop.2026.5.7,solc-0.8.36-develop.2026.5.7,0xfe89fd96f270ac3c0f11921af0390dbb1340f704,via-ir-high-runs,aavev4hub-borrow,0xcca852bc40e560adc3b1cc58ca5b55638ce826c9,0xe2689cd4a84e23ad2f564004f1c9013e9589d260bde6380aba3ca7e09e4df412,0x000000000000000000000000ad88791b0f81d1fa242f637eb05bee0cbc53fe2f,0x000000000000000000000000ad88791b0f81d1fa242f637eb05bee0cbc53fe2f,true
solc-0.8.36-develop.2026.5.7,solc-0.8.36-develop.2026.5.7,0xfe89fd96f270ac3c0f11921af0390dbb1340f704,via-ir-high-runs,aavev4hub-borrow,0xcca852bc40e560adc3b1cc58ca5b55638ce826c9,0xe2689cd4a84e23ad2f564004f1c9013e9589d260bde6380aba3ca7e09e4df415,0x0000000000000000000000000000000000000000000000000000000000000000,0x0000000000000000000000000000000000000000000000000000000000000000,true
solc-0.8.36-develop.2026.5.7,solc-0.8.36-develop.2026.5.7,0xfe89fd96f270ac3c0f11921af0390dbb1340f704,via-ir-high-runs,aavev4hub-repay,0x65407b940966954b23dfa3caa5c0702bb42984dc,0x34feb403857d4bd24516bc55fd629454fb07ab79bf97e76619cddfa97f711514,0x0000000000000000000000000000000000000000000000000000000000000000,0x0000000000000000000000000000000000000000000000000000000000000000,true
solc-0.8.36-develop.2026.5.7,solc-0.8.36-develop.2026.5.7,0xfe89fd96f270ac3c0f11921af0390dbb1340f704,via-ir-high-runs,aavev4hub-repay,0x65407b940966954b23dfa3caa5c0702bb42984dc,0x360894a13ba1a3210667c828492db98dca3e2076cc3735a920a3ca505d382bbc,0x00000000000000000000000070ed94a65df287dc54184963d7a9edc83dd34223,0x00000000000000000000000070ed94a65df287dc54184963d7a9edc83dd34223,true
solc-0.8.36-develop.2026.5.7,solc-0.8.36-develop.2026.5.7,0xfe89fd96f270ac3c0f11921af0390dbb1340f704,via-ir-high-runs,aavev4hub-repay,0x65407b940966954b23dfa3caa5c0702bb42984dc,0x3f564729ae51a8fccae3c814006b6fbcf6458a800032ad37470e985541986a5e,0x0000000000000000000000000000000000000000000000000000000000000000,0x0000000000000000000000000000000000000000000000000000000000000000,true
solc-0.8.36-develop.2026.5.7,solc-0.8.36-develop.2026.5.7,0xfe89fd96f270ac3c0f11921af0390dbb1340f704,via-ir-high-runs,aavev4hub-repay,0x65407b940966954b23dfa3caa5c0702bb42984dc,0x3f564729ae51a8fccae3c814006b6fbcf6458a800032ad37470e985541986a5f,0x0000000000000000000000000000000000000000000000000000000000000000,0x0000000000000000000000000000000000000000000000000000000000000000,true
solc-0.8.36-develop.2026.5.7,solc-0.8.36-develop.2026.5.7,0xfe89fd96f270ac3c0f11921af0390dbb1340f704,via-ir-high-runs,aavev4hub-repay,0x65407b940966954b23dfa3caa5c0702bb42984dc,0xacd8ef244210bb6898e73c48bf820ed8ecc857a3bab8d79c10e4fa92b1e9ca65,0x000000000000000000000000dac17f958d2ee523a2206206994597c13d831ec7,0x000000000000000000000000dac17f958d2ee523a2206206994597c13d831ec7,true
solc-0.8.36-develop.2026.5.7,solc-0.8.36-develop.2026.5.7,0xfe89fd96f270ac3c0f11921af0390dbb1340f704,via-ir-high-runs,aavev4hub-repay,0x65407b940966954b23dfa3caa5c0702bb42984dc,0xacd8ef244210bb6898e73c48bf820ed8ecc857a3bab8d79c10e4fa92b1e9ca66,0x00000000000c000000060004cca852bc40e560adc3b1cc58ca5b55638ce826c9,0x00000000000c000000060004cca852bc40e560adc3b1cc58ca5b55638ce826c9,true
solc-0.8.36-develop.2026.5.7,solc-0.8.36-develop.2026.5.7,0xfe89fd96f270ac3c0f11921af0390dbb1340f704,via-ir-high-runs,aavev4hub-repay,0x65407b940966954b23dfa3caa5c0702bb42984dc,0xf4f75388d1069e4e30c21ff369fde7194e942d194ea70085a3138398c769bb62,0x0000000000000000000000000000000000000000000000000000000000000002,0x0000000000000000000000000000000000000000000000000000000000000002,true
solc-0.8.36-develop.2026.5.7,solc-0.8.36-develop.2026.5.7,0xfe89fd96f270ac3c0f11921af0390dbb1340f704,via-ir-high-runs,aavev4hub-repay,0xad88791b0f81d1fa242f637eb05bee0cbc53fe2f,0x52d75039926638d3c558b2bdefb945d5be8dae29dedd1c313212a4d472d9fde5,0x000000000000000000000000000000000000000007d0000001900000000023f0,0x000000000000000000000000000000000000000007d0000001900000000023f0,true
solc-0.8.36-develop.2026.5.7,solc-0.8.36-develop.2026.5.7,0xfe89fd96f270ac3c0f11921af0390dbb1340f704,via-ir-high-runs,aavev4hub-repay,0xcca852bc40e560adc3b1cc58ca5b55638ce826c9,0x360894a13ba1a3210667c828492db98dca3e2076cc3735a920a3ca505d382bbc,0x000000000000000000000000fe89fd96f270ac3c0f11921af0390dbb1340f704,0x000000000000000000000000fe89fd96f270ac3c0f11921af0390dbb1340f704,true
solc-0.8.36-develop.2026.5.7,solc-0.8.36-develop.2026.5.7,0xfe89fd96f270ac3c0f11921af0390dbb1340f704,via-ir-high-runs,aavev4hub-repay,0xcca852bc40e560adc3b1cc58ca5b55638ce826c9,0x3ecc32a16dd883599cd1f3781d816cd0dfa0bbefd4999b54c60caa6f4647aacd,0x00000000000000000000000000000000000000000000000000000017833c540f,0x00000000000000000000000000000000000000000000000000000017833c540f,true
solc-0.8.36-develop.2026.5.7,solc-0.8.36-develop.2026.5.7,0xfe89fd96f270ac3c0f11921af0390dbb1340f704,via-ir-high-runs,aavev4hub-repay,0xcca852bc40e560adc3b1cc58ca5b55638ce826c9,0x3ecc32a16dd883599cd1f3781d816cd0dfa0bbefd4999b54c60caa6f4647aace,0x0000000000000000000000000000000000000000000000000000000000000000,0x0000000000000000000000000000000000000000000000000000000000000000,true
solc-0.8.36-develop.2026.5.7,solc-0.8.36-develop.2026.5.7,0xfe89fd96f270ac3c0f11921af0390dbb1340f704,via-ir-high-runs,aavev4hub-repay,0xcca852bc40e560adc3b1cc58ca5b55638ce826c9,0x3ecc32a16dd883599cd1f3781d816cd0dfa0bbefd4999b54c60caa6f4647aacf,0x000000010000000000030d400000000000000000000000000000000000000000,0x000000010000000000030d400000000000000000000000000000000000000000,true
solc-0.8.36-develop.2026.5.7,solc-0.8.36-develop.2026.5.7,0xfe89fd96f270ac3c0f11921af0390dbb1340f704,via-ir-high-runs,aavev4hub-repay,0xcca852bc40e560adc3b1cc58ca5b55638ce826c9,0xedc95719e9a3b28dd8e80877cb5880a9be7de1a13fc8b05e7999683b6b567643,0x0006000000000000000000000016f9b218000000000000000000003ae57ed1ec,0x0006000000000000000000000016f9b218000000000000000000003ae57ed1ec,true
solc-0.8.36-develop.2026.5.7,solc-0.8.36-develop.2026.5.7,0xfe89fd96f270ac3c0f11921af0390dbb1340f704,via-ir-high-runs,aavev4hub-repay,0xcca852bc40e560adc3b1cc58ca5b55638ce826c9,0xedc95719e9a3b28dd8e80877cb5880a9be7de1a13fc8b05e7999683b6b567644,0x00000000000000000000000000000000000000000000000000000222395497fe,0x00000000000000000000000000000000000000000000000000000222395497fe,true
solc-0.8.36-develop.2026.5.7,solc-0.8.36-develop.2026.5.7,0xfe89fd96f270ac3c0f11921af0390dbb1340f704,via-ir-high-runs,aavev4hub-repay,0xcca852bc40e560adc3b1cc58ca5b55638ce826c9,0xedc95719e9a3b28dd8e80877cb5880a9be7de1a13fc8b05e7999683b6b567645,0x0000000000000000000000000000000000000000000000000000000000000000,0x0000000000000000000000000000000000000000000000000000000000000000,true
solc-0.8.36-develop.2026.5.7,solc-0.8.36-develop.2026.5.7,0xfe89fd96f270ac3c0f11921af0390dbb1340f704,via-ir-high-runs,aavev4hub-repay,0xcca852bc40e560adc3b1cc58ca5b55638ce826c9,0xedc95719e9a3b28dd8e80877cb5880a9be7de1a13fc8b05e7999683b6b567646,0x03e800000000000000000000000000000000000000000000000001e6ff7d6c7f,0x03e800000000000000000000000000000000000000000000000001e6ff7d6c7f,true
solc-0.8.36-develop.2026.5.7,solc-0.8.36-develop.2026.5.7,0xfe89fd96f270ac3c0f11921af0390dbb1340f704,via-ir-high-runs,aavev4hub-repay,0xcca852bc40e560adc3b1cc58ca5b55638ce826c9,0xedc95719e9a3b28dd8e80877cb5880a9be7de1a13fc8b05e7999683b6b567647,0x0069fcdd930020191cceb19fadb96b553e000000033e8459528d1f270df1d41b,0x0069fcdd930020191cceb19fadb96b553e000000033e8459528d1f270df1d41b,true
solc-0.8.36-develop.2026.5.7,solc-0.8.36-develop.2026.5.7,0xfe89fd96f270ac3c0f11921af0390dbb1340f704,via-ir-high-runs,aavev4hub-repay,0xcca852bc40e560adc3b1cc58ca5b55638ce826c9,0xedc95719e9a3b28dd8e80877cb5880a9be7de1a13fc8b05e7999683b6b567648,0x000000000000000000000000dac17f958d2ee523a2206206994597c13d831ec7,0x000000000000000000000000dac17f958d2ee523a2206206994597c13d831ec7,true
solc-0.8.36-develop.2026.5.7,solc-0.8.36-develop.2026.5.7,0xfe89fd96f270ac3c0f11921af0390dbb1340f704,via-ir-high-runs,aavev4hub-repay,0xcca852bc40e560adc3b1cc58ca5b55638ce826c9,0xedc95719e9a3b28dd8e80877cb5880a9be7de1a13fc8b05e7999683b6b567649,0x000000000000000000000000ad88791b0f81d1fa242f637eb05bee0cbc53fe2f,0x000000000000000000000000ad88791b0f81d1fa242f637eb05bee0cbc53fe2f,true
solc-0.8.36-develop.2026.5.7,solc-0.8.36-develop.2026.5.7,0xfe89fd96f270ac3c0f11921af0390dbb1340f704,via-ir-high-runs,aavev4hub-repay,0xcca852bc40e560adc3b1cc58ca5b55638ce826c9,0xedc95719e9a3b28dd8e80877cb5880a9be7de1a13fc8b05e7999683b6b56764c,0x0000000000000000000000000000000000000000000000000000000000000000,0x0000000000000000000000000000000000000000000000000000000000000000,true
solc-0.8.36-develop.2026.5.7,solc-0.8.36-develop.2026.5.7,0xfe89fd96f270ac3c0f11921af0390dbb1340f704,via-ir-high-runs,aavev4hub-repay,0xdac17f958d2ee523a2206206994597c13d831ec7,0x0000000000000000000000000000000000000000000000000000000000000000,0x000000000000000000000000c6cde7c39eb2f0f0095f41570af89efc2c1ea828,0x000000000000000000000000c6cde7c39eb2f0f0095f41570af89efc2c1ea828,true
solc-0.8.36-develop.2026.5.7,solc-0.8.36-develop.2026.5.7,0xfe89fd96f270ac3c0f11921af0390dbb1340f704,via-ir-high-runs,aavev4hub-repay,0xdac17f958d2ee523a2206206994597c13d831ec7,0x0000000000000000000000000000000000000000000000000000000000000003,0x0000000000000000000000000000000000000000000000000000000000000000,0x0000000000000000000000000000000000000000000000000000000000000000,true
solc-0.8.36-develop.2026.5.7,solc-0.8.36-develop.2026.5.7,0xfe89fd96f270ac3c0f11921af0390dbb1340f704,via-ir-high-runs,aavev4hub-repay,0xdac17f958d2ee523a2206206994597c13d831ec7,0x0000000000000000000000000000000000000000000000000000000000000004,0x0000000000000000000000000000000000000000000000000000000000000000,0x0000000000000000000000000000000000000000000000000000000000000000,true
solc-0.8.36-develop.2026.5.7,solc-0.8.36-develop.2026.5.7,0xfe89fd96f270ac3c0f11921af0390dbb1340f704,via-ir-high-runs,aavev4hub-repay,0xdac17f958d2ee523a2206206994597c13d831ec7,0x000000000000000000000000000000000000000000000000000000000000000a,0x0000000000000000000000000000000000000000000000000000000000000000,0x0000000000000000000000000000000000000000000000000000000000000000,true
solc-0.8.36-develop.2026.5.7,solc-0.8.36-develop.2026.5.7,0xfe89fd96f270ac3c0f11921af0390dbb1340f704,via-ir-high-runs,aavev4hub-repay,0xdac17f958d2ee523a2206206994597c13d831ec7,0x04ae87eb4537faa6b1caeeb08231c692f777967021ee0b73a69a11e4e401d756,0x0000000000000000000000000000000000000000000000000000000000476b92,0x0000000000000000000000000000000000000000000000000000000000476b92,true
solc-0.8.36-develop.2026.5.7,solc-0.8.36-develop.2026.5.7,0xfe89fd96f270ac3c0f11921af0390dbb1340f704,via-ir-high-runs,aavev4hub-repay,0xdac17f958d2ee523a2206206994597c13d831ec7,0x060a0caf14c4bb275a1a36702be067ac92c6d32d1f5ee4d12adf995a90bb4d96,0x0000000000000000000000000000000000000000000000000000000000476b92,0x0000000000000000000000000000000000000000000000000000000000476b92,true
solc-0.8.36-develop.2026.5.7,solc-0.8.36-develop.2026.5.7,0xfe89fd96f270ac3c0f11921af0390dbb1340f704,via-ir-high-runs,aavev4hub-repay,0xdac17f958d2ee523a2206206994597c13d831ec7,0x49f1d466fcbc6a83306d99a65fee793ab8f0cf6214c04f5c0e6f487c0bc653e7,0x0000000000000000000000000000000000000000000000000000000000000000,0x0000000000000000000000000000000000000000000000000000000000000000,true
solc-0.8.36-develop.2026.5.7,solc-0.8.36-develop.2026.5.7,0xfe89fd96f270ac3c0f11921af0390dbb1340f704,via-ir-high-runs,aavev4hub-repay,0xdac17f958d2ee523a2206206994597c13d831ec7,0xea785d0fd2ab5d7b012123d7e15402e754ea63714145e76813b516e4d49462a9,0x0000000000000000000000000000000000000000000000000000003ae57ed1ec,0x0000000000000000000000000000000000000000000000000000003ae57ed1ec,true
solc-0.8.36-develop.2026.5.7,solc-0.8.36-develop.2026.5.7,0xfe89fd96f270ac3c0f11921af0390dbb1340f704,via-ir-low-runs,aavev4hub-borrow,0x2c1d072e956affc0d435cb7ac38ef18d24d9127c,0x0000000000000000000000000000000000000000000000000000000000000002,0x0000000000000000000096d6e33b411dc1f4e3f1e894a5a5d9ce0f96738d0007,0x0000000000000000000096d6e33b411dc1f4e3f1e894a5a5d9ce0f96738d0007,true
solc-0.8.36-develop.2026.5.7,solc-0.8.36-develop.2026.5.7,0xfe89fd96f270ac3c0f11921af0390dbb1340f704,via-ir-low-runs,aavev4hub-borrow,0x2c1d072e956affc0d435cb7ac38ef18d24d9127c,0x0000000000000000000000000000000000000000000000000000000000000005,0x0000000000000000000000000000000000000000000000000000000000000000,0x0000000000000000000000000000000000000000000000000000000000000000,true
solc-0.8.36-develop.2026.5.7,solc-0.8.36-develop.2026.5.7,0xfe89fd96f270ac3c0f11921af0390dbb1340f704,via-ir-low-runs,aavev4hub-borrow,0x581b8bc9d6104f71ad6da1f483b67500968c5994,0x0000000000000000000000000000000000000000000000000000000000000001,0x000000000000000000000000000000000000000000000000000000000632ea00,0x000000000000000000000000000000000000000000000000000000000632ea00,true
solc-0.8.36-develop.2026.5.7,solc-0.8.36-develop.2026.5.7,0xfe89fd96f270ac3c0f11921af0390dbb1340f704,via-ir-low-runs,aavev4hub-borrow,0x8fffffd4afb6115b954bd326cbe7b4ba576818f6,0x0000000000000000000000000000000000000000000000000000000000000002,0x00000000000000000000c9e1a09622afdb659913fefe800feae5dbbfe9d70003,0x00000000000000000000c9e1a09622afdb659913fefe800feae5dbbfe9d70003,true
solc-0.8.36-develop.2026.5.7,solc-0.8.36-develop.2026.5.7,0xfe89fd96f270ac3c0f11921af0390dbb1340f704,via-ir-low-runs,aavev4hub-borrow,0x8fffffd4afb6115b954bd326cbe7b4ba576818f6,0x0000000000000000000000000000000000000000000000000000000000000005,0x0000000000000000000000000000000000000000000000000000000000000000,0x0000000000000000000000000000000000000000000000000000000000000000,true
solc-0.8.36-develop.2026.5.7,solc-0.8.36-develop.2026.5.7,0xfe89fd96f270ac3c0f11921af0390dbb1340f704,via-ir-low-runs,aavev4hub-borrow,0x94e7a5dcbe816e498b89ab752661904e2f56c485,0x0000000000000000000000000000000000000000000000000000000000000000,0x000000000000000000000000000000000000000000000000000000000000000e,0x000000000000000000000000000000000000000000000000000000000000000e,true
solc-0.8.36-develop.2026.5.7,solc-0.8.36-develop.2026.5.7,0xfe89fd96f270ac3c0f11921af0390dbb1340f704,via-ir-low-runs,aavev4hub-borrow,0x94e7a5dcbe816e498b89ab752661904e2f56c485,0x360894a13ba1a3210667c828492db98dca3e2076cc3735a920a3ca505d382bbc,0x000000000000000000000000abd0e26fe17bde4f1f1187ed8aa80c274e03d8b5,0x000000000000000000000000abd0e26fe17bde4f1f1187ed8aa80c274e03d8b5,true
solc-0.8.36-develop.2026.5.7,solc-0.8.36-develop.2026.5.7,0xfe89fd96f270ac3c0f11921af0390dbb1340f704,via-ir-low-runs,aavev4hub-borrow,0x94e7a5dcbe816e498b89ab752661904e2f56c485,0x3c44be3df2152ab29c1991a8ac1f816f5097828618f79862a65c011263dca174,0x0000000000000000000000000000000000000000000000000000000000006000,0x0000000000000000000000000000000000000000000000000000000000006000,true
solc-0.8.36-develop.2026.5.7,solc-0.8.36-develop.2026.5.7,0xfe89fd96f270ac3c0f11921af0390dbb1340f704,via-ir-low-runs,aavev4hub-borrow,0x94e7a5dcbe816e498b89ab752661904e2f56c485,0x4498fd5b26e96f0b0a593b291df9775bbd3ff554c0cce9de7c9fb4e3b570caf8,0x0000000000000000000000000000000000000000000000000000000000000000,0x0000000000000000000000000000000000000000000000000000000000000000,true
solc-0.8.36-develop.2026.5.7,solc-0.8.36-develop.2026.5.7,0xfe89fd96f270ac3c0f11921af0390dbb1340f704,via-ir-low-runs,aavev4hub-borrow,0x94e7a5dcbe816e498b89ab752661904e2f56c485,0x59dd4b18488d12f51eda69757a0ed42a2010c14b564330cc74a06895e60c077c,0x000000000008000000120010cca852bc40e560adc3b1cc58ca5b55638ce826c9,0x000000000008000000120010cca852bc40e560adc3b1cc58ca5b55638ce826c9,true
solc-0.8.36-develop.2026.5.7,solc-0.8.36-develop.2026.5.7,0xfe89fd96f270ac3c0f11921af0390dbb1340f704,via-ir-low-runs,aavev4hub-borrow,0x94e7a5dcbe816e498b89ab752661904e2f56c485,0xacd8ef244210bb6898e73c48bf820ed8ecc857a3bab8d79c10e4fa92b1e9ca66,0x00000000000c000000060005cca852bc40e560adc3b1cc58ca5b55638ce826c9,0x00000000000c000000060005cca852bc40e560adc3b1cc58ca5b55638ce826c9,true
solc-0.8.36-develop.2026.5.7,solc-0.8.36-develop.2026.5.7,0xfe89fd96f270ac3c0f11921af0390dbb1340f704,via-ir-low-runs,aavev4hub-borrow,0x94e7a5dcbe816e498b89ab752661904e2f56c485,0xeb0105a02c46ce1ccb77647d5da60d3914affe116b7576759b2f443ac6fb6e3b,0x00000000000000000000000000000000000000000000000003e800002a191bbc,0x00000000000000000000000000000000000000000000000003e800002a191bbc,true
solc-0.8.36-develop.2026.5.7,solc-0.8.36-develop.2026.5.7,0xfe89fd96f270ac3c0f11921af0390dbb1340f704,via-ir-low-runs,aavev4hub-borrow,0x94e7a5dcbe816e498b89ab752661904e2f56c485,0xed0931f4babc4d26b1bfea6cf161c76b40dfcb98bd04e8faac81ae51b2144b48,0x0000000000000000000000000000000000000000000000f3f20b8dfa69d00000,0x0000000000000000000000000000000000000000000000f3f20b8dfa69d00000,true
solc-0.8.36-develop.2026.5.7,solc-0.8.36-develop.2026.5.7,0xfe89fd96f270ac3c0f11921af0390dbb1340f704,via-ir-low-runs,aavev4hub-borrow,0x94e7a5dcbe816e498b89ab752661904e2f56c485,0xf23e5020aeaebf7d2612ef29d30a540d240a63e09f591fd4088158394b0687d4,0x00000000000000000000000000000000000000000000000000000006f4ccdf5a,0x00000000000000000000000000000000000000000000000000000006f4ccdf5a,true
solc-0.8.36-develop.2026.5.7,solc-0.8.36-develop.2026.5.7,0xfe89fd96f270ac3c0f11921af0390dbb1340f704,via-ir-low-runs,aavev4hub-borrow,0x94e7a5dcbe816e498b89ab752661904e2f56c485,0xf23e5020aeaebf7d2612ef29d30a540d240a63e09f591fd4088158394b0687d5,0x0000000000000000000000000000000000000000000000000000000000000000,0x0000000000000000000000000000000000000000000000000000000000000000,true
solc-0.8.36-develop.2026.5.7,solc-0.8.36-develop.2026.5.7,0xfe89fd96f270ac3c0f11921af0390dbb1340f704,via-ir-low-runs,aavev4hub-borrow,0x96d6e33b411dc1f4e3f1e894a5a5d9ce0f96738d,0x000000000000000000000000000000000000000000000000000000000000000b,0x00000000000000000000000000000000000000000000000068740000aff6010a,0x00000000000000000000000000000000000000000000000068740000aff6010a,true
solc-0.8.36-develop.2026.5.7,solc-0.8.36-develop.2026.5.7,0xfe89fd96f270ac3c0f11921af0390dbb1340f704,via-ir-low-runs,aavev4hub-borrow,0x96d6e33b411dc1f4e3f1e894a5a5d9ce0f96738d,0x640788b4657adc9baab4d87795a285ed6641e8921b9e8b0d43291044e7d50fd8,0x69fce12f69fce11b00000000000000000000000000000000000000003b227057,0x69fce12f69fce11b00000000000000000000000000000000000000003b227057,true
solc-0.8.36-develop.2026.5.7,solc-0.8.36-develop.2026.5.7,0xfe89fd96f270ac3c0f11921af0390dbb1340f704,via-ir-low-runs,aavev4hub-borrow,0x96d6e33b411dc1f4e3f1e894a5a5d9ce0f96738d,0xda586c5b227182720bd292f4bdeaa8b91fcc9f8cd93702354ce522a8ee2ac659,0x0000000000000000000000000000000000000000000000000000000000000001,0x0000000000000000000000000000000000000000000000000000000000000001,true
solc-0.8.36-develop.2026.5.7,solc-0.8.36-develop.2026.5.7,0xfe89fd96f270ac3c0f11921af0390dbb1340f704,via-ir-low-runs,aavev4hub-borrow,0x99b2b6cea9c3d2fd8f4d90f86741c44b212a6127,0x8f331abe73332f95a25873e8b430885974c0409691f89d643119a11623a7924a,0x0000000000000000000000002c1d072e956affc0d435cb7ac38ef18d24d9127c,0x0000000000000000000000002c1d072e956affc0d435cb7ac38ef18d24d9127c,true
solc-0.8.36-develop.2026.5.7,solc-0.8.36-develop.2026.5.7,0xfe89fd96f270ac3c0f11921af0390dbb1340f704,via-ir-low-runs,aavev4hub-borrow,0x99b2b6cea9c3d2fd8f4d90f86741c44b212a6127,0xdc686ec4a0ff239c70e7c7c36e8f853eced3bc8618f48d2b816da2a74311237e,0x000000000000000000000000581b8bc9d6104f71ad6da1f483b67500968c5994,0x000000000000000000000000581b8bc9d6104f71ad6da1f483b67500968c5994,true
solc-0.8.36-develop.2026.5.7,solc-0.8.36-develop.2026.5.7,0xfe89fd96f270ac3c0f11921af0390dbb1340f704,via-ir-low-runs,aavev4hub-borrow,0xa0b86991c6218b36c1d19d4a2e9eb0ce3606eb48,0x0000000000000000000000000000000000000000000000000000000000000001,0x0000000000000000000000004914f61d25e5c567143774b76edbf4d5109a8566,0x0000000000000000000000004914f61d25e5c567143774b76edbf4d5109a8566,true
solc-0.8.36-develop.2026.5.7,solc-0.8.36-develop.2026.5.7,0xfe89fd96f270ac3c0f11921af0390dbb1340f704,via-ir-low-runs,aavev4hub-borrow,0xa0b86991c6218b36c1d19d4a2e9eb0ce3606eb48,0x10d6a54a4754c8869d6886b5f5d7fbfa5b4522237ea5c60d11bc4e7a1ff9390b,0x000000000000000000000000807a96288a1a408dbc13de2b1d087d10356395d2,0x000000000000000000000000807a96288a1a408dbc13de2b1d087d10356395d2,true
solc-0.8.36-develop.2026.5.7,solc-0.8.36-develop.2026.5.7,0xfe89fd96f270ac3c0f11921af0390dbb1340f704,via-ir-low-runs,aavev4hub-borrow,0xa0b86991c6218b36c1d19d4a2e9eb0ce3606eb48,0x7050c9e0f4ca769c69bd3a8ef740bc37934f8e2c036e5a723fd8ee048ed3f8c3,0x00000000000000000000000043506849d7c04f9138d1a2050bbf3a0c054402dd,0x00000000000000000000000043506849d7c04f9138d1a2050bbf3a0c054402dd,true
solc-0.8.36-develop.2026.5.7,solc-0.8.36-develop.2026.5.7,0xfe89fd96f270ac3c0f11921af0390dbb1340f704,via-ir-low-runs,aavev4hub-borrow,0xa0b86991c6218b36c1d19d4a2e9eb0ce3606eb48,0x92695585ccac2945ae3019c9b19a754e0402979b3f8c29928db1909b6aa9f1eb,0x00000000000000000000000000000000000000000000000000000025ff265da8,0x00000000000000000000000000000000000000000000000000000025ff265da8,true
solc-0.8.36-develop.2026.5.7,solc-0.8.36-develop.2026.5.7,0xfe89fd96f270ac3c0f11921af0390dbb1340f704,via-ir-low-runs,aavev4hub-borrow,0xa0b86991c6218b36c1d19d4a2e9eb0ce3606eb48,0xb441100fe50211b58a5ab406babfb303c469dd2b384ff23bfb61616d2989da92,0x00000000000000000000000000000000000000000000000000000006fc23ae58,0x00000000000000000000000000000000000000000000000000000006fc23ae58,true
solc-0.8.36-develop.2026.5.7,solc-0.8.36-develop.2026.5.7,0xfe89fd96f270ac3c0f11921af0390dbb1340f704,via-ir-low-runs,aavev4hub-borrow,0xad88791b0f81d1fa242f637eb05bee0cbc53fe2f,0x2b232c97452f0950c94e2539fdc7e69d21166113cf7a9bcb99b220a3fe5d720a,0x000000000000000000000000000000000000000007d0000001900000000023f0,0x000000000000000000000000000000000000000007d0000001900000000023f0,true
solc-0.8.36-develop.2026.5.7,solc-0.8.36-develop.2026.5.7,0xfe89fd96f270ac3c0f11921af0390dbb1340f704,via-ir-low-runs,aavev4hub-borrow,0xc9e1a09622afdb659913fefe800feae5dbbfe9d7,0x000000000000000000000000000000000000000000000000000000000000000b,0x00000000000000000000000000000000000000000000000003a40001ff190405,0x00000000000000000000000000000000000000000000000003a40001ff190405,true
solc-0.8.36-develop.2026.5.7,solc-0.8.36-develop.2026.5.7,0xfe89fd96f270ac3c0f11921af0390dbb1340f704,via-ir-low-runs,aavev4hub-borrow,0xc9e1a09622afdb659913fefe800feae5dbbfe9d7,0xee57703936e11cb83ff18ce2a0656a9dda182fc8ee76e6bf18bd3333ccd3ffd3,0x69fc469769fc4688000000000000000000000000000000000000000005f5a280,0x69fc469769fc4688000000000000000000000000000000000000000005f5a280,true
solc-0.8.36-develop.2026.5.7,solc-0.8.36-develop.2026.5.7,0xfe89fd96f270ac3c0f11921af0390dbb1340f704,via-ir-low-runs,aavev4hub-borrow,0xc9e1a09622afdb659913fefe800feae5dbbfe9d7,0xf8ad5150ff7987f0464cd848559b538152a0a36ed83b24aa0c11a5e92599ffd7,0x0000000000000000000000000000000000000000000000000000000000000001,0x0000000000000000000000000000000000000000000000000000000000000001,true
solc-0.8.36-develop.2026.5.7,solc-0.8.36-develop.2026.5.7,0xfe89fd96f270ac3c0f11921af0390dbb1340f704,via-ir-low-runs,aavev4hub-borrow,0xcca852bc40e560adc3b1cc58ca5b55638ce826c9,0x360894a13ba1a3210667c828492db98dca3e2076cc3735a920a3ca505d382bbc,0x000000000000000000000000fe89fd96f270ac3c0f11921af0390dbb1340f704,0x000000000000000000000000fe89fd96f270ac3c0f11921af0390dbb1340f704,true
solc-0.8.36-develop.2026.5.7,solc-0.8.36-develop.2026.5.7,0xfe89fd96f270ac3c0f11921af0390dbb1340f704,via-ir-low-runs,aavev4hub-borrow,0xcca852bc40e560adc3b1cc58ca5b55638ce826c9,0x755311b9e2cee471a91b161ccc5deed933d844b5af2b885543cc3c04eb640983,0x001200000000000000000000000000000000000000001241c133ed379d5f9b19,0x001200000000000000000000000000000000000000001241c133ed379d5f9b19,true
solc-0.8.36-develop.2026.5.7,solc-0.8.36-develop.2026.5.7,0xfe89fd96f270ac3c0f11921af0390dbb1340f704,via-ir-low-runs,aavev4hub-borrow,0xcca852bc40e560adc3b1cc58ca5b55638ce826c9,0x755311b9e2cee471a91b161ccc5deed933d844b5af2b885543cc3c04eb640984,0x000000000000000000000000000000000000000000001241c133ed379d5f9b19,0x000000000000000000000000000000000000000000001241c133ed379d5f9b19,true
solc-0.8.36-develop.2026.5.7,solc-0.8.36-develop.2026.5.7,0xfe89fd96f270ac3c0f11921af0390dbb1340f704,via-ir-low-runs,aavev4hub-borrow,0xcca852bc40e560adc3b1cc58ca5b55638ce826c9,0x755311b9e2cee471a91b161ccc5deed933d844b5af2b885543cc3c04eb640985,0x0000000000000000000000000000000000000000000000000000000000000000,0x0000000000000000000000000000000000000000000000000000000000000000,true
solc-0.8.36-develop.2026.5.7,solc-0.8.36-develop.2026.5.7,0xfe89fd96f270ac3c0f11921af0390dbb1340f704,via-ir-low-runs,aavev4hub-borrow,0xcca852bc40e560adc3b1cc58ca5b55638ce826c9,0x755311b9e2cee471a91b161ccc5deed933d844b5af2b885543cc3c04eb640986,0x0000000000000000000000000000000000000000000000000000000000000000,0x0000000000000000000000000000000000000000000000000000000000000000,true
solc-0.8.36-develop.2026.5.7,solc-0.8.36-develop.2026.5.7,0xfe89fd96f270ac3c0f11921af0390dbb1340f704,via-ir-low-runs,aavev4hub-borrow,0xcca852bc40e560adc3b1cc58ca5b55638ce826c9,0x755311b9e2cee471a91b161ccc5deed933d844b5af2b885543cc3c04eb640987,0x0069fce55b000000000000000000000000000000033b2e3c9fd0803ce8000000,0x0069fce55b000000000000000000000000000000033b2e3c9fd0803ce8000000,true
solc-0.8.36-develop.2026.5.7,solc-0.8.36-develop.2026.5.7,0xfe89fd96f270ac3c0f11921af0390dbb1340f704,via-ir-low-runs,aavev4hub-borrow,0xcca852bc40e560adc3b1cc58ca5b55638ce826c9,0x755311b9e2cee471a91b161ccc5deed933d844b5af2b885543cc3c04eb64098c,0x0000000000000000000000000000000000000000000000000000000000000000,0x0000000000000000000000000000000000000000000000000000000000000000,true
solc-0.8.36-develop.2026.5.7,solc-0.8.36-develop.2026.5.7,0xfe89fd96f270ac3c0f11921af0390dbb1340f704,via-ir-low-runs,aavev4hub-borrow,0xcca852bc40e560adc3b1cc58ca5b55638ce826c9,0xb98d39dd7f8c58a7de07a240db1814ab05b9c6c8912d8daaf2ff31c413f37c51,0x0000000000000000000000000000000000000000000000000000020f9289247d,0x0000000000000000000000000000000000000000000000000000020f9289247d,true
solc-0.8.36-develop.2026.5.7,solc-0.8.36-develop.2026.5.7,0xfe89fd96f270ac3c0f11921af0390dbb1340f704,via-ir-low-runs,aavev4hub-borrow,0xcca852bc40e560adc3b1cc58ca5b55638ce826c9,0xb98d39dd7f8c58a7de07a240db1814ab05b9c6c8912d8daaf2ff31c413f37c52,0x0000000000000000000000000000000000000000000000000000000000000000,0x0000000000000000000000000000000000000000000000000000000000000000,true
solc-0.8.36-develop.2026.5.7,solc-0.8.36-develop.2026.5.7,0xfe89fd96f270ac3c0f11921af0390dbb1340f704,via-ir-low-runs,aavev4hub-borrow,0xcca852bc40e560adc3b1cc58ca5b55638ce826c9,0xb98d39dd7f8c58a7de07a240db1814ab05b9c6c8912d8daaf2ff31c413f37c53,0x0000000100000000005b8d8000005b8d800000000000000000000226fdb34d8e,0x0000000100000000005b8d8000005b8d800000000000000000000226fdb34d8e,true
solc-0.8.36-develop.2026.5.7,solc-0.8.36-develop.2026.5.7,0xfe89fd96f270ac3c0f11921af0390dbb1340f704,via-ir-low-runs,aavev4hub-borrow,0xcca852bc40e560adc3b1cc58ca5b55638ce826c9,0xb98d39dd7f8c58a7de07a240db1814ab05b9c6c8912d8daaf2ff31c413f37c54,0x0000000000000000000000000000000000000000000000000000000000000000,0x0000000000000000000000000000000000000000000000000000000000000000,true
solc-0.8.36-develop.2026.5.7,solc-0.8.36-develop.2026.5.7,0xfe89fd96f270ac3c0f11921af0390dbb1340f704,via-ir-low-runs,aavev4hub-borrow,0xcca852bc40e560adc3b1cc58ca5b55638ce826c9,0xe2689cd4a84e23ad2f564004f1c9013e9589d260bde6380aba3ca7e09e4df40c,0x0006000000000000000000000028331b640000000000000000000025ff265c6d,0x0006000000000000000000000028331b640000000000000000000025ff265c6d,true
solc-0.8.36-develop.2026.5.7,solc-0.8.36-develop.2026.5.7,0xfe89fd96f270ac3c0f11921af0390dbb1340f704,via-ir-low-runs,aavev4hub-borrow,0xcca852bc40e560adc3b1cc58ca5b55638ce826c9,0xe2689cd4a84e23ad2f564004f1c9013e9589d260bde6380aba3ca7e09e4df40d,0x00000000000000000000000000000000000000000000000000000260fb379a9f,0x00000000000000000000000000000000000000000000000000000260fb379a9f,true
solc-0.8.36-develop.2026.5.7,solc-0.8.36-develop.2026.5.7,0xfe89fd96f270ac3c0f11921af0390dbb1340f704,via-ir-low-runs,aavev4hub-borrow,0xcca852bc40e560adc3b1cc58ca5b55638ce826c9,0xe2689cd4a84e23ad2f564004f1c9013e9589d260bde6380aba3ca7e09e4df40e,0x0000000000000000000000000000000000000000000000000000000000000000,0x0000000000000000000000000000000000000000000000000000000000000000,true
solc-0.8.36-develop.2026.5.7,solc-0.8.36-develop.2026.5.7,0xfe89fd96f270ac3c0f11921af0390dbb1340f704,via-ir-low-runs,aavev4hub-borrow,0xcca852bc40e560adc3b1cc58ca5b55638ce826c9,0xe2689cd4a84e23ad2f564004f1c9013e9589d260bde6380aba3ca7e09e4df40f,0x03e8000000000000000000000000000000000000000000000000023a9f504f7a,0x03e8000000000000000000000000000000000000000000000000023a9f504f7a,true
solc-0.8.36-develop.2026.5.7,solc-0.8.36-develop.2026.5.7,0xfe89fd96f270ac3c0f11921af0390dbb1340f704,via-ir-low-runs,aavev4hub-borrow,0xcca852bc40e560adc3b1cc58ca5b55638ce826c9,0xe2689cd4a84e23ad2f564004f1c9013e9589d260bde6380aba3ca7e09e4df410,0x0069fce6cf0045ea81970c084d94cdb49b000000033e96f01e6c78ab999f17dd,0x0069fce6cf0045ea81970c084d94cdb49b000000033e96f01e6c78ab999f17dd,true
solc-0.8.36-develop.2026.5.7,solc-0.8.36-develop.2026.5.7,0xfe89fd96f270ac3c0f11921af0390dbb1340f704,via-ir-low-runs,aavev4hub-borrow,0xcca852bc40e560adc3b1cc58ca5b55638ce826c9,0xe2689cd4a84e23ad2f564004f1c9013e9589d260bde6380aba3ca7e09e4df411,0x000000000000000000000000a0b86991c6218b36c1d19d4a2e9eb0ce3606eb48,0x000000000000000000000000a0b86991c6218b36c1d19d4a2e9eb0ce3606eb48,true
solc-0.8.36-develop.2026.5.7,solc-0.8.36-develop.2026.5.7,0xfe89fd96f270ac3c0f11921af0390dbb1340f704,via-ir-low-runs,aavev4hub-borrow,0xcca852bc40e560adc3b1cc58ca5b55638ce826c9,0xe2689cd4a84e23ad2f564004f1c9013e9589d260bde6380aba3ca7e09e4df412,0x000000000000000000000000ad88791b0f81d1fa242f637eb05bee0cbc53fe2f,0x000000000000000000000000ad88791b0f81d1fa242f637eb05bee0cbc53fe2f,true
solc-0.8.36-develop.2026.5.7,solc-0.8.36-develop.2026.5.7,0xfe89fd96f270ac3c0f11921af0390dbb1340f704,via-ir-low-runs,aavev4hub-borrow,0xcca852bc40e560adc3b1cc58ca5b55638ce826c9,0xe2689cd4a84e23ad2f564004f1c9013e9589d260bde6380aba3ca7e09e4df415,0x0000000000000000000000000000000000000000000000000000000000000000,0x0000000000000000000000000000000000000000000000000000000000000000,true
solc-0.8.36-develop.2026.5.7,solc-0.8.36-develop.2026.5.7,0xfe89fd96f270ac3c0f11921af0390dbb1340f704,via-ir-low-runs,aavev4hub-repay,0x65407b940966954b23dfa3caa5c0702bb42984dc,0x34feb403857d4bd24516bc55fd629454fb07ab79bf97e76619cddfa97f711514,0x0000000000000000000000000000000000000000000000000000000000000000,0x0000000000000000000000000000000000000000000000000000000000000000,true
solc-0.8.36-develop.2026.5.7,solc-0.8.36-develop.2026.5.7,0xfe89fd96f270ac3c0f11921af0390dbb1340f704,via-ir-low-runs,aavev4hub-repay,0x65407b940966954b23dfa3caa5c0702bb42984dc,0x360894a13ba1a3210667c828492db98dca3e2076cc3735a920a3ca505d382bbc,0x00000000000000000000000070ed94a65df287dc54184963d7a9edc83dd34223,0x00000000000000000000000070ed94a65df287dc54184963d7a9edc83dd34223,true
solc-0.8.36-develop.2026.5.7,solc-0.8.36-develop.2026.5.7,0xfe89fd96f270ac3c0f11921af0390dbb1340f704,via-ir-low-runs,aavev4hub-repay,0x65407b940966954b23dfa3caa5c0702bb42984dc,0x3f564729ae51a8fccae3c814006b6fbcf6458a800032ad37470e985541986a5e,0x0000000000000000000000000000000000000000000000000000000000000000,0x0000000000000000000000000000000000000000000000000000000000000000,true
solc-0.8.36-develop.2026.5.7,solc-0.8.36-develop.2026.5.7,0xfe89fd96f270ac3c0f11921af0390dbb1340f704,via-ir-low-runs,aavev4hub-repay,0x65407b940966954b23dfa3caa5c0702bb42984dc,0x3f564729ae51a8fccae3c814006b6fbcf6458a800032ad37470e985541986a5f,0x0000000000000000000000000000000000000000000000000000000000000000,0x0000000000000000000000000000000000000000000000000000000000000000,true
solc-0.8.36-develop.2026.5.7,solc-0.8.36-develop.2026.5.7,0xfe89fd96f270ac3c0f11921af0390dbb1340f704,via-ir-low-runs,aavev4hub-repay,0x65407b940966954b23dfa3caa5c0702bb42984dc,0xacd8ef244210bb6898e73c48bf820ed8ecc857a3bab8d79c10e4fa92b1e9ca65,0x000000000000000000000000dac17f958d2ee523a2206206994597c13d831ec7,0x000000000000000000000000dac17f958d2ee523a2206206994597c13d831ec7,true
solc-0.8.36-develop.2026.5.7,solc-0.8.36-develop.2026.5.7,0xfe89fd96f270ac3c0f11921af0390dbb1340f704,via-ir-low-runs,aavev4hub-repay,0x65407b940966954b23dfa3caa5c0702bb42984dc,0xacd8ef244210bb6898e73c48bf820ed8ecc857a3bab8d79c10e4fa92b1e9ca66,0x00000000000c000000060004cca852bc40e560adc3b1cc58ca5b55638ce826c9,0x00000000000c000000060004cca852bc40e560adc3b1cc58ca5b55638ce826c9,true
solc-0.8.36-develop.2026.5.7,solc-0.8.36-develop.2026.5.7,0xfe89fd96f270ac3c0f11921af0390dbb1340f704,via-ir-low-runs,aavev4hub-repay,0x65407b940966954b23dfa3caa5c0702bb42984dc,0xf4f75388d1069e4e30c21ff369fde7194e942d194ea70085a3138398c769bb62,0x0000000000000000000000000000000000000000000000000000000000000002,0x0000000000000000000000000000000000000000000000000000000000000002,true
solc-0.8.36-develop.2026.5.7,solc-0.8.36-develop.2026.5.7,0xfe89fd96f270ac3c0f11921af0390dbb1340f704,via-ir-low-runs,aavev4hub-repay,0xad88791b0f81d1fa242f637eb05bee0cbc53fe2f,0x52d75039926638d3c558b2bdefb945d5be8dae29dedd1c313212a4d472d9fde5,0x000000000000000000000000000000000000000007d0000001900000000023f0,0x000000000000000000000000000000000000000007d0000001900000000023f0,true
solc-0.8.36-develop.2026.5.7,solc-0.8.36-develop.2026.5.7,0xfe89fd96f270ac3c0f11921af0390dbb1340f704,via-ir-low-runs,aavev4hub-repay,0xcca852bc40e560adc3b1cc58ca5b55638ce826c9,0x360894a13ba1a3210667c828492db98dca3e2076cc3735a920a3ca505d382bbc,0x000000000000000000000000fe89fd96f270ac3c0f11921af0390dbb1340f704,0x000000000000000000000000fe89fd96f270ac3c0f11921af0390dbb1340f704,true
solc-0.8.36-develop.2026.5.7,solc-0.8.36-develop.2026.5.7,0xfe89fd96f270ac3c0f11921af0390dbb1340f704,via-ir-low-runs,aavev4hub-repay,0xcca852bc40e560adc3b1cc58ca5b55638ce826c9,0x3ecc32a16dd883599cd1f3781d816cd0dfa0bbefd4999b54c60caa6f4647aacd,0x00000000000000000000000000000000000000000000000000000017833c540f,0x00000000000000000000000000000000000000000000000000000017833c540f,true
solc-0.8.36-develop.2026.5.7,solc-0.8.36-develop.2026.5.7,0xfe89fd96f270ac3c0f11921af0390dbb1340f704,via-ir-low-runs,aavev4hub-repay,0xcca852bc40e560adc3b1cc58ca5b55638ce826c9,0x3ecc32a16dd883599cd1f3781d816cd0dfa0bbefd4999b54c60caa6f4647aace,0x0000000000000000000000000000000000000000000000000000000000000000,0x0000000000000000000000000000000000000000000000000000000000000000,true
solc-0.8.36-develop.2026.5.7,solc-0.8.36-develop.2026.5.7,0xfe89fd96f270ac3c0f11921af0390dbb1340f704,via-ir-low-runs,aavev4hub-repay,0xcca852bc40e560adc3b1cc58ca5b55638ce826c9,0x3ecc32a16dd883599cd1f3781d816cd0dfa0bbefd4999b54c60caa6f4647aacf,0x000000010000000000030d400000000000000000000000000000000000000000,0x000000010000000000030d400000000000000000000000000000000000000000,true
solc-0.8.36-develop.2026.5.7,solc-0.8.36-develop.2026.5.7,0xfe89fd96f270ac3c0f11921af0390dbb1340f704,via-ir-low-runs,aavev4hub-repay,0xcca852bc40e560adc3b1cc58ca5b55638ce826c9,0xedc95719e9a3b28dd8e80877cb5880a9be7de1a13fc8b05e7999683b6b567643,0x0006000000000000000000000016f9b218000000000000000000003ae57ed1ec,0x0006000000000000000000000016f9b218000000000000000000003ae57ed1ec,true
solc-0.8.36-develop.2026.5.7,solc-0.8.36-develop.2026.5.7,0xfe89fd96f270ac3c0f11921af0390dbb1340f704,via-ir-low-runs,aavev4hub-repay,0xcca852bc40e560adc3b1cc58ca5b55638ce826c9,0xedc95719e9a3b28dd8e80877cb5880a9be7de1a13fc8b05e7999683b6b567644,0x00000000000000000000000000000000000000000000000000000222395497fe,0x00000000000000000000000000000000000000000000000000000222395497fe,true
solc-0.8.36-develop.2026.5.7,solc-0.8.36-develop.2026.5.7,0xfe89fd96f270ac3c0f11921af0390dbb1340f704,via-ir-low-runs,aavev4hub-repay,0xcca852bc40e560adc3b1cc58ca5b55638ce826c9,0xedc95719e9a3b28dd8e80877cb5880a9be7de1a13fc8b05e7999683b6b567645,0x0000000000000000000000000000000000000000000000000000000000000000,0x0000000000000000000000000000000000000000000000000000000000000000,true
solc-0.8.36-develop.2026.5.7,solc-0.8.36-develop.2026.5.7,0xfe89fd96f270ac3c0f11921af0390dbb1340f704,via-ir-low-runs,aavev4hub-repay,0xcca852bc40e560adc3b1cc58ca5b55638ce826c9,0xedc95719e9a3b28dd8e80877cb5880a9be7de1a13fc8b05e7999683b6b567646,0x03e800000000000000000000000000000000000000000000000001e6ff7d6c7f,0x03e800000000000000000000000000000000000000000000000001e6ff7d6c7f,true
solc-0.8.36-develop.2026.5.7,solc-0.8.36-develop.2026.5.7,0xfe89fd96f270ac3c0f11921af0390dbb1340f704,via-ir-low-runs,aavev4hub-repay,0xcca852bc40e560adc3b1cc58ca5b55638ce826c9,0xedc95719e9a3b28dd8e80877cb5880a9be7de1a13fc8b05e7999683b6b567647,0x0069fcdd930020191cceb19fadb96b553e000000033e8459528d1f270df1d41b,0x0069fcdd930020191cceb19fadb96b553e000000033e8459528d1f270df1d41b,true
solc-0.8.36-develop.2026.5.7,solc-0.8.36-develop.2026.5.7,0xfe89fd96f270ac3c0f11921af0390dbb1340f704,via-ir-low-runs,aavev4hub-repay,0xcca852bc40e560adc3b1cc58ca5b55638ce826c9,0xedc95719e9a3b28dd8e80877cb5880a9be7de1a13fc8b05e7999683b6b567648,0x000000000000000000000000dac17f958d2ee523a2206206994597c13d831ec7,0x000000000000000000000000dac17f958d2ee523a2206206994597c13d831ec7,true
solc-0.8.36-develop.2026.5.7,solc-0.8.36-develop.2026.5.7,0xfe89fd96f270ac3c0f11921af0390dbb1340f704,via-ir-low-runs,aavev4hub-repay,0xcca852bc40e560adc3b1cc58ca5b55638ce826c9,0xedc95719e9a3b28dd8e80877cb5880a9be7de1a13fc8b05e7999683b6b567649,0x000000000000000000000000ad88791b0f81d1fa242f637eb05bee0cbc53fe2f,0x000000000000000000000000ad88791b0f81d1fa242f637eb05bee0cbc53fe2f,true
solc-0.8.36-develop.2026.5.7,solc-0.8.36-develop.2026.5.7,0xfe89fd96f270ac3c0f11921af0390dbb1340f704,via-ir-low-runs,aavev4hub-repay,0xcca852bc40e560adc3b1cc58ca5b55638ce826c9,0xedc95719e9a3b28dd8e80877cb5880a9be7de1a13fc8b05e7999683b6b56764c,0x0000000000000000000000000000000000000000000000000000000000000000,0x0000000000000000000000000000000000000000000000000000000000000000,true
solc-0.8.36-develop.2026.5.7,solc-0.8.36-develop.2026.5.7,0xfe89fd96f270ac3c0f11921af0390dbb1340f704,via-ir-low-runs,aavev4hub-repay,0xdac17f958d2ee523a2206206994597c13d831ec7,0x0000000000000000000000000000000000000000000000000000000000000000,0x000000000000000000000000c6cde7c39eb2f0f0095f41570af89efc2c1ea828,0x000000000000000000000000c6cde7c39eb2f0f0095f41570af89efc2c1ea828,true
solc-0.8.36-develop.2026.5.7,solc-0.8.36-develop.2026.5.7,0xfe89fd96f270ac3c0f11921af0390dbb1340f704,via-ir-low-runs,aavev4hub-repay,0xdac17f958d2ee523a2206206994597c13d831ec7,0x0000000000000000000000000000000000000000000000000000000000000003,0x0000000000000000000000000000000000000000000000000000000000000000,0x0000000000000000000000000000000000000000000000000000000000000000,true
solc-0.8.36-develop.2026.5.7,solc-0.8.36-develop.2026.5.7,0xfe89fd96f270ac3c0f11921af0390dbb1340f704,via-ir-low-runs,aavev4hub-repay,0xdac17f958d2ee523a2206206994597c13d831ec7,0x0000000000000000000000000000000000000000000000000000000000000004,0x0000000000000000000000000000000000000000000000000000000000000000,0x0000000000000000000000000000000000000000000000000000000000000000,true
solc-0.8.36-develop.2026.5.7,solc-0.8.36-develop.2026.5.7,0xfe89fd96f270ac3c0f11921af0390dbb1340f704,via-ir-low-runs,aavev4hub-repay,0xdac17f958d2ee523a2206206994597c13d831ec7,0x000000000000000000000000000000000000000000000000000000000000000a,0x0000000000000000000000000000000000000000000000000000000000000000,0x0000000000000000000000000000000000000000000000000000000000000000,true
solc-0.8.36-develop.2026.5.7,solc-0.8.36-develop.2026.5.7,0xfe89fd96f270ac3c0f11921af0390dbb1340f704,via-ir-low-runs,aavev4hub-repay,0xdac17f958d2ee523a2206206994597c13d831ec7,0x04ae87eb4537faa6b1caeeb08231c692f777967021ee0b73a69a11e4e401d756,0x0000000000000000000000000000000000000000000000000000000000476b92,0x0000000000000000000000000000000000000000000000000000000000476b92,true
solc-0.8.36-develop.2026.5.7,solc-0.8.36-develop.2026.5.7,0xfe89fd96f270ac3c0f11921af0390dbb1340f704,via-ir-low-runs,aavev4hub-repay,0xdac17f958d2ee523a2206206994597c13d831ec7,0x060a0caf14c4bb275a1a36702be067ac92c6d32d1f5ee4d12adf995a90bb4d96,0x0000000000000000000000000000000000000000000000000000000000476b92,0x0000000000000000000000000000000000000000000000000000000000476b92,true
solc-0.8.36-develop.2026.5.7,solc-0.8.36-develop.2026.5.7,0xfe89fd96f270ac3c0f11921af0390dbb1340f704,via-ir-low-runs,aavev4hub-repay,0xdac17f958d2ee523a2206206994597c13d831ec7,0x49f1d466fcbc6a83306d99a65fee793ab8f0cf6214c04f5c0e6f487c0bc653e7,0x0000000000000000000000000000000000000000000000000000000000000000,0x0000000000000000000000000000000000000000000000000000000000000000,true
solc-0.8.36-develop.2026.5.7,solc-0.8.36-develop.2026.5.7,0xfe89fd96f270ac3c0f11921af0390dbb1340f704,via-ir-low-runs,aavev4hub-repay,0xdac17f958d2ee523a2206206994597c13d831ec7,0xea785d0fd2ab5d7b012123d7e15402e754ea63714145e76813b516e4d49462a9,0x0000000000000000000000000000000000000000000000000000003ae57ed1ec,0x0000000000000000000000000000000000000000000000000000003ae57ed1ec,true
